library,scheme,N,category,scenario,operation,batch_size,metric,mean,std,ci_low,ci_high,median,iqr_low,iqr_high,flag
SEAL,BFV,2048,1,edge_batch,keygen,1,latency_ms,21.892692,0.655250535581466,21.76267607797632,22.02270792202368,21.97015,21.722575,22.340424999999996,
SEAL,BFV,2048,1,edge_batch,keygen,1,energy_pkg_j_per_op,0.48069631428571424,,,,,,,n=1_invocation_not_repeated
SEAL,BFV,2048,1,edge_batch,keygen,1,peak_memory_mb,5.21875,,,,,,,n=1_invocation_not_repeated
SEAL,BFV,2048,1,edge_batch,keygen,1,keygen_amortized_ms,21.892692,,,,,,,derived_not_measured
SEAL,BFV,2048,1,edge_batch,keygen,10,keygen_amortized_ms,2.1892692,,,,,,,derived_not_measured
SEAL,BFV,2048,1,edge_batch,keygen,100,keygen_amortized_ms,0.21892692,,,,,,,derived_not_measured
SEAL,BFV,2048,3,edge_batch,keygen,1,latency_ms,14.42804,0.5931092467546417,14.310354257844677,14.545725742155321,14.576799999999999,14.1573,14.756925000000003,
SEAL,BFV,2048,3,edge_batch,keygen,1,energy_pkg_j_per_op,0.38433173333333337,,,,,,,n=1_invocation_not_repeated
SEAL,BFV,2048,3,edge_batch,keygen,1,peak_memory_mb,5.10546875,,,,,,,n=1_invocation_not_repeated
SEAL,BFV,2048,3,edge_batch,keygen,1,keygen_amortized_ms,14.42804,,,,,,,derived_not_measured
SEAL,BFV,2048,3,edge_batch,keygen,10,keygen_amortized_ms,1.442804,,,,,,,derived_not_measured
SEAL,BFV,2048,3,edge_batch,keygen,100,keygen_amortized_ms,0.1442804,,,,,,,derived_not_measured
SEAL,BFV,2048,5,edge_batch,keygen,1,latency_ms,10.2748717,0.4520652957218356,10.185172137700482,10.364571262299519,10.3515,10.168975,10.5107,
SEAL,BFV,2048,5,edge_batch,keygen,1,energy_pkg_j_per_op,0.3071567714285714,,,,,,,n=1_invocation_not_repeated
SEAL,BFV,2048,5,edge_batch,keygen,1,peak_memory_mb,4.69921875,,,,,,,n=1_invocation_not_repeated
SEAL,BFV,2048,5,edge_batch,keygen,1,keygen_amortized_ms,10.2748717,,,,,,,derived_not_measured
SEAL,BFV,2048,5,edge_batch,keygen,10,keygen_amortized_ms,1.0274871700000001,,,,,,,derived_not_measured
SEAL,BFV,2048,5,edge_batch,keygen,100,keygen_amortized_ms,0.102748717,,,,,,,derived_not_measured
SEAL,BFV,4096,1,edge_batch,keygen,1,latency_ms,41.47892,0.8570871496062706,41.30885531487644,41.648984685123565,41.44395,40.999225,42.136575,
SEAL,BFV,4096,1,edge_batch,keygen,1,energy_pkg_j_per_op,1.1077619047619047,,,,,,,n=1_invocation_not_repeated
SEAL,BFV,4096,1,edge_batch,keygen,1,peak_memory_mb,8.15625,,,,,,,n=1_invocation_not_repeated
SEAL,BFV,4096,1,edge_batch,keygen,1,keygen_amortized_ms,41.47892,,,,,,,derived_not_measured
SEAL,BFV,4096,1,edge_batch,keygen,10,keygen_amortized_ms,4.147892000000001,,,,,,,derived_not_measured
SEAL,BFV,4096,1,edge_batch,keygen,100,keygen_amortized_ms,0.4147892,,,,,,,derived_not_measured
SEAL,BFV,4096,3,edge_batch,keygen,1,latency_ms,24.514633,0.7305793903934579,24.369670198910164,24.659595801089836,24.71145,24.2264,25.0285,
SEAL,BFV,4096,3,edge_batch,keygen,1,energy_pkg_j_per_op,0.5956285809523809,,,,,,,n=1_invocation_not_repeated
SEAL,BFV,4096,3,edge_batch,keygen,1,peak_memory_mb,6.09375,,,,,,,n=1_invocation_not_repeated
SEAL,BFV,4096,3,edge_batch,keygen,1,keygen_amortized_ms,24.514633,,,,,,,derived_not_measured
SEAL,BFV,4096,3,edge_batch,keygen,10,keygen_amortized_ms,2.4514633,,,,,,,derived_not_measured
SEAL,BFV,4096,3,edge_batch,keygen,100,keygen_amortized_ms,0.24514633,,,,,,,derived_not_measured
SEAL,BFV,4096,5,edge_batch,keygen,1,latency_ms,22.419979,0.858924312030443,22.249549781993952,22.59040821800605,22.398249999999997,21.948949999999996,22.974125,
SEAL,BFV,4096,5,edge_batch,keygen,1,energy_pkg_j_per_op,0.6759660190476191,,,,,,,n=1_invocation_not_repeated
SEAL,BFV,4096,5,edge_batch,keygen,1,peak_memory_mb,6.2109375,,,,,,,n=1_invocation_not_repeated
SEAL,BFV,4096,5,edge_batch,keygen,1,keygen_amortized_ms,22.419979,,,,,,,derived_not_measured
SEAL,BFV,4096,5,edge_batch,keygen,10,keygen_amortized_ms,2.2419979000000003,,,,,,,derived_not_measured
SEAL,BFV,4096,5,edge_batch,keygen,100,keygen_amortized_ms,0.22419979,,,,,,,derived_not_measured
SEAL,BFV,8192,1,edge_batch,keygen,1,latency_ms,65.294729,1.2485443417808308,65.04699071522312,65.54246728477689,65.45660000000001,64.222275,66.264475,
SEAL,BFV,8192,1,edge_batch,keygen,1,energy_pkg_j_per_op,1.395293238095238,,,,,,,n=1_invocation_not_repeated
SEAL,BFV,8192,1,edge_batch,keygen,1,peak_memory_mb,16.64453125,,,,,,,n=1_invocation_not_repeated
SEAL,BFV,8192,1,edge_batch,keygen,1,keygen_amortized_ms,65.294729,,,,,,,derived_not_measured
SEAL,BFV,8192,1,edge_batch,keygen,10,keygen_amortized_ms,6.5294729,,,,,,,derived_not_measured
SEAL,BFV,8192,1,edge_batch,keygen,100,keygen_amortized_ms,0.6529472900000001,,,,,,,derived_not_measured
SEAL,BFV,8192,3,edge_batch,keygen,1,latency_ms,44.97505,0.8438411552256294,44.80761360753551,45.1424863924645,45.2792,44.50155,45.526875000000004,
SEAL,BFV,8192,3,edge_batch,keygen,1,energy_pkg_j_per_op,1.0345101333333333,,,,,,,n=1_invocation_not_repeated
SEAL,BFV,8192,3,edge_batch,keygen,1,peak_memory_mb,12.2265625,,,,,,,n=1_invocation_not_repeated
SEAL,BFV,8192,3,edge_batch,keygen,1,keygen_amortized_ms,44.97505,,,,,,,derived_not_measured
SEAL,BFV,8192,3,edge_batch,keygen,10,keygen_amortized_ms,4.497505,,,,,,,derived_not_measured
SEAL,BFV,8192,3,edge_batch,keygen,100,keygen_amortized_ms,0.44975050000000005,,,,,,,derived_not_measured
SEAL,BFV,8192,5,edge_batch,keygen,1,latency_ms,25.815246,0.7208193642254792,25.672219799847205,25.95827220015279,25.852649999999997,25.455350000000003,26.2537,
SEAL,BFV,8192,5,edge_batch,keygen,1,energy_pkg_j_per_op,0.6228231333333333,,,,,,,n=1_invocation_not_repeated
SEAL,BFV,8192,5,edge_batch,keygen,1,peak_memory_mb,8.20703125,,,,,,,n=1_invocation_not_repeated
SEAL,BFV,8192,5,edge_batch,keygen,1,keygen_amortized_ms,25.815246,,,,,,,derived_not_measured
SEAL,BFV,8192,5,edge_batch,keygen,10,keygen_amortized_ms,2.5815246,,,,,,,derived_not_measured
SEAL,BFV,8192,5,edge_batch,keygen,100,keygen_amortized_ms,0.25815246,,,,,,,derived_not_measured
SEAL,BGV,2048,1,edge_batch,keygen,1,latency_ms,22.126375,0.6235498198648888,22.002649187726544,22.250100812273455,22.29245,22.057575000000003,22.5152,
SEAL,BGV,2048,1,edge_batch,keygen,1,energy_pkg_j_per_op,0.5628789523809524,,,,,,,n=1_invocation_not_repeated
SEAL,BGV,2048,1,edge_batch,keygen,1,peak_memory_mb,5.37890625,,,,,,,n=1_invocation_not_repeated
SEAL,BGV,2048,1,edge_batch,keygen,1,keygen_amortized_ms,22.126375,,,,,,,derived_not_measured
SEAL,BGV,2048,1,edge_batch,keygen,10,keygen_amortized_ms,2.2126375,,,,,,,derived_not_measured
SEAL,BGV,2048,1,edge_batch,keygen,100,keygen_amortized_ms,0.22126374999999998,,,,,,,derived_not_measured
SEAL,BGV,2048,3,edge_batch,keygen,1,latency_ms,14.574982,0.5639158093871528,14.463088869174644,14.686875130825356,14.723749999999999,14.529575000000001,14.869175,
SEAL,BGV,2048,3,edge_batch,keygen,1,energy_pkg_j_per_op,0.5532934476190476,,,,,,,n=1_invocation_not_repeated
SEAL,BGV,2048,3,edge_batch,keygen,1,peak_memory_mb,4.984375,,,,,,,n=1_invocation_not_repeated
SEAL,BGV,2048,3,edge_batch,keygen,1,keygen_amortized_ms,14.574982,,,,,,,derived_not_measured
SEAL,BGV,2048,3,edge_batch,keygen,10,keygen_amortized_ms,1.4574982,,,,,,,derived_not_measured
SEAL,BGV,2048,3,edge_batch,keygen,100,keygen_amortized_ms,0.14574982,,,,,,,derived_not_measured
SEAL,BGV,2048,5,edge_batch,keygen,1,latency_ms,10.2785636,0.4831269656439844,10.18270072850007,10.37442647149993,10.4207,10.212825,10.515575,
SEAL,BGV,2048,5,edge_batch,keygen,1,energy_pkg_j_per_op,0.34358022857142856,,,,,,,n=1_invocation_not_repeated
SEAL,BGV,2048,5,edge_batch,keygen,1,peak_memory_mb,4.58984375,,,,,,,n=1_invocation_not_repeated
SEAL,BGV,2048,5,edge_batch,keygen,1,keygen_amortized_ms,10.2785636,,,,,,,derived_not_measured
SEAL,BGV,2048,5,edge_batch,keygen,10,keygen_amortized_ms,1.02785636,,,,,,,derived_not_measured
SEAL,BGV,2048,5,edge_batch,keygen,100,keygen_amortized_ms,0.102785636,,,,,,,derived_not_measured
SEAL,BGV,4096,1,edge_batch,keygen,1,latency_ms,41.437232,0.9432711125084496,41.250066546861895,41.62439745313811,41.5144,40.757999999999996,42.235675,
SEAL,BGV,4096,1,edge_batch,keygen,1,energy_pkg_j_per_op,0.9320519333333334,,,,,,,n=1_invocation_not_repeated
SEAL,BGV,4096,1,edge_batch,keygen,1,peak_memory_mb,8.15625,,,,,,,n=1_invocation_not_repeated
SEAL,BGV,4096,1,edge_batch,keygen,1,keygen_amortized_ms,41.437232,,,,,,,derived_not_measured
SEAL,BGV,4096,1,edge_batch,keygen,10,keygen_amortized_ms,4.1437232,,,,,,,derived_not_measured
SEAL,BGV,4096,1,edge_batch,keygen,100,keygen_amortized_ms,0.41437232,,,,,,,derived_not_measured
SEAL,BGV,4096,3,edge_batch,keygen,1,latency_ms,24.85045,0.7321091289327477,24.705183665596046,24.99571633440395,25.032600000000002,24.583775,25.28905,
SEAL,BGV,4096,3,edge_batch,keygen,1,energy_pkg_j_per_op,0.7726871999999999,,,,,,,n=1_invocation_not_repeated
SEAL,BGV,4096,3,edge_batch,keygen,1,peak_memory_mb,6.125,,,,,,,n=1_invocation_not_repeated
SEAL,BGV,4096,3,edge_batch,keygen,1,keygen_amortized_ms,24.85045,,,,,,,derived_not_measured
SEAL,BGV,4096,3,edge_batch,keygen,10,keygen_amortized_ms,2.485045,,,,,,,derived_not_measured
SEAL,BGV,4096,3,edge_batch,keygen,100,keygen_amortized_ms,0.2485045,,,,,,,derived_not_measured
SEAL,BGV,4096,5,edge_batch,keygen,1,latency_ms,22.155966,0.7233526358575189,22.01243714379568,22.29949485620432,22.28745,21.873425,22.62035,
SEAL,BGV,4096,5,edge_batch,keygen,1,energy_pkg_j_per_op,0.5623755809523809,,,,,,,n=1_invocation_not_repeated
SEAL,BGV,4096,5,edge_batch,keygen,1,peak_memory_mb,6.29296875,,,,,,,n=1_invocation_not_repeated
SEAL,BGV,4096,5,edge_batch,keygen,1,keygen_amortized_ms,22.155966,,,,,,,derived_not_measured
SEAL,BGV,4096,5,edge_batch,keygen,10,keygen_amortized_ms,2.2155966,,,,,,,derived_not_measured
SEAL,BGV,4096,5,edge_batch,keygen,100,keygen_amortized_ms,0.22155966,,,,,,,derived_not_measured
SEAL,BGV,8192,1,edge_batch,keygen,1,latency_ms,66.894645,1.683099293323739,66.5606815850984,67.2286084149016,66.8229,65.657925,67.67512500000001,
SEAL,BGV,8192,1,edge_batch,keygen,1,energy_pkg_j_per_op,1.9622398285714284,,,,,,,n=1_invocation_not_repeated
SEAL,BGV,8192,1,edge_batch,keygen,1,peak_memory_mb,16.63671875,,,,,,,n=1_invocation_not_repeated
SEAL,BGV,8192,1,edge_batch,keygen,1,keygen_amortized_ms,66.894645,,,,,,,derived_not_measured
SEAL,BGV,8192,1,edge_batch,keygen,10,keygen_amortized_ms,6.6894645,,,,,,,derived_not_measured
SEAL,BGV,8192,1,edge_batch,keygen,100,keygen_amortized_ms,0.66894645,,,,,,,derived_not_measured
SEAL,BGV,8192,3,edge_batch,keygen,1,latency_ms,45.099383,1.5616200919321777,44.78952369416503,45.40924230583498,45.0289,44.097025,45.797525,
SEAL,BGV,8192,3,edge_batch,keygen,1,energy_pkg_j_per_op,1.1832811523809523,,,,,,,n=1_invocation_not_repeated
SEAL,BGV,8192,3,edge_batch,keygen,1,peak_memory_mb,12.28125,,,,,,,n=1_invocation_not_repeated
SEAL,BGV,8192,3,edge_batch,keygen,1,keygen_amortized_ms,45.099383,,,,,,,derived_not_measured
SEAL,BGV,8192,3,edge_batch,keygen,10,keygen_amortized_ms,4.5099383,,,,,,,derived_not_measured
SEAL,BGV,8192,3,edge_batch,keygen,100,keygen_amortized_ms,0.45099383000000004,,,,,,,derived_not_measured
SEAL,BGV,8192,5,edge_batch,keygen,1,latency_ms,25.943944,0.7335725319698155,25.79838729468473,26.089500705315267,25.9892,25.472575,26.462874999999997,
SEAL,BGV,8192,5,edge_batch,keygen,1,energy_pkg_j_per_op,0.6099320095238095,,,,,,,n=1_invocation_not_repeated
SEAL,BGV,8192,5,edge_batch,keygen,1,peak_memory_mb,8.1640625,,,,,,,n=1_invocation_not_repeated
SEAL,BGV,8192,5,edge_batch,keygen,1,keygen_amortized_ms,25.943944,,,,,,,derived_not_measured
SEAL,BGV,8192,5,edge_batch,keygen,10,keygen_amortized_ms,2.5943943999999997,,,,,,,derived_not_measured
SEAL,BGV,8192,5,edge_batch,keygen,100,keygen_amortized_ms,0.25943943999999997,,,,,,,derived_not_measured
SEAL,CKKS,2048,1,edge_batch,keygen,1,latency_ms,20.330822,0.714983424202861,20.18895377695934,20.47269022304066,20.470950000000002,20.049075000000002,20.790425,
SEAL,CKKS,2048,1,edge_batch,keygen,1,energy_pkg_j_per_op,0.6176102666666667,,,,,,,n=1_invocation_not_repeated
SEAL,CKKS,2048,1,edge_batch,keygen,1,peak_memory_mb,5.15234375,,,,,,,n=1_invocation_not_repeated
SEAL,CKKS,2048,1,edge_batch,keygen,1,keygen_amortized_ms,20.330822,,,,,,,derived_not_measured
SEAL,CKKS,2048,1,edge_batch,keygen,10,keygen_amortized_ms,2.0330822,,,,,,,derived_not_measured
SEAL,CKKS,2048,1,edge_batch,keygen,100,keygen_amortized_ms,0.20330822,,,,,,,derived_not_measured
SEAL,CKKS,2048,3,edge_batch,keygen,1,latency_ms,20.771827,0.7194672544833,20.62906908775429,20.914584912245708,20.9707,20.623175,21.189725000000003,
SEAL,CKKS,2048,3,edge_batch,keygen,1,energy_pkg_j_per_op,0.853241019047619,,,,,,,n=1_invocation_not_repeated
SEAL,CKKS,2048,3,edge_batch,keygen,1,peak_memory_mb,5.04296875,,,,,,,n=1_invocation_not_repeated
SEAL,CKKS,2048,3,edge_batch,keygen,1,keygen_amortized_ms,20.771827,,,,,,,derived_not_measured
SEAL,CKKS,2048,3,edge_batch,keygen,10,keygen_amortized_ms,2.0771827,,,,,,,derived_not_measured
SEAL,CKKS,2048,3,edge_batch,keygen,100,keygen_amortized_ms,0.20771826999999998,,,,,,,derived_not_measured
SEAL,CKKS,2048,5,edge_batch,keygen,1,latency_ms,8.9826167,0.4247774330379298,8.898331641671477,9.066901758328521,9.07024,8.9309425,9.16735,
SEAL,CKKS,2048,5,edge_batch,keygen,1,energy_pkg_j_per_op,0.26800037142857147,,,,,,,n=1_invocation_not_repeated
SEAL,CKKS,2048,5,edge_batch,keygen,1,peak_memory_mb,4.75,,,,,,,n=1_invocation_not_repeated
SEAL,CKKS,2048,5,edge_batch,keygen,1,keygen_amortized_ms,8.9826167,,,,,,,derived_not_measured
SEAL,CKKS,2048,5,edge_batch,keygen,10,keygen_amortized_ms,0.8982616699999999,,,,,,,derived_not_measured
SEAL,CKKS,2048,5,edge_batch,keygen,100,keygen_amortized_ms,0.089826167,,,,,,,derived_not_measured
SEAL,CKKS,4096,1,edge_batch,keygen,1,latency_ms,39.86603,1.8982637559016124,39.48937328769579,40.24268671230421,40.19515,39.1674,40.700424999999996,
SEAL,CKKS,4096,1,edge_batch,keygen,1,energy_pkg_j_per_op,1.5629493047619047,,,,,,,n=1_invocation_not_repeated
SEAL,CKKS,4096,1,edge_batch,keygen,1,peak_memory_mb,7.9765625,,,,,,,n=1_invocation_not_repeated
SEAL,CKKS,4096,1,edge_batch,keygen,1,keygen_amortized_ms,39.86603,,,,,,,derived_not_measured
SEAL,CKKS,4096,1,edge_batch,keygen,10,keygen_amortized_ms,3.986603,,,,,,,derived_not_measured
SEAL,CKKS,4096,1,edge_batch,keygen,100,keygen_amortized_ms,0.3986603,,,,,,,derived_not_measured
SEAL,CKKS,4096,3,edge_batch,keygen,1,latency_ms,23.171418,0.8481511886831535,23.00312640339067,23.339709596609328,23.4219,22.7793,23.761999999999997,
SEAL,CKKS,4096,3,edge_batch,keygen,1,energy_pkg_j_per_op,0.6175983523809523,,,,,,,n=1_invocation_not_repeated
SEAL,CKKS,4096,3,edge_batch,keygen,1,peak_memory_mb,5.984375,,,,,,,n=1_invocation_not_repeated
SEAL,CKKS,4096,3,edge_batch,keygen,1,keygen_amortized_ms,23.171418,,,,,,,derived_not_measured
SEAL,CKKS,4096,3,edge_batch,keygen,10,keygen_amortized_ms,2.3171418,,,,,,,derived_not_measured
SEAL,CKKS,4096,3,edge_batch,keygen,100,keygen_amortized_ms,0.23171418,,,,,,,derived_not_measured
SEAL,CKKS,4096,5,edge_batch,keygen,1,latency_ms,20.849909,0.7336074179392923,20.704345372551533,20.995472627448468,21.00655,20.62765,21.343775,
SEAL,CKKS,4096,5,edge_batch,keygen,1,energy_pkg_j_per_op,0.6281429428571429,,,,,,,n=1_invocation_not_repeated
SEAL,CKKS,4096,5,edge_batch,keygen,1,peak_memory_mb,5.94140625,,,,,,,n=1_invocation_not_repeated
SEAL,CKKS,4096,5,edge_batch,keygen,1,keygen_amortized_ms,20.849909,,,,,,,derived_not_measured
SEAL,CKKS,4096,5,edge_batch,keygen,10,keygen_amortized_ms,2.0849909,,,,,,,derived_not_measured
SEAL,CKKS,4096,5,edge_batch,keygen,100,keygen_amortized_ms,0.20849909,,,,,,,derived_not_measured
SEAL,CKKS,8192,1,edge_batch,keygen,1,latency_ms,63.577293,1.1753661471428793,63.34407485665182,63.81051114334817,63.4803,62.9086,64.31395,
SEAL,CKKS,8192,1,edge_batch,keygen,1,energy_pkg_j_per_op,1.3970202952380952,,,,,,,n=1_invocation_not_repeated
SEAL,CKKS,8192,1,edge_batch,keygen,1,peak_memory_mb,15.30859375,,,,,,,n=1_invocation_not_repeated
SEAL,CKKS,8192,1,edge_batch,keygen,1,keygen_amortized_ms,63.577293,,,,,,,derived_not_measured
SEAL,CKKS,8192,1,edge_batch,keygen,10,keygen_amortized_ms,6.3577293,,,,,,,derived_not_measured
SEAL,CKKS,8192,1,edge_batch,keygen,100,keygen_amortized_ms,0.63577293,,,,,,,derived_not_measured
SEAL,CKKS,8192,3,edge_batch,keygen,1,latency_ms,42.848425,0.9144603963209089,42.66697621800656,43.02987378199344,42.88775,42.31555,43.502275,
SEAL,CKKS,8192,3,edge_batch,keygen,1,energy_pkg_j_per_op,1.0782472571428572,,,,,,,n=1_invocation_not_repeated
SEAL,CKKS,8192,3,edge_batch,keygen,1,peak_memory_mb,11.62890625,,,,,,,n=1_invocation_not_repeated
SEAL,CKKS,8192,3,edge_batch,keygen,1,keygen_amortized_ms,42.848425,,,,,,,derived_not_measured
SEAL,CKKS,8192,3,edge_batch,keygen,10,keygen_amortized_ms,4.2848425,,,,,,,derived_not_measured
SEAL,CKKS,8192,3,edge_batch,keygen,100,keygen_amortized_ms,0.42848425,,,,,,,derived_not_measured
SEAL,CKKS,8192,5,edge_batch,keygen,1,latency_ms,24.263789,0.7778946028287514,24.10943783425196,24.41814016574804,24.31995,24.024475,24.795075,
SEAL,CKKS,8192,5,edge_batch,keygen,1,energy_pkg_j_per_op,0.5781455238095238,,,,,,,n=1_invocation_not_repeated
SEAL,CKKS,8192,5,edge_batch,keygen,1,peak_memory_mb,7.55859375,,,,,,,n=1_invocation_not_repeated
SEAL,CKKS,8192,5,edge_batch,keygen,1,keygen_amortized_ms,24.263789,,,,,,,derived_not_measured
SEAL,CKKS,8192,5,edge_batch,keygen,10,keygen_amortized_ms,2.4263789,,,,,,,derived_not_measured
SEAL,CKKS,8192,5,edge_batch,keygen,100,keygen_amortized_ms,0.24263789,,,,,,,derived_not_measured
SEAL,BFV,2048,1,edge_batch,add,1,latency_ms,0.0049832,0.0012657016738839874,0.004732057328302809,0.005234342671697191,0.0046440000000000006,0.004409,0.00486925,HIGH_VARIANCE
SEAL,BFV,2048,1,edge_batch,add,1,throughput_items_per_sec,200674.26553218815,,,,,,,HIGH_VARIANCE
SEAL,BFV,2048,1,edge_batch,add,1,energy_pkg_j_per_op,0.11588291428571429,,,,,,,n=1_invocation_not_repeated
SEAL,BFV,2048,1,edge_batch,add,1,peak_memory_mb,5.4921875,,,,,,,n=1_invocation_not_repeated
SEAL,BFV,2048,1,edge_batch,add,10,latency_ms,0.051944866666666666,0.007413354393317477,0.0491766746422393,0.05471305869109403,0.05018,0.046175499999999994,0.05494450000000001,HIGH_VARIANCE;reduced_reps_at_batch_size
SEAL,BFV,2048,1,edge_batch,add,10,throughput_items_per_sec,192511.80418212645,,,,,,,HIGH_VARIANCE;reduced_reps_at_batch_size
SEAL,BFV,2048,1,edge_batch,add,10,energy_pkg_j_per_op,0.06392977272727272,,,,,,,n=1_invocation_not_repeated
SEAL,BFV,2048,1,edge_batch,add,10,peak_memory_mb,6.19140625,,,,,,,n=1_invocation_not_repeated
SEAL,BFV,2048,1,edge_batch,add,100,latency_ms,0.6096667,0.05621156901297098,0.5694553659111246,0.6498780340888755,0.5905665,0.57090925,0.6486190000000001,HIGH_VARIANCE;reduced_reps_at_batch_size
SEAL,BFV,2048,1,edge_batch,add,100,throughput_items_per_sec,164024.04789370977,,,,,,,HIGH_VARIANCE;reduced_reps_at_batch_size
SEAL,BFV,2048,1,edge_batch,add,100,energy_pkg_j_per_op,0.03531246666666667,,,,,,,n=1_invocation_not_repeated
SEAL,BFV,2048,1,edge_batch,add,100,peak_memory_mb,11.91796875,,,,,,,n=1_invocation_not_repeated
SEAL,BFV,2048,1,edge_batch,decrypt,1,latency_ms,0.0766232,0.005112593336679794,0.07560875056347922,0.07763764943652078,0.075288,0.07385749999999999,0.07704875,HIGH_VARIANCE
SEAL,BFV,2048,1,edge_batch,decrypt,1,throughput_items_per_sec,13050.877541005857,,,,,,,HIGH_VARIANCE
SEAL,BFV,2048,1,edge_batch,decrypt,1,energy_pkg_j_per_op,0.12662962857142857,,,,,,,n=1_invocation_not_repeated
SEAL,BFV,2048,1,edge_batch,decrypt,1,peak_memory_mb,5.65625,,,,,,,n=1_invocation_not_repeated
SEAL,BFV,2048,1,edge_batch,decrypt,10,latency_ms,0.7477021333333334,0.01735466316293262,0.7412217956069246,0.7541824710597421,0.744634,0.7393565,0.75078775,reduced_reps_at_batch_size
SEAL,BFV,2048,1,edge_batch,decrypt,10,throughput_items_per_sec,13374.30984103117,,,,,,,reduced_reps_at_batch_size
SEAL,BFV,2048,1,edge_batch,decrypt,10,energy_pkg_j_per_op,0.04353209090909091,,,,,,,n=1_invocation_not_repeated
SEAL,BFV,2048,1,edge_batch,decrypt,10,peak_memory_mb,5.8046875,,,,,,,n=1_invocation_not_repeated
SEAL,BFV,2048,1,edge_batch,decrypt,100,latency_ms,7.723758,0.31786239943304584,7.496372937417165,7.951143062582835,7.62344,7.565575,7.7318875,reduced_reps_at_batch_size
SEAL,BFV,2048,1,edge_batch,decrypt,100,throughput_items_per_sec,12947.06540520819,,,,,,,reduced_reps_at_batch_size
SEAL,BFV,2048,1,edge_batch,decrypt,100,energy_pkg_j_per_op,0.019479939999999998,,,,,,,n=1_invocation_not_repeated
SEAL,BFV,2048,1,edge_batch,decrypt,100,peak_memory_mb,8.9140625,,,,,,,n=1_invocation_not_repeated
SEAL,BFV,2048,1,edge_batch,encrypt,1,latency_ms,0.36816895,0.06110555047370447,0.3560442830914056,0.38029361690859437,0.3473345,0.33307775,0.35874125,HIGH_VARIANCE
SEAL,BFV,2048,1,edge_batch,encrypt,1,throughput_items_per_sec,2716.1443136364433,,,,,,,HIGH_VARIANCE
SEAL,BFV,2048,1,edge_batch,encrypt,1,energy_pkg_j_per_op,0.12508682857142858,,,,,,,n=1_invocation_not_repeated
SEAL,BFV,2048,1,edge_batch,encrypt,1,peak_memory_mb,5.50390625,,,,,,,n=1_invocation_not_repeated
SEAL,BFV,2048,1,edge_batch,encrypt,10,latency_ms,3.694313333333333,0.06749061683611685,3.6691119228331375,3.7195147438335288,3.671475,3.6364925,3.741315,reduced_reps_at_batch_size
SEAL,BFV,2048,1,edge_batch,encrypt,10,throughput_items_per_sec,2706.8629804005077,,,,,,,reduced_reps_at_batch_size
SEAL,BFV,2048,1,edge_batch,encrypt,10,energy_pkg_j_per_op,0.05369276363636364,,,,,,,n=1_invocation_not_repeated
SEAL,BFV,2048,1,edge_batch,encrypt,10,peak_memory_mb,5.58984375,,,,,,,n=1_invocation_not_repeated
SEAL,BFV,2048,1,edge_batch,encrypt,100,latency_ms,35.73196,0.32358518095446337,35.50048110613446,35.96343889386554,35.7175,35.57445,35.828575,reduced_reps_at_batch_size
SEAL,BFV,2048,1,edge_batch,encrypt,100,throughput_items_per_sec,2798.6150213982105,,,,,,,reduced_reps_at_batch_size
SEAL,BFV,2048,1,edge_batch,encrypt,100,energy_pkg_j_per_op,0.017221628333333332,,,,,,,n=1_invocation_not_repeated
SEAL,BFV,2048,1,edge_batch,encrypt,100,peak_memory_mb,7.21484375,,,,,,,n=1_invocation_not_repeated
SEAL,BFV,2048,1,edge_batch,multiply,1,latency_ms,,,,,,,,skipped_depth0_undefined_at_this_config
SEAL,BFV,2048,1,edge_batch,multiply,10,latency_ms,,,,,,,,skipped_depth0_undefined_at_this_config
SEAL,BFV,2048,1,edge_batch,multiply,100,latency_ms,,,,,,,,skipped_depth0_undefined_at_this_config
SEAL,BFV,2048,1,edge_batch,relinearize,1,latency_ms,,,,,,,,skipped_depth0_undefined_at_this_config
SEAL,BFV,2048,1,edge_batch,relinearize,10,latency_ms,,,,,,,,skipped_depth0_undefined_at_this_config
SEAL,BFV,2048,1,edge_batch,relinearize,100,latency_ms,,,,,,,,skipped_depth0_undefined_at_this_config
SEAL,BFV,2048,3,edge_batch,add,1,latency_ms,0.00918939,0.0011447123664568284,0.008962254231778577,0.009416525768221424,0.008942,0.00881125,0.00916725,HIGH_VARIANCE
SEAL,BFV,2048,3,edge_batch,add,1,throughput_items_per_sec,108821.15134954551,,,,,,,HIGH_VARIANCE
SEAL,BFV,2048,3,edge_batch,add,1,energy_pkg_j_per_op,0.1137800761904762,,,,,,,n=1_invocation_not_repeated
SEAL,BFV,2048,3,edge_batch,add,1,peak_memory_mb,5.23828125,,,,,,,n=1_invocation_not_repeated
SEAL,BFV,2048,3,edge_batch,add,10,latency_ms,0.096317,0.020739699113303086,0.0885726690765761,0.1040613309234239,0.0886985,0.083153,0.10758225,HIGH_VARIANCE;reduced_reps_at_batch_size
SEAL,BFV,2048,3,edge_batch,add,10,throughput_items_per_sec,103823.83172233353,,,,,,,HIGH_VARIANCE;reduced_reps_at_batch_size
SEAL,BFV,2048,3,edge_batch,add,10,energy_pkg_j_per_op,0.05491492727272727,,,,,,,n=1_invocation_not_repeated
SEAL,BFV,2048,3,edge_batch,add,10,peak_memory_mb,6.42578125,,,,,,,n=1_invocation_not_repeated
SEAL,BFV,2048,3,edge_batch,add,100,latency_ms,1.0148567,0.06192819968147699,0.9705559346835251,1.0591574653164748,1.00939,0.9605615,1.0377375,HIGH_VARIANCE;reduced_reps_at_batch_size
SEAL,BFV,2048,3,edge_batch,add,100,throughput_items_per_sec,98536.07903460656,,,,,,,HIGH_VARIANCE;reduced_reps_at_batch_size
SEAL,BFV,2048,3,edge_batch,add,100,energy_pkg_j_per_op,0.025773305,,,,,,,n=1_invocation_not_repeated
SEAL,BFV,2048,3,edge_batch,add,100,peak_memory_mb,17.703125,,,,,,,n=1_invocation_not_repeated
SEAL,BFV,2048,3,edge_batch,decrypt,1,latency_ms,0.12304591,0.004872598122825815,0.12207908082064207,0.12401273917935791,0.122638,0.11983049999999999,0.123745,
SEAL,BFV,2048,3,edge_batch,decrypt,1,throughput_items_per_sec,8127.0478636795,,,,,,,
SEAL,BFV,2048,3,edge_batch,decrypt,1,energy_pkg_j_per_op,0.11430117142857144,,,,,,,n=1_invocation_not_repeated
SEAL,BFV,2048,3,edge_batch,decrypt,1,peak_memory_mb,5.24609375,,,,,,,n=1_invocation_not_repeated
SEAL,BFV,2048,3,edge_batch,decrypt,10,latency_ms,1.2685906666666666,0.11711166769321088,1.2248604512640464,1.3123208820692869,1.245025,1.2387025,1.2568275,HIGH_VARIANCE;reduced_reps_at_batch_size
SEAL,BFV,2048,3,edge_batch,decrypt,10,throughput_items_per_sec,7882.763339474881,,,,,,,HIGH_VARIANCE;reduced_reps_at_batch_size
SEAL,BFV,2048,3,edge_batch,decrypt,10,energy_pkg_j_per_op,0.041194103030303034,,,,,,,n=1_invocation_not_repeated
SEAL,BFV,2048,3,edge_batch,decrypt,10,peak_memory_mb,6.01953125,,,,,,,n=1_invocation_not_repeated
SEAL,BFV,2048,3,edge_batch,decrypt,100,latency_ms,12.65253,0.09967919709414493,12.581223797977094,12.723836202022907,12.651150000000001,12.615375,12.680175000000002,reduced_reps_at_batch_size
SEAL,BFV,2048,3,edge_batch,decrypt,100,throughput_items_per_sec,7903.55762839527,,,,,,,reduced_reps_at_batch_size
SEAL,BFV,2048,3,edge_batch,decrypt,100,energy_pkg_j_per_op,0.020923803333333334,,,,,,,n=1_invocation_not_repeated
SEAL,BFV,2048,3,edge_batch,decrypt,100,peak_memory_mb,11.49609375,,,,,,,n=1_invocation_not_repeated
SEAL,BFV,2048,3,edge_batch,encrypt,1,latency_ms,0.33439337,0.062066114132334566,0.32207810642195245,0.3467086335780476,0.324561,0.31998775,0.33274475000000003,HIGH_VARIANCE
SEAL,BFV,2048,3,edge_batch,encrypt,1,throughput_items_per_sec,2990.48991312238,,,,,,,HIGH_VARIANCE
SEAL,BFV,2048,3,edge_batch,encrypt,1,energy_pkg_j_per_op,0.11331709523809523,,,,,,,n=1_invocation_not_repeated
SEAL,BFV,2048,3,edge_batch,encrypt,1,peak_memory_mb,5.203125,,,,,,,n=1_invocation_not_repeated
SEAL,BFV,2048,3,edge_batch,encrypt,10,latency_ms,3.4022403333333333,0.08327835958847368,3.3711436828038495,3.433336983862817,3.412515,3.35475,3.4232475,reduced_reps_at_batch_size
SEAL,BFV,2048,3,edge_batch,encrypt,10,throughput_items_per_sec,2939.239742126781,,,,,,,reduced_reps_at_batch_size
SEAL,BFV,2048,3,edge_batch,encrypt,10,energy_pkg_j_per_op,0.04067861515151515,,,,,,,n=1_invocation_not_repeated
SEAL,BFV,2048,3,edge_batch,encrypt,10,peak_memory_mb,5.30078125,,,,,,,n=1_invocation_not_repeated
SEAL,BFV,2048,3,edge_batch,encrypt,100,latency_ms,34.66032,0.5172890526581814,34.29027370379794,35.030366296202054,34.62665,34.257875,34.898,reduced_reps_at_batch_size
SEAL,BFV,2048,3,edge_batch,encrypt,100,throughput_items_per_sec,2885.1435878260786,,,,,,,reduced_reps_at_batch_size
SEAL,BFV,2048,3,edge_batch,encrypt,100,energy_pkg_j_per_op,0.016553861666666666,,,,,,,n=1_invocation_not_repeated
SEAL,BFV,2048,3,edge_batch,encrypt,100,peak_memory_mb,6.6875,,,,,,,n=1_invocation_not_repeated
SEAL,BFV,2048,3,edge_batch,multiply,1,latency_ms,,,,,,,,skipped_depth0_undefined_at_this_config
SEAL,BFV,2048,3,edge_batch,multiply,10,latency_ms,,,,,,,,skipped_depth0_undefined_at_this_config
SEAL,BFV,2048,3,edge_batch,multiply,100,latency_ms,,,,,,,,skipped_depth0_undefined_at_this_config
SEAL,BFV,2048,3,edge_batch,relinearize,1,latency_ms,,,,,,,,skipped_depth0_undefined_at_this_config
SEAL,BFV,2048,3,edge_batch,relinearize,10,latency_ms,,,,,,,,skipped_depth0_undefined_at_this_config
SEAL,BFV,2048,3,edge_batch,relinearize,100,latency_ms,,,,,,,,skipped_depth0_undefined_at_this_config
SEAL,BFV,2048,5,edge_batch,add,1,latency_ms,0.00512256,0.0007902361278616523,0.00496576000793409,0.00527935999206591,0.0049595,0.004769,0.005195,HIGH_VARIANCE
SEAL,BFV,2048,5,edge_batch,add,1,throughput_items_per_sec,195214.89255372316,,,,,,,HIGH_VARIANCE
SEAL,BFV,2048,5,edge_batch,add,1,energy_pkg_j_per_op,0.12830989523809525,,,,,,,n=1_invocation_not_repeated
SEAL,BFV,2048,5,edge_batch,add,1,peak_memory_mb,4.828125,,,,,,,n=1_invocation_not_repeated
SEAL,BFV,2048,5,edge_batch,add,10,latency_ms,0.0822254,0.03851461242500404,0.06784380736564373,0.09660699263435628,0.070459,0.058821250000000005,0.0965885,HIGH_VARIANCE;reduced_reps_at_batch_size
SEAL,BFV,2048,5,edge_batch,add,10,throughput_items_per_sec,121616.92129196087,,,,,,,HIGH_VARIANCE;reduced_reps_at_batch_size
SEAL,BFV,2048,5,edge_batch,add,10,energy_pkg_j_per_op,0.08127548181818181,,,,,,,n=1_invocation_not_repeated
SEAL,BFV,2048,5,edge_batch,add,10,peak_memory_mb,5.56640625,,,,,,,n=1_invocation_not_repeated
SEAL,BFV,2048,5,edge_batch,add,100,latency_ms,0.5357211,0.05106352939112001,0.49919245160682624,0.5722497483931737,0.5264395,0.50814225,0.53986225,HIGH_VARIANCE;reduced_reps_at_batch_size
SEAL,BFV,2048,5,edge_batch,add,100,throughput_items_per_sec,186664.29229686866,,,,,,,HIGH_VARIANCE;reduced_reps_at_batch_size
SEAL,BFV,2048,5,edge_batch,add,100,energy_pkg_j_per_op,0.02534392,,,,,,,n=1_invocation_not_repeated
SEAL,BFV,2048,5,edge_batch,add,100,peak_memory_mb,11.04296875,,,,,,,n=1_invocation_not_repeated
SEAL,BFV,2048,5,edge_batch,decrypt,1,latency_ms,0.07675007,0.006388756569959605,0.07548240209143271,0.0780177379085673,0.075338,0.07295375,0.07643275,HIGH_VARIANCE
SEAL,BFV,2048,5,edge_batch,decrypt,1,throughput_items_per_sec,13029.304077507682,,,,,,,HIGH_VARIANCE
SEAL,BFV,2048,5,edge_batch,decrypt,1,energy_pkg_j_per_op,0.11325737142857142,,,,,,,n=1_invocation_not_repeated
SEAL,BFV,2048,5,edge_batch,decrypt,1,peak_memory_mb,4.87890625,,,,,,,n=1_invocation_not_repeated
SEAL,BFV,2048,5,edge_batch,decrypt,10,latency_ms,0.7580712333333334,0.013200604387112638,0.7531420466462696,0.7630004200203971,0.7586505,0.74910725,0.764642,reduced_reps_at_batch_size
SEAL,BFV,2048,5,edge_batch,decrypt,10,throughput_items_per_sec,13191.372473044199,,,,,,,reduced_reps_at_batch_size
SEAL,BFV,2048,5,edge_batch,decrypt,10,energy_pkg_j_per_op,0.0416981696969697,,,,,,,n=1_invocation_not_repeated
SEAL,BFV,2048,5,edge_batch,decrypt,10,peak_memory_mb,5.1171875,,,,,,,n=1_invocation_not_repeated
SEAL,BFV,2048,5,edge_batch,decrypt,100,latency_ms,7.597628,0.0790112094438363,7.541106785675257,7.654149214324743,7.579415,7.5327649999999995,7.656619999999999,reduced_reps_at_batch_size
SEAL,BFV,2048,5,edge_batch,decrypt,100,throughput_items_per_sec,13162.00266714822,,,,,,,reduced_reps_at_batch_size
SEAL,BFV,2048,5,edge_batch,decrypt,100,energy_pkg_j_per_op,0.016702284166666664,,,,,,,n=1_invocation_not_repeated
SEAL,BFV,2048,5,edge_batch,decrypt,100,peak_memory_mb,8.0390625,,,,,,,n=1_invocation_not_repeated
SEAL,BFV,2048,5,edge_batch,encrypt,1,latency_ms,0.2518997,0.008638861482109243,0.2501855624604792,0.2536138375395208,0.2497295,0.2457645,0.255851,
SEAL,BFV,2048,5,edge_batch,encrypt,1,throughput_items_per_sec,3969.83402520924,,,,,,,
SEAL,BFV,2048,5,edge_batch,encrypt,1,energy_pkg_j_per_op,0.11028583809523809,,,,,,,n=1_invocation_not_repeated
SEAL,BFV,2048,5,edge_batch,encrypt,1,peak_memory_mb,4.71484375,,,,,,,n=1_invocation_not_repeated
SEAL,BFV,2048,5,edge_batch,encrypt,10,latency_ms,2.6068633333333335,0.10321872174920703,2.568320829203853,2.645405837462814,2.581785,2.56963,2.613785,reduced_reps_at_batch_size
SEAL,BFV,2048,5,edge_batch,encrypt,10,throughput_items_per_sec,3836.0277165789275,,,,,,,reduced_reps_at_batch_size
SEAL,BFV,2048,5,edge_batch,encrypt,10,energy_pkg_j_per_op,0.037704042424242426,,,,,,,n=1_invocation_not_repeated
SEAL,BFV,2048,5,edge_batch,encrypt,10,peak_memory_mb,4.9375,,,,,,,n=1_invocation_not_repeated
SEAL,BFV,2048,5,edge_batch,encrypt,100,latency_ms,26.08239,0.4158453944810632,25.784912125241878,26.379867874758123,25.9592,25.82055,26.397524999999998,reduced_reps_at_batch_size
SEAL,BFV,2048,5,edge_batch,encrypt,100,throughput_items_per_sec,3834.004475816825,,,,,,,reduced_reps_at_batch_size
SEAL,BFV,2048,5,edge_batch,encrypt,100,energy_pkg_j_per_op,0.015913458333333335,,,,,,,n=1_invocation_not_repeated
SEAL,BFV,2048,5,edge_batch,encrypt,100,peak_memory_mb,6.35546875,,,,,,,n=1_invocation_not_repeated
SEAL,BFV,2048,5,edge_batch,multiply,1,latency_ms,,,,,,,,skipped_depth0_undefined_at_this_config
SEAL,BFV,2048,5,edge_batch,multiply,10,latency_ms,,,,,,,,skipped_depth0_undefined_at_this_config
SEAL,BFV,2048,5,edge_batch,multiply,100,latency_ms,,,,,,,,skipped_depth0_undefined_at_this_config
SEAL,BFV,2048,5,edge_batch,relinearize,1,latency_ms,,,,,,,,skipped_depth0_undefined_at_this_config
SEAL,BFV,2048,5,edge_batch,relinearize,10,latency_ms,,,,,,,,skipped_depth0_undefined_at_this_config
SEAL,BFV,2048,5,edge_batch,relinearize,100,latency_ms,,,,,,,,skipped_depth0_undefined_at_this_config
SEAL,BFV,4096,1,edge_batch,add,1,latency_ms,0.01759503,0.003228517602272259,0.016954422064507625,0.018235637935492377,0.016466,0.015897500000000002,0.0175255,HIGH_VARIANCE
SEAL,BFV,4096,1,edge_batch,add,1,throughput_items_per_sec,56834.231030012445,,,,,,,HIGH_VARIANCE
SEAL,BFV,4096,1,edge_batch,add,1,energy_pkg_j_per_op,0.13560729523809523,,,,,,,n=1_invocation_not_repeated
SEAL,BFV,4096,1,edge_batch,add,1,peak_memory_mb,9.0859375,,,,,,,n=1_invocation_not_repeated
SEAL,BFV,4096,1,edge_batch,add,10,latency_ms,0.2093618,0.05236226578986318,0.18980940861950635,0.22891419138049363,0.1955115,0.178722,0.20953975,HIGH_VARIANCE;reduced_reps_at_batch_size
SEAL,BFV,4096,1,edge_batch,add,10,throughput_items_per_sec,47764.20531348126,,,,,,,HIGH_VARIANCE;reduced_reps_at_batch_size
SEAL,BFV,4096,1,edge_batch,add,10,energy_pkg_j_per_op,0.08689241212121213,,,,,,,n=1_invocation_not_repeated
SEAL,BFV,4096,1,edge_batch,add,10,peak_memory_mb,11.2890625,,,,,,,n=1_invocation_not_repeated
SEAL,BFV,4096,1,edge_batch,add,100,latency_ms,2.179404,0.21042350820296774,2.028876090228432,2.3299319097715676,2.1752149999999997,2.0278650000000003,2.2958874999999996,HIGH_VARIANCE;reduced_reps_at_batch_size
SEAL,BFV,4096,1,edge_batch,add,100,throughput_items_per_sec,45884.10409451392,,,,,,,HIGH_VARIANCE;reduced_reps_at_batch_size
SEAL,BFV,4096,1,edge_batch,add,100,energy_pkg_j_per_op,0.068843295,,,,,,,n=1_invocation_not_repeated
SEAL,BFV,4096,1,edge_batch,add,100,peak_memory_mb,33.6953125,,,,,,,n=1_invocation_not_repeated
SEAL,BFV,4096,1,edge_batch,decrypt,1,latency_ms,0.26457708,0.01745225868782224,0.2611141732468152,0.26803998675318486,0.260405,0.258231,0.2665135,HIGH_VARIANCE
SEAL,BFV,4096,1,edge_batch,decrypt,1,throughput_items_per_sec,3779.6168889610544,,,,,,,HIGH_VARIANCE
SEAL,BFV,4096,1,edge_batch,decrypt,1,energy_pkg_j_per_op,0.13542404761904764,,,,,,,n=1_invocation_not_repeated
SEAL,BFV,4096,1,edge_batch,decrypt,1,peak_memory_mb,8.86328125,,,,,,,n=1_invocation_not_repeated
SEAL,BFV,4096,1,edge_batch,decrypt,10,latency_ms,2.6488293333333335,0.06570715910888945,2.6242938768931334,2.6733647897735335,2.63428,2.6182675,2.6568875,reduced_reps_at_batch_size
SEAL,BFV,4096,1,edge_batch,decrypt,10,throughput_items_per_sec,3775.252665076698,,,,,,,reduced_reps_at_batch_size
SEAL,BFV,4096,1,edge_batch,decrypt,10,energy_pkg_j_per_op,0.062257539393939396,,,,,,,n=1_invocation_not_repeated
SEAL,BFV,4096,1,edge_batch,decrypt,10,peak_memory_mb,9.92578125,,,,,,,n=1_invocation_not_repeated
SEAL,BFV,4096,1,edge_batch,decrypt,100,latency_ms,27.08379,0.2728184599896264,26.88862743057014,27.278952569429862,27.0434,26.8569,27.262125,reduced_reps_at_batch_size
SEAL,BFV,4096,1,edge_batch,decrypt,100,throughput_items_per_sec,3692.245435369274,,,,,,,reduced_reps_at_batch_size
SEAL,BFV,4096,1,edge_batch,decrypt,100,energy_pkg_j_per_op,0.045197781666666666,,,,,,,n=1_invocation_not_repeated
SEAL,BFV,4096,1,edge_batch,decrypt,100,peak_memory_mb,21.46875,,,,,,,n=1_invocation_not_repeated
SEAL,BFV,4096,1,edge_batch,encrypt,1,latency_ms,0.882047,0.02860645081908356,0.8763708595360051,0.8877231404639949,0.882806,0.87024025,0.89040775,
SEAL,BFV,4096,1,edge_batch,encrypt,1,throughput_items_per_sec,1133.7264340789095,,,,,,,
SEAL,BFV,4096,1,edge_batch,encrypt,1,energy_pkg_j_per_op,0.13664890476190475,,,,,,,n=1_invocation_not_repeated
SEAL,BFV,4096,1,edge_batch,encrypt,1,peak_memory_mb,8.70703125,,,,,,,n=1_invocation_not_repeated
SEAL,BFV,4096,1,edge_batch,encrypt,10,latency_ms,8.867519333333334,0.09814801836962912,8.830870260963469,8.9041684057032,8.876265,8.794974999999999,8.917027500000001,reduced_reps_at_batch_size
SEAL,BFV,4096,1,edge_batch,encrypt,10,throughput_items_per_sec,1127.7111020677032,,,,,,,reduced_reps_at_batch_size
SEAL,BFV,4096,1,edge_batch,encrypt,10,energy_pkg_j_per_op,0.052152954545454544,,,,,,,n=1_invocation_not_repeated
SEAL,BFV,4096,1,edge_batch,encrypt,10,peak_memory_mb,8.87109375,,,,,,,n=1_invocation_not_repeated
SEAL,BFV,4096,1,edge_batch,encrypt,100,latency_ms,88.73313,0.6718537606255316,88.25251477253417,89.21374522746584,88.8058,88.2384,89.1105,reduced_reps_at_batch_size
SEAL,BFV,4096,1,edge_batch,encrypt,100,throughput_items_per_sec,1126.9747838265143,,,,,,,reduced_reps_at_batch_size
SEAL,BFV,4096,1,edge_batch,encrypt,100,energy_pkg_j_per_op,0.029949279166666665,,,,,,,n=1_invocation_not_repeated
SEAL,BFV,4096,1,edge_batch,encrypt,100,peak_memory_mb,12.0,,,,,,,n=1_invocation_not_repeated
SEAL,BFV,4096,1,edge_batch,multiply,1,latency_ms,2.7973992,0.048349998311553975,2.787805511374104,2.806992888625896,2.7811000000000003,2.7620775,2.823865,
SEAL,BFV,4096,1,edge_batch,multiply,1,throughput_items_per_sec,357.47490025735334,,,,,,,
SEAL,BFV,4096,1,edge_batch,multiply,1,energy_pkg_j_per_op,0.21101073333333334,,,,,,,n=1_invocation_not_repeated
SEAL,BFV,4096,1,edge_batch,multiply,1,peak_memory_mb,10.5234375,,,,,,,n=1_invocation_not_repeated
SEAL,BFV,4096,1,edge_batch,multiply,10,latency_ms,27.454093333333333,0.5557566782965949,27.246570379113088,27.661616287553578,27.36975,27.1436,27.534,reduced_reps_at_batch_size
SEAL,BFV,4096,1,edge_batch,multiply,10,throughput_items_per_sec,364.24440896973715,,,,,,,reduced_reps_at_batch_size
SEAL,BFV,4096,1,edge_batch,multiply,10,energy_pkg_j_per_op,0.1362112181818182,,,,,,,n=1_invocation_not_repeated
SEAL,BFV,4096,1,edge_batch,multiply,10,peak_memory_mb,12.7421875,,,,,,,n=1_invocation_not_repeated
SEAL,BFV,4096,1,edge_batch,multiply,100,latency_ms,271.9488,0.8452653495270763,271.3441335948381,272.5534664051619,271.83050000000003,271.70899999999995,272.5335,reduced_reps_at_batch_size
SEAL,BFV,4096,1,edge_batch,multiply,100,throughput_items_per_sec,367.71627600489506,,,,,,,reduced_reps_at_batch_size
SEAL,BFV,4096,1,edge_batch,multiply,100,energy_pkg_j_per_op,0.10952796333333334,,,,,,,n=1_invocation_not_repeated
SEAL,BFV,4096,1,edge_batch,multiply,100,peak_memory_mb,35.38671875,,,,,,,n=1_invocation_not_repeated
SEAL,BFV,4096,1,edge_batch,relinearize,1,latency_ms,0.55077893,0.01692294625604388,0.5474210503167972,0.5541368096832028,0.5487569999999999,0.5399025,0.5589234999999999,
SEAL,BFV,4096,1,edge_batch,relinearize,1,throughput_items_per_sec,1815.6104845913405,,,,,,,
SEAL,BFV,4096,1,edge_batch,relinearize,1,energy_pkg_j_per_op,0.2524758761904762,,,,,,,n=1_invocation_not_repeated
SEAL,BFV,4096,1,edge_batch,relinearize,1,peak_memory_mb,10.49609375,,,,,,,n=1_invocation_not_repeated
SEAL,BFV,4096,1,edge_batch,relinearize,10,latency_ms,5.558747333333334,0.09220824938535946,5.524316207153119,5.593178459513548,5.545895,5.503505,5.597792500000001,reduced_reps_at_batch_size
SEAL,BFV,4096,1,edge_batch,relinearize,10,throughput_items_per_sec,1798.9664577906701,,,,,,,reduced_reps_at_batch_size
SEAL,BFV,4096,1,edge_batch,relinearize,10,energy_pkg_j_per_op,0.15247578484848484,,,,,,,n=1_invocation_not_repeated
SEAL,BFV,4096,1,edge_batch,relinearize,10,peak_memory_mb,12.21484375,,,,,,,n=1_invocation_not_repeated
SEAL,BFV,4096,1,edge_batch,relinearize,100,latency_ms,56.11509,0.899983197929581,55.471280804103515,56.75889919589649,55.9782,55.881074999999996,56.309125,reduced_reps_at_batch_size
SEAL,BFV,4096,1,edge_batch,relinearize,100,throughput_items_per_sec,1782.0518509370652,,,,,,,reduced_reps_at_batch_size
SEAL,BFV,4096,1,edge_batch,relinearize,100,energy_pkg_j_per_op,0.13696809083333333,,,,,,,n=1_invocation_not_repeated
SEAL,BFV,4096,1,edge_batch,relinearize,100,peak_memory_mb,29.21484375,,,,,,,n=1_invocation_not_repeated
SEAL,BFV,4096,3,edge_batch,add,1,latency_ms,0.01357093,0.004720213317502427,0.012634337272030772,0.014507522727969228,0.011788,0.009333000000000001,0.0165685,HIGH_VARIANCE
SEAL,BFV,4096,3,edge_batch,add,1,throughput_items_per_sec,73686.91755097109,,,,,,,HIGH_VARIANCE
SEAL,BFV,4096,3,edge_batch,add,1,energy_pkg_j_per_op,0.18732522857142858,,,,,,,n=1_invocation_not_repeated
SEAL,BFV,4096,3,edge_batch,add,1,peak_memory_mb,6.74609375,,,,,,,n=1_invocation_not_repeated
SEAL,BFV,4096,3,edge_batch,add,10,latency_ms,0.09381626666666668,0.010764097219967848,0.08979688670806987,0.09783564662526348,0.0897255,0.087106,0.10055850000000001,HIGH_VARIANCE;reduced_reps_at_batch_size
SEAL,BFV,4096,3,edge_batch,add,10,throughput_items_per_sec,106591.32318204944,,,,,,,HIGH_VARIANCE;reduced_reps_at_batch_size
SEAL,BFV,4096,3,edge_batch,add,10,energy_pkg_j_per_op,0.06800809393939394,,,,,,,n=1_invocation_not_repeated
SEAL,BFV,4096,3,edge_batch,add,10,peak_memory_mb,7.9296875,,,,,,,n=1_invocation_not_repeated
SEAL,BFV,4096,3,edge_batch,add,100,latency_ms,1.0362353,0.07620978656759105,0.9817181028763233,1.0907524971236766,1.01404,0.9928485,1.0450625,HIGH_VARIANCE;reduced_reps_at_batch_size
SEAL,BFV,4096,3,edge_batch,add,100,throughput_items_per_sec,96503.17838043155,,,,,,,HIGH_VARIANCE;reduced_reps_at_batch_size
SEAL,BFV,4096,3,edge_batch,add,100,energy_pkg_j_per_op,0.049021385833333334,,,,,,,n=1_invocation_not_repeated
SEAL,BFV,4096,3,edge_batch,add,100,peak_memory_mb,19.42578125,,,,,,,n=1_invocation_not_repeated
SEAL,BFV,4096,3,edge_batch,decrypt,1,latency_ms,0.15785205,0.007877471292691058,0.1562889887925407,0.1594151112074593,0.15560000000000002,0.15402225,0.159433,
SEAL,BFV,4096,3,edge_batch,decrypt,1,throughput_items_per_sec,6335.046013022955,,,,,,,
SEAL,BFV,4096,3,edge_batch,decrypt,1,energy_pkg_j_per_op,0.12361886666666667,,,,,,,n=1_invocation_not_repeated
SEAL,BFV,4096,3,edge_batch,decrypt,1,peak_memory_mb,6.82421875,,,,,,,n=1_invocation_not_repeated
SEAL,BFV,4096,3,edge_batch,decrypt,10,latency_ms,1.632718,0.13926465676347421,1.5807157225310082,1.6847202774689916,1.59307,1.5822875,1.6027874999999998,HIGH_VARIANCE;reduced_reps_at_batch_size
SEAL,BFV,4096,3,edge_batch,decrypt,10,throughput_items_per_sec,6124.756387814676,,,,,,,HIGH_VARIANCE;reduced_reps_at_batch_size
SEAL,BFV,4096,3,edge_batch,decrypt,10,energy_pkg_j_per_op,0.05616210909090909,,,,,,,n=1_invocation_not_repeated
SEAL,BFV,4096,3,edge_batch,decrypt,10,peak_memory_mb,7.5,,,,,,,n=1_invocation_not_repeated
SEAL,BFV,4096,3,edge_batch,decrypt,100,latency_ms,17.2339,0.5696070594912093,16.82642765630332,17.641372343696677,16.99305,16.778825,17.606499999999997,reduced_reps_at_batch_size
SEAL,BFV,4096,3,edge_batch,decrypt,100,throughput_items_per_sec,5802.517131931832,,,,,,,reduced_reps_at_batch_size
SEAL,BFV,4096,3,edge_batch,decrypt,100,energy_pkg_j_per_op,0.04566797,,,,,,,n=1_invocation_not_repeated
SEAL,BFV,4096,3,edge_batch,decrypt,100,peak_memory_mb,13.109375,,,,,,,n=1_invocation_not_repeated
SEAL,BFV,4096,3,edge_batch,encrypt,1,latency_ms,0.68962641,0.0745702555548596,0.6748300534843916,0.7044227665156084,0.678193,0.6671619999999999,0.68805675,HIGH_VARIANCE
SEAL,BFV,4096,3,edge_batch,encrypt,1,throughput_items_per_sec,1450.0604754971607,,,,,,,HIGH_VARIANCE
SEAL,BFV,4096,3,edge_batch,encrypt,1,energy_pkg_j_per_op,0.1426174,,,,,,,n=1_invocation_not_repeated
SEAL,BFV,4096,3,edge_batch,encrypt,1,peak_memory_mb,6.73046875,,,,,,,n=1_invocation_not_repeated
SEAL,BFV,4096,3,edge_batch,encrypt,10,latency_ms,6.989808333333333,0.2862165422348096,6.882933320021172,7.096683346645495,6.9162099999999995,6.83694,6.9920475,reduced_reps_at_batch_size
SEAL,BFV,4096,3,edge_batch,encrypt,10,throughput_items_per_sec,1430.6543932415887,,,,,,,reduced_reps_at_batch_size
SEAL,BFV,4096,3,edge_batch,encrypt,10,energy_pkg_j_per_op,0.050883163636363624,,,,,,,n=1_invocation_not_repeated
SEAL,BFV,4096,3,edge_batch,encrypt,10,peak_memory_mb,7.01171875,,,,,,,n=1_invocation_not_repeated
SEAL,BFV,4096,3,edge_batch,encrypt,100,latency_ms,71.81018,1.7279056853119426,70.57411073514614,73.04624926485387,71.6887,70.85305,72.0321,reduced_reps_at_batch_size
SEAL,BFV,4096,3,edge_batch,encrypt,100,throughput_items_per_sec,1392.560219177838,,,,,,,reduced_reps_at_batch_size
SEAL,BFV,4096,3,edge_batch,encrypt,100,energy_pkg_j_per_op,0.028259709999999997,,,,,,,n=1_invocation_not_repeated
SEAL,BFV,4096,3,edge_batch,encrypt,100,peak_memory_mb,9.76171875,,,,,,,n=1_invocation_not_repeated
SEAL,BFV,4096,3,edge_batch,multiply,1,latency_ms,,,,,,,,skipped_depth0_undefined_at_this_config
SEAL,BFV,4096,3,edge_batch,multiply,10,latency_ms,,,,,,,,skipped_depth0_undefined_at_this_config
SEAL,BFV,4096,3,edge_batch,multiply,100,latency_ms,,,,,,,,skipped_depth0_undefined_at_this_config
SEAL,BFV,4096,3,edge_batch,relinearize,1,latency_ms,,,,,,,,skipped_depth0_undefined_at_this_config
SEAL,BFV,4096,3,edge_batch,relinearize,10,latency_ms,,,,,,,,skipped_depth0_undefined_at_this_config
SEAL,BFV,4096,3,edge_batch,relinearize,100,latency_ms,,,,,,,,skipped_depth0_undefined_at_this_config
SEAL,BFV,4096,5,edge_batch,add,1,latency_ms,0.01331489,0.004882811735293839,0.012346034218342487,0.014283745781657512,0.0139615,0.008741,0.01609075,HIGH_VARIANCE
SEAL,BFV,4096,5,edge_batch,add,1,throughput_items_per_sec,75103.88745231842,,,,,,,HIGH_VARIANCE
SEAL,BFV,4096,5,edge_batch,add,1,energy_pkg_j_per_op,0.18566138095238094,,,,,,,n=1_invocation_not_repeated
SEAL,BFV,4096,5,edge_batch,add,1,peak_memory_mb,6.99609375,,,,,,,n=1_invocation_not_repeated
SEAL,BFV,4096,5,edge_batch,add,10,latency_ms,0.09286663333333334,0.01355940703993772,0.08780346753381961,0.09792979913284706,0.088979,0.08369675,0.09659575000000001,HIGH_VARIANCE;reduced_reps_at_batch_size
SEAL,BFV,4096,5,edge_batch,add,10,throughput_items_per_sec,107681.30211102012,,,,,,,HIGH_VARIANCE;reduced_reps_at_batch_size
SEAL,BFV,4096,5,edge_batch,add,10,energy_pkg_j_per_op,0.06823276060606061,,,,,,,n=1_invocation_not_repeated
SEAL,BFV,4096,5,edge_batch,add,10,peak_memory_mb,7.98828125,,,,,,,n=1_invocation_not_repeated
SEAL,BFV,4096,5,edge_batch,add,100,latency_ms,1.0228998,0.05155310075123189,0.9860209333534048,1.0597786666465951,1.0081455,0.9785177500000001,1.0712925,HIGH_VARIANCE;reduced_reps_at_batch_size
SEAL,BFV,4096,5,edge_batch,add,100,throughput_items_per_sec,97761.28610055451,,,,,,,HIGH_VARIANCE;reduced_reps_at_batch_size
SEAL,BFV,4096,5,edge_batch,add,100,energy_pkg_j_per_op,0.043118905,,,,,,,n=1_invocation_not_repeated
SEAL,BFV,4096,5,edge_batch,add,100,peak_memory_mb,19.4296875,,,,,,,n=1_invocation_not_repeated
SEAL,BFV,4096,5,edge_batch,decrypt,1,latency_ms,0.15909853,0.010315760581403016,0.1570516592985873,0.16114540070141267,0.155911,0.154448,0.159834,HIGH_VARIANCE
SEAL,BFV,4096,5,edge_batch,decrypt,1,throughput_items_per_sec,6285.413196463853,,,,,,,HIGH_VARIANCE
SEAL,BFV,4096,5,edge_batch,decrypt,1,energy_pkg_j_per_op,0.14631666666666668,,,,,,,n=1_invocation_not_repeated
SEAL,BFV,4096,5,edge_batch,decrypt,1,peak_memory_mb,6.80859375,,,,,,,n=1_invocation_not_repeated
SEAL,BFV,4096,5,edge_batch,decrypt,10,latency_ms,1.6178476666666666,0.10117813552423725,1.5800671299561737,1.6556282033771594,1.58508,1.5772075,1.6002075,HIGH_VARIANCE;reduced_reps_at_batch_size
SEAL,BFV,4096,5,edge_batch,decrypt,10,throughput_items_per_sec,6181.051656490939,,,,,,,HIGH_VARIANCE;reduced_reps_at_batch_size
SEAL,BFV,4096,5,edge_batch,decrypt,10,energy_pkg_j_per_op,0.06343758787878788,,,,,,,n=1_invocation_not_repeated
SEAL,BFV,4096,5,edge_batch,decrypt,10,peak_memory_mb,7.421875,,,,,,,n=1_invocation_not_repeated
SEAL,BFV,4096,5,edge_batch,decrypt,100,latency_ms,15.85028,0.25934395351004824,15.664756511834852,16.035803488165147,15.767800000000001,15.7267,15.8848,reduced_reps_at_batch_size
SEAL,BFV,4096,5,edge_batch,decrypt,100,throughput_items_per_sec,6309.03681196799,,,,,,,reduced_reps_at_batch_size
SEAL,BFV,4096,5,edge_batch,decrypt,100,energy_pkg_j_per_op,0.03218303833333334,,,,,,,n=1_invocation_not_repeated
SEAL,BFV,4096,5,edge_batch,decrypt,100,peak_memory_mb,12.98828125,,,,,,,n=1_invocation_not_repeated
SEAL,BFV,4096,5,edge_batch,encrypt,1,latency_ms,0.68427286,0.01891198955770405,0.6805203109731378,0.6880254090268622,0.6849105,0.6735565,0.692149,
SEAL,BFV,4096,5,edge_batch,encrypt,1,throughput_items_per_sec,1461.405323016903,,,,,,,
SEAL,BFV,4096,5,edge_batch,encrypt,1,energy_pkg_j_per_op,0.12307465714285715,,,,,,,n=1_invocation_not_repeated
SEAL,BFV,4096,5,edge_batch,encrypt,1,peak_memory_mb,6.83203125,,,,,,,n=1_invocation_not_repeated
SEAL,BFV,4096,5,edge_batch,encrypt,10,latency_ms,6.953546333333334,0.26293633253860255,6.855364293186751,7.051728373479916,6.89361,6.8472875,6.939159999999999,reduced_reps_at_batch_size
SEAL,BFV,4096,5,edge_batch,encrypt,10,throughput_items_per_sec,1438.1151028019804,,,,,,,reduced_reps_at_batch_size
SEAL,BFV,4096,5,edge_batch,encrypt,10,energy_pkg_j_per_op,0.06427252424242424,,,,,,,n=1_invocation_not_repeated
SEAL,BFV,4096,5,edge_batch,encrypt,10,peak_memory_mb,6.8671875,,,,,,,n=1_invocation_not_repeated
SEAL,BFV,4096,5,edge_batch,encrypt,100,latency_ms,69.1019,0.3210881948762504,68.87220734236962,69.33159265763038,69.07065,69.0121,69.255375,reduced_reps_at_batch_size
SEAL,BFV,4096,5,edge_batch,encrypt,100,throughput_items_per_sec,1447.1382118291972,,,,,,,reduced_reps_at_batch_size
SEAL,BFV,4096,5,edge_batch,encrypt,100,energy_pkg_j_per_op,0.025088589999999997,,,,,,,n=1_invocation_not_repeated
SEAL,BFV,4096,5,edge_batch,encrypt,100,peak_memory_mb,9.9453125,,,,,,,n=1_invocation_not_repeated
SEAL,BFV,4096,5,edge_batch,multiply,1,latency_ms,,,,,,,,skipped_depth0_undefined_at_this_config
SEAL,BFV,4096,5,edge_batch,multiply,10,latency_ms,,,,,,,,skipped_depth0_undefined_at_this_config
SEAL,BFV,4096,5,edge_batch,multiply,100,latency_ms,,,,,,,,skipped_depth0_undefined_at_this_config
SEAL,BFV,4096,5,edge_batch,relinearize,1,latency_ms,,,,,,,,skipped_depth0_undefined_at_this_config
SEAL,BFV,4096,5,edge_batch,relinearize,10,latency_ms,,,,,,,,skipped_depth0_undefined_at_this_config
SEAL,BFV,4096,5,edge_batch,relinearize,100,latency_ms,,,,,,,,skipped_depth0_undefined_at_this_config
SEAL,BFV,8192,1,edge_batch,add,1,latency_ms,0.06935211,0.015664032338736724,0.06624402615032807,0.07246019384967192,0.067693,0.05956,0.075759,HIGH_VARIANCE
SEAL,BFV,8192,1,edge_batch,add,1,throughput_items_per_sec,14419.171961747092,,,,,,,HIGH_VARIANCE
SEAL,BFV,8192,1,edge_batch,add,1,energy_pkg_j_per_op,0.2646837238095238,,,,,,,n=1_invocation_not_repeated
SEAL,BFV,8192,1,edge_batch,add,1,peak_memory_mb,17.83984375,,,,,,,n=1_invocation_not_repeated
SEAL,BFV,8192,1,edge_batch,add,10,latency_ms,0.6126466666666667,0.042665882468098666,0.5967149643228788,0.6285783690104545,0.596002,0.5784735000000001,0.6452655,HIGH_VARIANCE;reduced_reps_at_batch_size
SEAL,BFV,8192,1,edge_batch,add,10,throughput_items_per_sec,16322.622066008684,,,,,,,HIGH_VARIANCE;reduced_reps_at_batch_size
SEAL,BFV,8192,1,edge_batch,add,10,energy_pkg_j_per_op,0.14271422424242425,,,,,,,n=1_invocation_not_repeated
SEAL,BFV,8192,1,edge_batch,add,10,peak_memory_mb,24.4453125,,,,,,,n=1_invocation_not_repeated
SEAL,BFV,8192,1,edge_batch,add,100,latency_ms,6.058034,0.45220062234465014,5.734549161921522,6.381518838078478,5.935995,5.740499999999999,6.2039225,HIGH_VARIANCE;reduced_reps_at_batch_size
SEAL,BFV,8192,1,edge_batch,add,100,throughput_items_per_sec,16507.00540802511,,,,,,,HIGH_VARIANCE;reduced_reps_at_batch_size
SEAL,BFV,8192,1,edge_batch,add,100,energy_pkg_j_per_op,0.13346077166666667,,,,,,,n=1_invocation_not_repeated
SEAL,BFV,8192,1,edge_batch,add,100,peak_memory_mb,92.06640625,,,,,,,n=1_invocation_not_repeated
SEAL,BFV,8192,1,edge_batch,decrypt,1,latency_ms,0.76022327,0.03277335915126304,0.7537203245211634,0.7667262154788366,0.7509809999999999,0.7442685,0.7627507499999999,
SEAL,BFV,8192,1,edge_batch,decrypt,1,throughput_items_per_sec,1315.4030394255099,,,,,,,
SEAL,BFV,8192,1,edge_batch,decrypt,1,energy_pkg_j_per_op,0.1832594761904762,,,,,,,n=1_invocation_not_repeated
SEAL,BFV,8192,1,edge_batch,decrypt,1,peak_memory_mb,17.671875,,,,,,,n=1_invocation_not_repeated
SEAL,BFV,8192,1,edge_batch,decrypt,10,latency_ms,7.673665333333333,0.08621301984772577,7.641472862653744,7.705857804012922,7.67456,7.59644,7.7305675,reduced_reps_at_batch_size
SEAL,BFV,8192,1,edge_batch,decrypt,10,throughput_items_per_sec,1303.1582126159963,,,,,,,reduced_reps_at_batch_size
SEAL,BFV,8192,1,edge_batch,decrypt,10,energy_pkg_j_per_op,0.11133448181818181,,,,,,,n=1_invocation_not_repeated
SEAL,BFV,8192,1,edge_batch,decrypt,10,peak_memory_mb,21.01953125,,,,,,,n=1_invocation_not_repeated
SEAL,BFV,8192,1,edge_batch,decrypt,100,latency_ms,78.10753,1.879605985927193,76.76294087746318,79.45211912253681,77.7988,76.488225,79.772225,reduced_reps_at_batch_size
SEAL,BFV,8192,1,edge_batch,decrypt,100,throughput_items_per_sec,1280.2862924995836,,,,,,,reduced_reps_at_batch_size
SEAL,BFV,8192,1,edge_batch,decrypt,100,energy_pkg_j_per_op,0.08726079416666666,,,,,,,n=1_invocation_not_repeated
SEAL,BFV,8192,1,edge_batch,decrypt,100,peak_memory_mb,54.77734375,,,,,,,n=1_invocation_not_repeated
SEAL,BFV,8192,1,edge_batch,encrypt,1,latency_ms,2.2327076,0.106167222272653,2.2116417197863756,2.2537734802136242,2.203795,2.1831050000000003,2.2408875,
SEAL,BFV,8192,1,edge_batch,encrypt,1,throughput_items_per_sec,447.88668251946655,,,,,,,
SEAL,BFV,8192,1,edge_batch,encrypt,1,energy_pkg_j_per_op,0.15941616190476188,,,,,,,n=1_invocation_not_repeated
SEAL,BFV,8192,1,edge_batch,encrypt,1,peak_memory_mb,17.00390625,,,,,,,n=1_invocation_not_repeated
SEAL,BFV,8192,1,edge_batch,encrypt,10,latency_ms,22.24171,0.16288398526304693,22.180888120323164,22.302531879676838,22.2506,22.131175,22.34315,reduced_reps_at_batch_size
SEAL,BFV,8192,1,edge_batch,encrypt,10,throughput_items_per_sec,449.60571826536716,,,,,,,reduced_reps_at_batch_size
SEAL,BFV,8192,1,edge_batch,encrypt,10,energy_pkg_j_per_op,0.09149709393939394,,,,,,,n=1_invocation_not_repeated
SEAL,BFV,8192,1,edge_batch,encrypt,10,peak_memory_mb,17.5,,,,,,,n=1_invocation_not_repeated
SEAL,BFV,8192,1,edge_batch,encrypt,100,latency_ms,222.4347,3.108379608234635,220.21109918087095,224.65830081912904,221.4785,220.5795,224.19475,reduced_reps_at_batch_size
SEAL,BFV,8192,1,edge_batch,encrypt,100,throughput_items_per_sec,449.57014350728554,,,,,,,reduced_reps_at_batch_size
SEAL,BFV,8192,1,edge_batch,encrypt,100,energy_pkg_j_per_op,0.0625916475,,,,,,,n=1_invocation_not_repeated
SEAL,BFV,8192,1,edge_batch,encrypt,100,peak_memory_mb,23.07421875,,,,,,,n=1_invocation_not_repeated
SEAL,BFV,8192,1,edge_batch,multiply,1,latency_ms,8.3883296,0.3240902915338641,8.324023054969393,8.452636145030608,8.291265,8.1850175,8.4333225,
SEAL,BFV,8192,1,edge_batch,multiply,1,throughput_items_per_sec,119.21324598403953,,,,,,,
SEAL,BFV,8192,1,edge_batch,multiply,1,energy_pkg_j_per_op,0.5017837428571428,,,,,,,n=1_invocation_not_repeated
SEAL,BFV,8192,1,edge_batch,multiply,1,peak_memory_mb,22.21484375,,,,,,,n=1_invocation_not_repeated
SEAL,BFV,8192,1,edge_batch,multiply,10,latency_ms,82.70815999999999,3.5515675261534296,81.38198289062352,84.03433710937647,81.9967,81.4805,82.953975,reduced_reps_at_batch_size
SEAL,BFV,8192,1,edge_batch,multiply,10,throughput_items_per_sec,120.90705439463291,,,,,,,reduced_reps_at_batch_size
SEAL,BFV,8192,1,edge_batch,multiply,10,energy_pkg_j_per_op,0.3396702181818182,,,,,,,n=1_invocation_not_repeated
SEAL,BFV,8192,1,edge_batch,multiply,10,peak_memory_mb,29.07421875,,,,,,,n=1_invocation_not_repeated
SEAL,BFV,8192,1,edge_batch,multiply,100,latency_ms,810.2813,2.9308314349344666,808.1847094927837,812.3778905072163,810.326,808.13375,811.7972500000001,reduced_reps_at_batch_size
SEAL,BFV,8192,1,edge_batch,multiply,100,throughput_items_per_sec,123.41393044613025,,,,,,,reduced_reps_at_batch_size
SEAL,BFV,8192,1,edge_batch,multiply,100,energy_pkg_j_per_op,0.2980223075,,,,,,,n=1_invocation_not_repeated
SEAL,BFV,8192,1,edge_batch,multiply,100,peak_memory_mb,96.796875,,,,,,,n=1_invocation_not_repeated
SEAL,BFV,8192,1,edge_batch,relinearize,1,latency_ms,2.0015853,0.1608516682684938,1.96966883931307,2.03350176068693,1.95343,1.9290325000000001,2.01574,HIGH_VARIANCE
SEAL,BFV,8192,1,edge_batch,relinearize,1,throughput_items_per_sec,499.6039888981999,,,,,,,HIGH_VARIANCE
SEAL,BFV,8192,1,edge_batch,relinearize,1,energy_pkg_j_per_op,0.5287168761904762,,,,,,,n=1_invocation_not_repeated
SEAL,BFV,8192,1,edge_batch,relinearize,1,peak_memory_mb,22.33984375,,,,,,,n=1_invocation_not_repeated
SEAL,BFV,8192,1,edge_batch,relinearize,10,latency_ms,19.18104,0.2294705218841694,19.095354298923368,19.26672570107663,19.13205,19.015249999999998,19.288975,reduced_reps_at_batch_size
SEAL,BFV,8192,1,edge_batch,relinearize,10,throughput_items_per_sec,521.3481646459212,,,,,,,reduced_reps_at_batch_size
SEAL,BFV,8192,1,edge_batch,relinearize,10,energy_pkg_j_per_op,0.36804482727272725,,,,,,,n=1_invocation_not_repeated
SEAL,BFV,8192,1,edge_batch,relinearize,10,peak_memory_mb,27.4140625,,,,,,,n=1_invocation_not_repeated
SEAL,BFV,8192,1,edge_batch,relinearize,100,latency_ms,194.9472,4.928077939499108,191.42186541281765,198.47253458718237,195.34199999999998,191.0505,196.437,reduced_reps_at_batch_size
SEAL,BFV,8192,1,edge_batch,relinearize,100,throughput_items_per_sec,512.9594064444116,,,,,,,reduced_reps_at_batch_size
SEAL,BFV,8192,1,edge_batch,relinearize,100,energy_pkg_j_per_op,0.35539753749999997,,,,,,,n=1_invocation_not_repeated
SEAL,BFV,8192,1,edge_batch,relinearize,100,peak_memory_mb,78.09375,,,,,,,n=1_invocation_not_repeated
SEAL,BFV,8192,3,edge_batch,add,1,latency_ms,0.03861622,0.008116836240627978,0.037005663593809496,0.040226776406190504,0.036033499999999996,0.0330705,0.0406095,HIGH_VARIANCE
SEAL,BFV,8192,3,edge_batch,add,1,throughput_items_per_sec,25895.854125546208,,,,,,,HIGH_VARIANCE
SEAL,BFV,8192,3,edge_batch,add,1,energy_pkg_j_per_op,0.19556701904761906,,,,,,,n=1_invocation_not_repeated
SEAL,BFV,8192,3,edge_batch,add,1,peak_memory_mb,13.21875,,,,,,,n=1_invocation_not_repeated
SEAL,BFV,8192,3,edge_batch,add,10,latency_ms,0.4170897,0.06547748093133847,0.39264000680077676,0.44153939319922325,0.4028095,0.379313,0.43333974999999997,HIGH_VARIANCE;reduced_reps_at_batch_size
SEAL,BFV,8192,3,edge_batch,add,10,throughput_items_per_sec,23975.6579939519,,,,,,,HIGH_VARIANCE;reduced_reps_at_batch_size
SEAL,BFV,8192,3,edge_batch,add,10,energy_pkg_j_per_op,0.12647453333333333,,,,,,,n=1_invocation_not_repeated
SEAL,BFV,8192,3,edge_batch,add,10,peak_memory_mb,17.91015625,,,,,,,n=1_invocation_not_repeated
SEAL,BFV,8192,3,edge_batch,add,100,latency_ms,3.860177,0.12437847268630442,3.771202000609769,3.9491519993902315,3.8039199999999997,3.767335,3.96986,reduced_reps_at_batch_size
SEAL,BFV,8192,3,edge_batch,add,100,throughput_items_per_sec,25905.547854411856,,,,,,,reduced_reps_at_batch_size
SEAL,BFV,8192,3,edge_batch,add,100,energy_pkg_j_per_op,0.09755391749999999,,,,,,,n=1_invocation_not_repeated
SEAL,BFV,8192,3,edge_batch,add,100,peak_memory_mb,62.98828125,,,,,,,n=1_invocation_not_repeated
SEAL,BFV,8192,3,edge_batch,decrypt,1,latency_ms,0.52799954,0.013898838770926231,0.5252417088503362,0.5307573711496639,0.5269055,0.51849725,0.5350109999999999,
SEAL,BFV,8192,3,edge_batch,decrypt,1,throughput_items_per_sec,1893.9410439637882,,,,,,,
SEAL,BFV,8192,3,edge_batch,decrypt,1,energy_pkg_j_per_op,0.17562829523809526,,,,,,,n=1_invocation_not_repeated
SEAL,BFV,8192,3,edge_batch,decrypt,1,peak_memory_mb,13.375,,,,,,,n=1_invocation_not_repeated
SEAL,BFV,8192,3,edge_batch,decrypt,10,latency_ms,5.354390333333334,0.191534926705708,5.28287001629791,5.425910650368758,5.323555000000001,5.2911525,5.3478825,reduced_reps_at_batch_size
SEAL,BFV,8192,3,edge_batch,decrypt,10,throughput_items_per_sec,1867.6262613403044,,,,,,,reduced_reps_at_batch_size
SEAL,BFV,8192,3,edge_batch,decrypt,10,energy_pkg_j_per_op,0.08868273333333333,,,,,,,n=1_invocation_not_repeated
SEAL,BFV,8192,3,edge_batch,decrypt,10,peak_memory_mb,15.48828125,,,,,,,n=1_invocation_not_repeated
SEAL,BFV,8192,3,edge_batch,decrypt,100,latency_ms,52.85524,0.26092411072101984,52.66858613546147,53.04189386453854,52.85555,52.68407499999999,53.008624999999995,reduced_reps_at_batch_size
SEAL,BFV,8192,3,edge_batch,decrypt,100,throughput_items_per_sec,1891.96000245198,,,,,,,reduced_reps_at_batch_size
SEAL,BFV,8192,3,edge_batch,decrypt,100,energy_pkg_j_per_op,0.06411047916666666,,,,,,,n=1_invocation_not_repeated
SEAL,BFV,8192,3,edge_batch,decrypt,100,peak_memory_mb,38.05859375,,,,,,,n=1_invocation_not_repeated
SEAL,BFV,8192,3,edge_batch,encrypt,1,latency_ms,1.8864358,0.19460377850505484,1.8478221883847503,1.92504941161525,1.8286099999999998,1.8128075000000001,1.854825,HIGH_VARIANCE
SEAL,BFV,8192,3,edge_batch,encrypt,1,throughput_items_per_sec,530.1002027209195,,,,,,,HIGH_VARIANCE
SEAL,BFV,8192,3,edge_batch,encrypt,1,energy_pkg_j_per_op,0.18593413333333333,,,,,,,n=1_invocation_not_repeated
SEAL,BFV,8192,3,edge_batch,encrypt,1,peak_memory_mb,12.734375,,,,,,,n=1_invocation_not_repeated
SEAL,BFV,8192,3,edge_batch,encrypt,10,latency_ms,18.002353333333332,0.17588502265799166,17.936676786509,18.068029880157663,17.95215,17.8604,18.160249999999998,reduced_reps_at_batch_size
SEAL,BFV,8192,3,edge_batch,encrypt,10,throughput_items_per_sec,555.4829313056479,,,,,,,reduced_reps_at_batch_size
SEAL,BFV,8192,3,edge_batch,encrypt,10,energy_pkg_j_per_op,0.07667477878787879,,,,,,,n=1_invocation_not_repeated
SEAL,BFV,8192,3,edge_batch,encrypt,10,peak_memory_mb,13.3203125,,,,,,,n=1_invocation_not_repeated
SEAL,BFV,8192,3,edge_batch,encrypt,100,latency_ms,261.5647,43.51970906267642,230.4325755761803,292.6968244238197,283.47249999999997,228.06575,291.47575,HIGH_VARIANCE;reduced_reps_at_batch_size
SEAL,BFV,8192,3,edge_batch,encrypt,100,throughput_items_per_sec,382.3145860278546,,,,,,,HIGH_VARIANCE;reduced_reps_at_batch_size
SEAL,BFV,8192,3,edge_batch,encrypt,100,energy_pkg_j_per_op,0.09256251750000001,,,,,,,n=1_invocation_not_repeated
SEAL,BFV,8192,3,edge_batch,encrypt,100,peak_memory_mb,18.97265625,,,,,,,n=1_invocation_not_repeated
SEAL,BFV,8192,3,edge_batch,multiply,1,latency_ms,5.6515296,0.06667469262172877,5.638299894465815,5.664759305534185,5.64485,5.6045324999999995,5.6824699999999995,
SEAL,BFV,8192,3,edge_batch,multiply,1,throughput_items_per_sec,176.94324736439495,,,,,,,
SEAL,BFV,8192,3,edge_batch,multiply,1,energy_pkg_j_per_op,0.309114,,,,,,,n=1_invocation_not_repeated
SEAL,BFV,8192,3,edge_batch,multiply,1,peak_memory_mb,16.453125,,,,,,,n=1_invocation_not_repeated
SEAL,BFV,8192,3,edge_batch,multiply,10,latency_ms,58.72805666666667,1.6291371438816042,58.11972685952071,59.336386473812624,58.3016,57.665875,59.01265,reduced_reps_at_batch_size
SEAL,BFV,8192,3,edge_batch,multiply,10,throughput_items_per_sec,170.27636478351033,,,,,,,reduced_reps_at_batch_size
SEAL,BFV,8192,3,edge_batch,multiply,10,energy_pkg_j_per_op,0.2973095757575758,,,,,,,n=1_invocation_not_repeated
SEAL,BFV,8192,3,edge_batch,multiply,10,peak_memory_mb,20.9609375,,,,,,,n=1_invocation_not_repeated
SEAL,BFV,8192,3,edge_batch,multiply,100,latency_ms,572.2576,4.909780334529584,568.7453547308953,575.7698452691047,570.4490000000001,569.7687500000001,573.9685000000001,reduced_reps_at_batch_size
SEAL,BFV,8192,3,edge_batch,multiply,100,throughput_items_per_sec,174.74647780999325,,,,,,,reduced_reps_at_batch_size
SEAL,BFV,8192,3,edge_batch,multiply,100,energy_pkg_j_per_op,0.23734448333333333,,,,,,,n=1_invocation_not_repeated
SEAL,BFV,8192,3,edge_batch,multiply,100,peak_memory_mb,66.18359375,,,,,,,n=1_invocation_not_repeated
SEAL,BFV,8192,3,edge_batch,relinearize,1,latency_ms,1.202725,0.05454170444936997,1.1919027425463145,1.2135472574536856,1.1901000000000002,1.1703975,1.2144275,
SEAL,BFV,8192,3,edge_batch,relinearize,1,throughput_items_per_sec,831.445259722713,,,,,,,
SEAL,BFV,8192,3,edge_batch,relinearize,1,energy_pkg_j_per_op,0.3694512571428572,,,,,,,n=1_invocation_not_repeated
SEAL,BFV,8192,3,edge_batch,relinearize,1,peak_memory_mb,16.46484375,,,,,,,n=1_invocation_not_repeated
SEAL,BFV,8192,3,edge_batch,relinearize,10,latency_ms,12.020573333333333,0.13463350490750134,11.97030035638762,12.070846310279046,11.97535,11.9415,12.095025,reduced_reps_at_batch_size
SEAL,BFV,8192,3,edge_batch,relinearize,10,throughput_items_per_sec,831.9070748705276,,,,,,,reduced_reps_at_batch_size
SEAL,BFV,8192,3,edge_batch,relinearize,10,energy_pkg_j_per_op,0.3007893212121212,,,,,,,n=1_invocation_not_repeated
SEAL,BFV,8192,3,edge_batch,relinearize,10,peak_memory_mb,19.8828125,,,,,,,n=1_invocation_not_repeated
SEAL,BFV,8192,3,edge_batch,relinearize,100,latency_ms,115.3982,0.34863823975895375,115.14879922750298,115.64760077249703,115.48400000000001,115.13325,115.6215,reduced_reps_at_batch_size
SEAL,BFV,8192,3,edge_batch,relinearize,100,throughput_items_per_sec,866.5646431226829,,,,,,,reduced_reps_at_batch_size
SEAL,BFV,8192,3,edge_batch,relinearize,100,energy_pkg_j_per_op,0.24132041333333334,,,,,,,n=1_invocation_not_repeated
SEAL,BFV,8192,3,edge_batch,relinearize,100,peak_memory_mb,53.59765625,,,,,,,n=1_invocation_not_repeated
SEAL,BFV,8192,5,edge_batch,add,1,latency_ms,0.01765029,0.0024904390035096263,0.01715613287123442,0.01814444712876558,0.016947,0.01608325,0.0182,HIGH_VARIANCE
SEAL,BFV,8192,5,edge_batch,add,1,throughput_items_per_sec,56656.29289943678,,,,,,,HIGH_VARIANCE
SEAL,BFV,8192,5,edge_batch,add,1,energy_pkg_j_per_op,0.1755761238095238,,,,,,,n=1_invocation_not_repeated
SEAL,BFV,8192,5,edge_batch,add,1,peak_memory_mb,9.125,,,,,,,n=1_invocation_not_repeated
SEAL,BFV,8192,5,edge_batch,add,10,latency_ms,0.1963858,0.019230639459664,0.189204961211979,0.203566638788021,0.188963,0.18446725,0.201127,HIGH_VARIANCE;reduced_reps_at_batch_size
SEAL,BFV,8192,5,edge_batch,add,10,throughput_items_per_sec,50920.17854651406,,,,,,,HIGH_VARIANCE;reduced_reps_at_batch_size
SEAL,BFV,8192,5,edge_batch,add,10,energy_pkg_j_per_op,0.09952256969696968,,,,,,,n=1_invocation_not_repeated
SEAL,BFV,8192,5,edge_batch,add,10,peak_memory_mb,11.4375,,,,,,,n=1_invocation_not_repeated
SEAL,BFV,8192,5,edge_batch,add,100,latency_ms,2.306094,0.3987453779934146,2.0208487401285278,2.591339259871472,2.172345,2.0089474999999997,2.4054925000000003,HIGH_VARIANCE;reduced_reps_at_batch_size
SEAL,BFV,8192,5,edge_batch,add,100,throughput_items_per_sec,43363.366801179836,,,,,,,HIGH_VARIANCE;reduced_reps_at_batch_size
SEAL,BFV,8192,5,edge_batch,add,100,energy_pkg_j_per_op,0.09310043750000001,,,,,,,n=1_invocation_not_repeated
SEAL,BFV,8192,5,edge_batch,add,100,peak_memory_mb,33.984375,,,,,,,n=1_invocation_not_repeated
SEAL,BFV,8192,5,edge_batch,decrypt,1,latency_ms,0.33248509,0.019242780823469904,0.3286669048094409,0.3363032751905591,0.327056,0.321461,0.33884400000000003,HIGH_VARIANCE
SEAL,BFV,8192,5,edge_batch,decrypt,1,throughput_items_per_sec,3007.65366651479,,,,,,,HIGH_VARIANCE
SEAL,BFV,8192,5,edge_batch,decrypt,1,energy_pkg_j_per_op,0.16745190476190477,,,,,,,n=1_invocation_not_repeated
SEAL,BFV,8192,5,edge_batch,decrypt,1,peak_memory_mb,9.2109375,,,,,,,n=1_invocation_not_repeated
SEAL,BFV,8192,5,edge_batch,decrypt,10,latency_ms,3.2453996666666667,0.04809422378991079,3.2274409883608968,3.2633583449724366,3.24157,3.209315,3.2587775,reduced_reps_at_batch_size
SEAL,BFV,8192,5,edge_batch,decrypt,10,throughput_items_per_sec,3081.2845957647332,,,,,,,reduced_reps_at_batch_size
SEAL,BFV,8192,5,edge_batch,decrypt,10,energy_pkg_j_per_op,0.07766497878787879,,,,,,,n=1_invocation_not_repeated
SEAL,BFV,8192,5,edge_batch,decrypt,10,peak_memory_mb,10.27734375,,,,,,,n=1_invocation_not_repeated
SEAL,BFV,8192,5,edge_batch,decrypt,100,latency_ms,33.54806,0.867654415587732,32.927377421813375,34.168742578186624,33.29835,32.871625,33.973175,reduced_reps_at_batch_size
SEAL,BFV,8192,5,edge_batch,decrypt,100,throughput_items_per_sec,2980.798293552593,,,,,,,reduced_reps_at_batch_size
SEAL,BFV,8192,5,edge_batch,decrypt,100,energy_pkg_j_per_op,0.060741182500000004,,,,,,,n=1_invocation_not_repeated
SEAL,BFV,8192,5,edge_batch,decrypt,100,peak_memory_mb,21.5625,,,,,,,n=1_invocation_not_repeated
SEAL,BFV,8192,5,edge_batch,encrypt,1,latency_ms,1.3944912,0.041668609464524616,1.3862232438751456,1.4027591561248545,1.384485,1.3718775,1.40789,
SEAL,BFV,8192,5,edge_batch,encrypt,1,throughput_items_per_sec,717.107429577182,,,,,,,
SEAL,BFV,8192,5,edge_batch,encrypt,1,energy_pkg_j_per_op,0.14205097142857143,,,,,,,n=1_invocation_not_repeated
SEAL,BFV,8192,5,edge_batch,encrypt,1,peak_memory_mb,8.765625,,,,,,,n=1_invocation_not_repeated
SEAL,BFV,8192,5,edge_batch,encrypt,10,latency_ms,13.91002,0.13791724505209133,13.858520854332777,13.961519145667221,13.87915,13.8262,13.950975,reduced_reps_at_batch_size
SEAL,BFV,8192,5,edge_batch,encrypt,10,throughput_items_per_sec,718.9062273095223,,,,,,,reduced_reps_at_batch_size
SEAL,BFV,8192,5,edge_batch,encrypt,10,energy_pkg_j_per_op,0.0650231696969697,,,,,,,n=1_invocation_not_repeated
SEAL,BFV,8192,5,edge_batch,encrypt,10,peak_memory_mb,9.51171875,,,,,,,n=1_invocation_not_repeated
SEAL,BFV,8192,5,edge_batch,encrypt,100,latency_ms,138.821,1.5410543288425802,137.71859614338646,139.92340385661353,138.962,137.73999999999998,139.75900000000001,reduced_reps_at_batch_size
SEAL,BFV,8192,5,edge_batch,encrypt,100,throughput_items_per_sec,720.3521081104444,,,,,,,reduced_reps_at_batch_size
SEAL,BFV,8192,5,edge_batch,encrypt,100,energy_pkg_j_per_op,0.040272715833333333,,,,,,,n=1_invocation_not_repeated
SEAL,BFV,8192,5,edge_batch,encrypt,100,peak_memory_mb,15.05859375,,,,,,,n=1_invocation_not_repeated
SEAL,BFV,8192,5,edge_batch,multiply,1,latency_ms,,,,,,,,skipped_depth0_undefined_at_this_config
SEAL,BFV,8192,5,edge_batch,multiply,10,latency_ms,,,,,,,,skipped_depth0_undefined_at_this_config
SEAL,BFV,8192,5,edge_batch,multiply,100,latency_ms,,,,,,,,skipped_depth0_undefined_at_this_config
SEAL,BFV,8192,5,edge_batch,relinearize,1,latency_ms,,,,,,,,skipped_depth0_undefined_at_this_config
SEAL,BFV,8192,5,edge_batch,relinearize,10,latency_ms,,,,,,,,skipped_depth0_undefined_at_this_config
SEAL,BFV,8192,5,edge_batch,relinearize,100,latency_ms,,,,,,,,skipped_depth0_undefined_at_this_config
SEAL,BGV,2048,1,edge_batch,add,1,latency_ms,0.00490133,0.0007998153834328004,0.004742629275805305,0.005060030724194695,0.004809,0.00437625,0.00506,HIGH_VARIANCE
SEAL,BGV,2048,1,edge_batch,add,1,throughput_items_per_sec,204026.2540983774,,,,,,,HIGH_VARIANCE
SEAL,BGV,2048,1,edge_batch,add,1,energy_pkg_j_per_op,0.13736326666666665,,,,,,,n=1_invocation_not_repeated
SEAL,BGV,2048,1,edge_batch,add,1,peak_memory_mb,5.6953125,,,,,,,n=1_invocation_not_repeated
SEAL,BGV,2048,1,edge_batch,add,10,latency_ms,0.045220166666666665,0.005106380451561747,0.04331341286943191,0.04712692046390142,0.045371,0.041504,0.0467205,HIGH_VARIANCE;reduced_reps_at_batch_size
SEAL,BGV,2048,1,edge_batch,add,10,throughput_items_per_sec,221140.27296081028,,,,,,,HIGH_VARIANCE;reduced_reps_at_batch_size
SEAL,BGV,2048,1,edge_batch,add,10,energy_pkg_j_per_op,0.05691012121212121,,,,,,,n=1_invocation_not_repeated
SEAL,BGV,2048,1,edge_batch,add,10,peak_memory_mb,6.14453125,,,,,,,n=1_invocation_not_repeated
SEAL,BGV,2048,1,edge_batch,add,100,latency_ms,0.5454078,0.059658939344689445,0.5027303657368914,0.5880852342631085,0.5215805,0.5057805,0.58075075,HIGH_VARIANCE;reduced_reps_at_batch_size
SEAL,BGV,2048,1,edge_batch,add,100,throughput_items_per_sec,183349.04634660523,,,,,,,HIGH_VARIANCE;reduced_reps_at_batch_size
SEAL,BGV,2048,1,edge_batch,add,100,energy_pkg_j_per_op,0.03178742416666667,,,,,,,n=1_invocation_not_repeated
SEAL,BGV,2048,1,edge_batch,add,100,peak_memory_mb,11.8046875,,,,,,,n=1_invocation_not_repeated
SEAL,BGV,2048,1,edge_batch,decrypt,1,latency_ms,0.04664238,0.0037707698187317918,0.04589417746051419,0.047390582539485804,0.0459525,0.04460975,0.04648825,HIGH_VARIANCE
SEAL,BGV,2048,1,edge_batch,decrypt,1,throughput_items_per_sec,21439.729276250484,,,,,,,HIGH_VARIANCE
SEAL,BGV,2048,1,edge_batch,decrypt,1,energy_pkg_j_per_op,0.11516868571428572,,,,,,,n=1_invocation_not_repeated
SEAL,BGV,2048,1,edge_batch,decrypt,1,peak_memory_mb,5.47265625,,,,,,,n=1_invocation_not_repeated
SEAL,BGV,2048,1,edge_batch,decrypt,10,latency_ms,0.4569971,0.009068132622845634,0.4536110036296931,0.4603831963703069,0.45466799999999996,0.449042,0.46778125000000004,reduced_reps_at_batch_size
SEAL,BGV,2048,1,edge_batch,decrypt,10,throughput_items_per_sec,21881.97693158228,,,,,,,reduced_reps_at_batch_size
SEAL,BGV,2048,1,edge_batch,decrypt,10,energy_pkg_j_per_op,0.046284818181818184,,,,,,,n=1_invocation_not_repeated
SEAL,BGV,2048,1,edge_batch,decrypt,10,peak_memory_mb,5.78125,,,,,,,n=1_invocation_not_repeated
SEAL,BGV,2048,1,edge_batch,decrypt,100,latency_ms,4.920149,0.09886292884033385,4.849426721109581,4.9908712788904195,4.9194700000000005,4.87218,4.9533675,reduced_reps_at_batch_size
SEAL,BGV,2048,1,edge_batch,decrypt,100,throughput_items_per_sec,20324.587730981315,,,,,,,reduced_reps_at_batch_size
SEAL,BGV,2048,1,edge_batch,decrypt,100,energy_pkg_j_per_op,0.029607767500000003,,,,,,,n=1_invocation_not_repeated
SEAL,BGV,2048,1,edge_batch,decrypt,100,peak_memory_mb,8.6796875,,,,,,,n=1_invocation_not_repeated
SEAL,BGV,2048,1,edge_batch,encrypt,1,latency_ms,0.44039616,0.023192562138319217,0.43579425250544257,0.4449980674945574,0.43720000000000003,0.42632449999999994,0.44808875,HIGH_VARIANCE
SEAL,BGV,2048,1,edge_batch,encrypt,1,throughput_items_per_sec,2270.682832475197,,,,,,,HIGH_VARIANCE
SEAL,BGV,2048,1,edge_batch,encrypt,1,energy_pkg_j_per_op,0.11598622857142857,,,,,,,n=1_invocation_not_repeated
SEAL,BGV,2048,1,edge_batch,encrypt,1,peak_memory_mb,5.51953125,,,,,,,n=1_invocation_not_repeated
SEAL,BGV,2048,1,edge_batch,encrypt,10,latency_ms,6.054238333333333,1.433927681776906,5.5188009372905205,6.589675729376146,5.071235,4.85732,7.6829725,HIGH_VARIANCE;reduced_reps_at_batch_size
SEAL,BGV,2048,1,edge_batch,encrypt,10,throughput_items_per_sec,1651.735437130407,,,,,,,HIGH_VARIANCE;reduced_reps_at_batch_size
SEAL,BGV,2048,1,edge_batch,encrypt,10,energy_pkg_j_per_op,0.06171629696969697,,,,,,,n=1_invocation_not_repeated
SEAL,BGV,2048,1,edge_batch,encrypt,10,peak_memory_mb,5.59375,,,,,,,n=1_invocation_not_repeated
SEAL,BGV,2048,1,edge_batch,encrypt,100,latency_ms,46.40363,1.6151122493154746,45.248248298534364,47.559011701465636,45.94735,45.755875,46.124624999999995,reduced_reps_at_batch_size
SEAL,BGV,2048,1,edge_batch,encrypt,100,throughput_items_per_sec,2155.003821899278,,,,,,,reduced_reps_at_batch_size
SEAL,BGV,2048,1,edge_batch,encrypt,100,energy_pkg_j_per_op,0.02186678666666667,,,,,,,n=1_invocation_not_repeated
SEAL,BGV,2048,1,edge_batch,encrypt,100,peak_memory_mb,7.05859375,,,,,,,n=1_invocation_not_repeated
SEAL,BGV,2048,1,edge_batch,multiply,1,latency_ms,,,,,,,,skipped_depth0_undefined_at_this_config
SEAL,BGV,2048,1,edge_batch,multiply,10,latency_ms,,,,,,,,skipped_depth0_undefined_at_this_config
SEAL,BGV,2048,1,edge_batch,multiply,100,latency_ms,,,,,,,,skipped_depth0_undefined_at_this_config
SEAL,BGV,2048,1,edge_batch,relinearize,1,latency_ms,,,,,,,,skipped_depth0_undefined_at_this_config
SEAL,BGV,2048,1,edge_batch,relinearize,10,latency_ms,,,,,,,,skipped_depth0_undefined_at_this_config
SEAL,BGV,2048,1,edge_batch,relinearize,100,latency_ms,,,,,,,,skipped_depth0_undefined_at_this_config
SEAL,BGV,2048,3,edge_batch,add,1,latency_ms,0.00951609,0.0016729506208184896,0.009184140301900493,0.009848039698099506,0.009188,0.008922,0.00940025,HIGH_VARIANCE
SEAL,BGV,2048,3,edge_batch,add,1,throughput_items_per_sec,105085.17679004718,,,,,,,HIGH_VARIANCE
SEAL,BGV,2048,3,edge_batch,add,1,energy_pkg_j_per_op,0.11475251428571429,,,,,,,n=1_invocation_not_repeated
SEAL,BGV,2048,3,edge_batch,add,1,peak_memory_mb,5.30859375,,,,,,,n=1_invocation_not_repeated
SEAL,BGV,2048,3,edge_batch,add,10,latency_ms,0.08323376666666667,0.008506680087795234,0.08005732011844599,0.08641021321488734,0.0808185,0.0769985,0.08743549999999999,HIGH_VARIANCE;reduced_reps_at_batch_size
SEAL,BGV,2048,3,edge_batch,add,10,throughput_items_per_sec,120143.54751056562,,,,,,,HIGH_VARIANCE;reduced_reps_at_batch_size
SEAL,BGV,2048,3,edge_batch,add,10,energy_pkg_j_per_op,0.05042500909090909,,,,,,,n=1_invocation_not_repeated
SEAL,BGV,2048,3,edge_batch,add,10,peak_memory_mb,6.4765625,,,,,,,n=1_invocation_not_repeated
SEAL,BGV,2048,3,edge_batch,add,100,latency_ms,1.0221905,0.08363806242408746,0.9623594344429235,1.0820215655570764,0.991027,0.96813075,1.04862,HIGH_VARIANCE;reduced_reps_at_batch_size
SEAL,BGV,2048,3,edge_batch,add,100,throughput_items_per_sec,97829.12284941017,,,,,,,HIGH_VARIANCE;reduced_reps_at_batch_size
SEAL,BGV,2048,3,edge_batch,add,100,energy_pkg_j_per_op,0.031408885000000004,,,,,,,n=1_invocation_not_repeated
SEAL,BGV,2048,3,edge_batch,add,100,peak_memory_mb,17.90234375,,,,,,,n=1_invocation_not_repeated
SEAL,BGV,2048,3,edge_batch,decrypt,1,latency_ms,0.08587806,0.007410476429046553,0.08440766070501543,0.08734845929498458,0.085031,0.083854,0.08587875,HIGH_VARIANCE
SEAL,BGV,2048,3,edge_batch,decrypt,1,throughput_items_per_sec,11644.417677809673,,,,,,,HIGH_VARIANCE
SEAL,BGV,2048,3,edge_batch,decrypt,1,energy_pkg_j_per_op,0.15569438095238095,,,,,,,n=1_invocation_not_repeated
SEAL,BGV,2048,3,edge_batch,decrypt,1,peak_memory_mb,5.328125,,,,,,,n=1_invocation_not_repeated
SEAL,BGV,2048,3,edge_batch,decrypt,10,latency_ms,0.8373813666666666,0.028741781355399836,0.8266490091272007,0.8481137242061325,0.8288385,0.8162922499999999,0.8455980000000001,reduced_reps_at_batch_size
SEAL,BGV,2048,3,edge_batch,decrypt,10,throughput_items_per_sec,11941.990111156443,,,,,,,reduced_reps_at_batch_size
SEAL,BGV,2048,3,edge_batch,decrypt,10,energy_pkg_j_per_op,0.0492875,,,,,,,n=1_invocation_not_repeated
SEAL,BGV,2048,3,edge_batch,decrypt,10,peak_memory_mb,6.0546875,,,,,,,n=1_invocation_not_repeated
SEAL,BGV,2048,3,edge_batch,decrypt,100,latency_ms,8.557494,0.38982860020498494,8.278627418698488,8.836360581301513,8.480845,8.231209999999999,8.7915575,reduced_reps_at_batch_size
SEAL,BGV,2048,3,edge_batch,decrypt,100,throughput_items_per_sec,11685.664050713911,,,,,,,reduced_reps_at_batch_size
SEAL,BGV,2048,3,edge_batch,decrypt,100,energy_pkg_j_per_op,0.022732614999999998,,,,,,,n=1_invocation_not_repeated
SEAL,BGV,2048,3,edge_batch,decrypt,100,peak_memory_mb,11.45703125,,,,,,,n=1_invocation_not_repeated
SEAL,BGV,2048,3,edge_batch,encrypt,1,latency_ms,0.37717332,0.022534784656005155,0.37270192982852046,0.3816447101714795,0.3789095,0.36038950000000003,0.3870425,HIGH_VARIANCE
SEAL,BGV,2048,3,edge_batch,encrypt,1,throughput_items_per_sec,2651.3009987026653,,,,,,,HIGH_VARIANCE
SEAL,BGV,2048,3,edge_batch,encrypt,1,energy_pkg_j_per_op,0.1419290380952381,,,,,,,n=1_invocation_not_repeated
SEAL,BGV,2048,3,edge_batch,encrypt,1,peak_memory_mb,5.1953125,,,,,,,n=1_invocation_not_repeated
SEAL,BGV,2048,3,edge_batch,encrypt,10,latency_ms,3.8741396666666668,0.14197249385085084,3.8211262662119077,3.927153067121426,3.8407299999999998,3.78033,3.9313750000000005,reduced_reps_at_batch_size
SEAL,BGV,2048,3,edge_batch,encrypt,10,throughput_items_per_sec,2581.2182472512823,,,,,,,reduced_reps_at_batch_size
SEAL,BGV,2048,3,edge_batch,encrypt,10,energy_pkg_j_per_op,0.05195746666666666,,,,,,,n=1_invocation_not_repeated
SEAL,BGV,2048,3,edge_batch,encrypt,10,peak_memory_mb,5.3046875,,,,,,,n=1_invocation_not_repeated
SEAL,BGV,2048,3,edge_batch,encrypt,100,latency_ms,51.21147,7.316807214906724,45.97734142916049,56.44559857083951,48.0929,46.214425,57.645525,HIGH_VARIANCE;reduced_reps_at_batch_size
SEAL,BGV,2048,3,edge_batch,encrypt,100,throughput_items_per_sec,1952.6875522221878,,,,,,,HIGH_VARIANCE;reduced_reps_at_batch_size
SEAL,BGV,2048,3,edge_batch,encrypt,100,energy_pkg_j_per_op,0.03021138666666667,,,,,,,n=1_invocation_not_repeated
SEAL,BGV,2048,3,edge_batch,encrypt,100,peak_memory_mb,6.74609375,,,,,,,n=1_invocation_not_repeated
SEAL,BGV,2048,3,edge_batch,multiply,1,latency_ms,,,,,,,,skipped_depth0_undefined_at_this_config
SEAL,BGV,2048,3,edge_batch,multiply,10,latency_ms,,,,,,,,skipped_depth0_undefined_at_this_config
SEAL,BGV,2048,3,edge_batch,multiply,100,latency_ms,,,,,,,,skipped_depth0_undefined_at_this_config
SEAL,BGV,2048,3,edge_batch,relinearize,1,latency_ms,,,,,,,,skipped_depth0_undefined_at_this_config
SEAL,BGV,2048,3,edge_batch,relinearize,10,latency_ms,,,,,,,,skipped_depth0_undefined_at_this_config
SEAL,BGV,2048,3,edge_batch,relinearize,100,latency_ms,,,,,,,,skipped_depth0_undefined_at_this_config
SEAL,BGV,2048,5,edge_batch,add,1,latency_ms,0.00502905,0.0008752829773302119,0.004855374867894636,0.005202725132105364,0.004829,0.004649,0.004969,HIGH_VARIANCE
SEAL,BGV,2048,5,edge_batch,add,1,throughput_items_per_sec,198844.71222199022,,,,,,,HIGH_VARIANCE
SEAL,BGV,2048,5,edge_batch,add,1,energy_pkg_j_per_op,0.1186514380952381,,,,,,,n=1_invocation_not_repeated
SEAL,BGV,2048,5,edge_batch,add,1,peak_memory_mb,4.8515625,,,,,,,n=1_invocation_not_repeated
SEAL,BGV,2048,5,edge_batch,add,10,latency_ms,0.0447724,0.0064330792841268535,0.04237024871705562,0.04717455128294437,0.042771,0.0401745,0.047642500000000004,HIGH_VARIANCE;reduced_reps_at_batch_size
SEAL,BGV,2048,5,edge_batch,add,10,throughput_items_per_sec,223351.88643003278,,,,,,,HIGH_VARIANCE;reduced_reps_at_batch_size
SEAL,BGV,2048,5,edge_batch,add,10,energy_pkg_j_per_op,0.04632296363636364,,,,,,,n=1_invocation_not_repeated
SEAL,BGV,2048,5,edge_batch,add,10,peak_memory_mb,5.5,,,,,,,n=1_invocation_not_repeated
SEAL,BGV,2048,5,edge_batch,add,100,latency_ms,0.593558,0.09821442062367645,0.5232996359409454,0.6638163640590546,0.5745555,0.5523939999999999,0.5854917500000001,HIGH_VARIANCE;reduced_reps_at_batch_size
SEAL,BGV,2048,5,edge_batch,add,100,throughput_items_per_sec,168475.5322984443,,,,,,,HIGH_VARIANCE;reduced_reps_at_batch_size
SEAL,BGV,2048,5,edge_batch,add,100,energy_pkg_j_per_op,0.02523464666666667,,,,,,,n=1_invocation_not_repeated
SEAL,BGV,2048,5,edge_batch,add,100,peak_memory_mb,11.24609375,,,,,,,n=1_invocation_not_repeated
SEAL,BGV,2048,5,edge_batch,decrypt,1,latency_ms,0.04749737,0.004183491540301926,0.046667274516891455,0.04832746548310854,0.04718,0.044822499999999994,0.04810625,HIGH_VARIANCE
SEAL,BGV,2048,5,edge_batch,decrypt,1,throughput_items_per_sec,21053.797294460728,,,,,,,HIGH_VARIANCE
SEAL,BGV,2048,5,edge_batch,decrypt,1,energy_pkg_j_per_op,0.12390179047619049,,,,,,,n=1_invocation_not_repeated
SEAL,BGV,2048,5,edge_batch,decrypt,1,peak_memory_mb,4.9921875,,,,,,,n=1_invocation_not_repeated
SEAL,BGV,2048,5,edge_batch,decrypt,10,latency_ms,0.47541473333333334,0.02292984584505882,0.46685258817987113,0.48397687848679555,0.46811400000000003,0.46385275000000004,0.479889,reduced_reps_at_batch_size
SEAL,BGV,2048,5,edge_batch,decrypt,10,throughput_items_per_sec,21034.26608150273,,,,,,,reduced_reps_at_batch_size
SEAL,BGV,2048,5,edge_batch,decrypt,10,energy_pkg_j_per_op,0.038506151515151514,,,,,,,n=1_invocation_not_repeated
SEAL,BGV,2048,5,edge_batch,decrypt,10,peak_memory_mb,5.20703125,,,,,,,n=1_invocation_not_repeated
SEAL,BGV,2048,5,edge_batch,decrypt,100,latency_ms,4.813944,0.11930874255011194,4.728595667074101,4.899292332925899,4.793464999999999,4.7271725,4.8477075,reduced_reps_at_batch_size
SEAL,BGV,2048,5,edge_batch,decrypt,100,throughput_items_per_sec,20772.987803763397,,,,,,,reduced_reps_at_batch_size
SEAL,BGV,2048,5,edge_batch,decrypt,100,energy_pkg_j_per_op,0.018717764166666668,,,,,,,n=1_invocation_not_repeated
SEAL,BGV,2048,5,edge_batch,decrypt,100,peak_memory_mb,7.94140625,,,,,,,n=1_invocation_not_repeated
SEAL,BGV,2048,5,edge_batch,encrypt,1,latency_ms,0.25544781,0.0073504180733087714,0.25398932758576936,0.25690629241423063,0.25271,0.25031250000000005,0.25982550000000004,
SEAL,BGV,2048,5,edge_batch,encrypt,1,throughput_items_per_sec,3914.6939642974435,,,,,,,
SEAL,BGV,2048,5,edge_batch,encrypt,1,energy_pkg_j_per_op,0.10237972380952381,,,,,,,n=1_invocation_not_repeated
SEAL,BGV,2048,5,edge_batch,encrypt,1,peak_memory_mb,4.796875,,,,,,,n=1_invocation_not_repeated
SEAL,BGV,2048,5,edge_batch,encrypt,10,latency_ms,2.7718876666666667,0.08344874275135368,2.7407273940185632,2.8030479393147703,2.765695,2.7289375,2.8239025,reduced_reps_at_batch_size
SEAL,BGV,2048,5,edge_batch,encrypt,10,throughput_items_per_sec,3607.6498049524134,,,,,,,reduced_reps_at_batch_size
SEAL,BGV,2048,5,edge_batch,encrypt,10,energy_pkg_j_per_op,0.05670353636363636,,,,,,,n=1_invocation_not_repeated
SEAL,BGV,2048,5,edge_batch,encrypt,10,peak_memory_mb,4.88671875,,,,,,,n=1_invocation_not_repeated
SEAL,BGV,2048,5,edge_batch,encrypt,100,latency_ms,28.46863,1.39781242109074,27.468695231321167,29.468564768678835,28.0107,27.461575,29.1619,reduced_reps_at_batch_size
SEAL,BGV,2048,5,edge_batch,encrypt,100,throughput_items_per_sec,3512.638296960549,,,,,,,reduced_reps_at_batch_size
SEAL,BGV,2048,5,edge_batch,encrypt,100,energy_pkg_j_per_op,0.01958443166666667,,,,,,,n=1_invocation_not_repeated
SEAL,BGV,2048,5,edge_batch,encrypt,100,peak_memory_mb,6.4609375,,,,,,,n=1_invocation_not_repeated
SEAL,BGV,2048,5,edge_batch,multiply,1,latency_ms,,,,,,,,skipped_depth0_undefined_at_this_config
SEAL,BGV,2048,5,edge_batch,multiply,10,latency_ms,,,,,,,,skipped_depth0_undefined_at_this_config
SEAL,BGV,2048,5,edge_batch,multiply,100,latency_ms,,,,,,,,skipped_depth0_undefined_at_this_config
SEAL,BGV,2048,5,edge_batch,relinearize,1,latency_ms,,,,,,,,skipped_depth0_undefined_at_this_config
SEAL,BGV,2048,5,edge_batch,relinearize,10,latency_ms,,,,,,,,skipped_depth0_undefined_at_this_config
SEAL,BGV,2048,5,edge_batch,relinearize,100,latency_ms,,,,,,,,skipped_depth0_undefined_at_this_config
SEAL,BGV,4096,1,edge_batch,add,1,latency_ms,0.01824264,0.003647871521417343,0.017518823148999437,0.018966456851000565,0.017148,0.016096,0.01857325,HIGH_VARIANCE
SEAL,BGV,4096,1,edge_batch,add,1,throughput_items_per_sec,54816.627417961434,,,,,,,HIGH_VARIANCE
SEAL,BGV,4096,1,edge_batch,add,1,energy_pkg_j_per_op,0.1627310761904762,,,,,,,n=1_invocation_not_repeated
SEAL,BGV,4096,1,edge_batch,add,1,peak_memory_mb,9.2109375,,,,,,,n=1_invocation_not_repeated
SEAL,BGV,4096,1,edge_batch,add,10,latency_ms,0.2146393,0.056524530691306175,0.1935326933624947,0.2357459066375053,0.194274,0.18409999999999999,0.21653575000000003,HIGH_VARIANCE;reduced_reps_at_batch_size
SEAL,BGV,4096,1,edge_batch,add,10,throughput_items_per_sec,46589.7904065099,,,,,,,HIGH_VARIANCE;reduced_reps_at_batch_size
SEAL,BGV,4096,1,edge_batch,add,10,energy_pkg_j_per_op,0.10436869696969697,,,,,,,n=1_invocation_not_repeated
SEAL,BGV,4096,1,edge_batch,add,10,peak_memory_mb,11.25,,,,,,,n=1_invocation_not_repeated
SEAL,BGV,4096,1,edge_batch,add,100,latency_ms,1.9845599999999999,0.13188183642100898,1.8902174175441375,2.078902582455862,1.965185,1.90546,2.00966,HIGH_VARIANCE;reduced_reps_at_batch_size
SEAL,BGV,4096,1,edge_batch,add,100,throughput_items_per_sec,50389.0031039626,,,,,,,HIGH_VARIANCE;reduced_reps_at_batch_size
SEAL,BGV,4096,1,edge_batch,add,100,energy_pkg_j_per_op,0.07658611916666667,,,,,,,n=1_invocation_not_repeated
SEAL,BGV,4096,1,edge_batch,add,100,peak_memory_mb,33.80078125,,,,,,,n=1_invocation_not_repeated
SEAL,BGV,4096,1,edge_batch,decrypt,1,latency_ms,0.26440308,0.03789602133021621,0.25688368720789045,0.27192247279210957,0.2782485,0.24419625,0.291123,HIGH_VARIANCE
SEAL,BGV,4096,1,edge_batch,decrypt,1,throughput_items_per_sec,3782.104202417006,,,,,,,HIGH_VARIANCE
SEAL,BGV,4096,1,edge_batch,decrypt,1,energy_pkg_j_per_op,0.2272959619047619,,,,,,,n=1_invocation_not_repeated
SEAL,BGV,4096,1,edge_batch,decrypt,1,peak_memory_mb,8.921875,,,,,,,n=1_invocation_not_repeated
SEAL,BGV,4096,1,edge_batch,decrypt,10,latency_ms,1.7471493333333334,0.10489940488090393,1.7079792518085313,1.7863194148581356,1.70337,1.67847,1.7627899999999999,HIGH_VARIANCE;reduced_reps_at_batch_size
SEAL,BGV,4096,1,edge_batch,decrypt,10,throughput_items_per_sec,5723.609201121521,,,,,,,HIGH_VARIANCE;reduced_reps_at_batch_size
SEAL,BGV,4096,1,edge_batch,decrypt,10,energy_pkg_j_per_op,0.07422337272727272,,,,,,,n=1_invocation_not_repeated
SEAL,BGV,4096,1,edge_batch,decrypt,10,peak_memory_mb,10.0,,,,,,,n=1_invocation_not_repeated
SEAL,BGV,4096,1,edge_batch,decrypt,100,latency_ms,17.18089,0.9078404086989442,16.531460094117982,17.83031990588202,16.7432,16.713325,17.120775,HIGH_VARIANCE;reduced_reps_at_batch_size
SEAL,BGV,4096,1,edge_batch,decrypt,100,throughput_items_per_sec,5820.4202459826,,,,,,,HIGH_VARIANCE;reduced_reps_at_batch_size
SEAL,BGV,4096,1,edge_batch,decrypt,100,energy_pkg_j_per_op,0.0437649925,,,,,,,n=1_invocation_not_repeated
SEAL,BGV,4096,1,edge_batch,decrypt,100,peak_memory_mb,21.484375,,,,,,,n=1_invocation_not_repeated
SEAL,BGV,4096,1,edge_batch,encrypt,1,latency_ms,1.2049505,0.021884769962536302,1.2006080868458766,1.2092929131541235,1.2056049999999998,1.191665,1.21759,
SEAL,BGV,4096,1,edge_batch,encrypt,1,throughput_items_per_sec,829.9096103947838,,,,,,,
SEAL,BGV,4096,1,edge_batch,encrypt,1,energy_pkg_j_per_op,0.13253446666666666,,,,,,,n=1_invocation_not_repeated
SEAL,BGV,4096,1,edge_batch,encrypt,1,peak_memory_mb,8.78125,,,,,,,n=1_invocation_not_repeated
SEAL,BGV,4096,1,edge_batch,encrypt,10,latency_ms,12.34166,0.2498133256156934,12.248378171171149,12.43494182882885,12.2577,12.1935,12.41475,reduced_reps_at_batch_size
SEAL,BGV,4096,1,edge_batch,encrypt,10,throughput_items_per_sec,810.26377326875,,,,,,,reduced_reps_at_batch_size
SEAL,BGV,4096,1,edge_batch,encrypt,10,energy_pkg_j_per_op,0.06548992424242425,,,,,,,n=1_invocation_not_repeated
SEAL,BGV,4096,1,edge_batch,encrypt,10,peak_memory_mb,9.171875,,,,,,,n=1_invocation_not_repeated
SEAL,BGV,4096,1,edge_batch,encrypt,100,latency_ms,123.7535,2.1647440315709896,122.20493540735691,125.30206459264309,123.56,122.03775,125.688,reduced_reps_at_batch_size
SEAL,BGV,4096,1,edge_batch,encrypt,100,throughput_items_per_sec,808.0579539164548,,,,,,,reduced_reps_at_batch_size
SEAL,BGV,4096,1,edge_batch,encrypt,100,energy_pkg_j_per_op,0.04044684666666667,,,,,,,n=1_invocation_not_repeated
SEAL,BGV,4096,1,edge_batch,encrypt,100,peak_memory_mb,11.8359375,,,,,,,n=1_invocation_not_repeated
SEAL,BGV,4096,1,edge_batch,multiply,1,latency_ms,0.15017415,0.007295764483692929,0.14872651204366744,0.15162178795633258,0.147465,0.1453835,0.15245750000000002,
SEAL,BGV,4096,1,edge_batch,multiply,1,throughput_items_per_sec,6658.935642385856,,,,,,,
SEAL,BGV,4096,1,edge_batch,multiply,1,energy_pkg_j_per_op,0.1948151619047619,,,,,,,n=1_invocation_not_repeated
SEAL,BGV,4096,1,edge_batch,multiply,1,peak_memory_mb,9.38671875,,,,,,,n=1_invocation_not_repeated
SEAL,BGV,4096,1,edge_batch,multiply,10,latency_ms,1.6600403333333333,0.21301432393933828,1.5804994775570065,1.7395811891096602,1.572165,1.5361175,1.63075,HIGH_VARIANCE;reduced_reps_at_batch_size
SEAL,BGV,4096,1,edge_batch,multiply,10,throughput_items_per_sec,6023.95002049147,,,,,,,HIGH_VARIANCE;reduced_reps_at_batch_size
SEAL,BGV,4096,1,edge_batch,multiply,10,energy_pkg_j_per_op,0.14027978787878786,,,,,,,n=1_invocation_not_repeated
SEAL,BGV,4096,1,edge_batch,multiply,10,peak_memory_mb,11.5703125,,,,,,,n=1_invocation_not_repeated
SEAL,BGV,4096,1,edge_batch,multiply,100,latency_ms,15.01673,1.6626371288809034,13.827351047731808,16.206108952268192,14.37885,14.318100000000001,14.7683,HIGH_VARIANCE;reduced_reps_at_batch_size
SEAL,BGV,4096,1,edge_batch,multiply,100,throughput_items_per_sec,6659.239394994782,,,,,,,HIGH_VARIANCE;reduced_reps_at_batch_size
SEAL,BGV,4096,1,edge_batch,multiply,100,energy_pkg_j_per_op,0.08302296166666666,,,,,,,n=1_invocation_not_repeated
SEAL,BGV,4096,1,edge_batch,multiply,100,peak_memory_mb,34.12109375,,,,,,,n=1_invocation_not_repeated
SEAL,BGV,4096,1,edge_batch,relinearize,1,latency_ms,0.73516561,0.04516487076847704,0.7262039197804978,0.7441273002195022,0.7244705,0.709277,0.7413750000000001,HIGH_VARIANCE
SEAL,BGV,4096,1,edge_batch,relinearize,1,throughput_items_per_sec,1360.2377292920435,,,,,,,HIGH_VARIANCE
SEAL,BGV,4096,1,edge_batch,relinearize,1,energy_pkg_j_per_op,0.30426239047619047,,,,,,,n=1_invocation_not_repeated
SEAL,BGV,4096,1,edge_batch,relinearize,1,peak_memory_mb,9.45703125,,,,,,,n=1_invocation_not_repeated
SEAL,BGV,4096,1,edge_batch,relinearize,10,latency_ms,6.934591,0.262276234010159,6.836655444694803,7.032526555305197,6.851925,6.7446725,6.9986875,reduced_reps_at_batch_size
SEAL,BGV,4096,1,edge_batch,relinearize,10,throughput_items_per_sec,1442.046113462207,,,,,,,reduced_reps_at_batch_size
SEAL,BGV,4096,1,edge_batch,relinearize,10,energy_pkg_j_per_op,0.13579333333333332,,,,,,,n=1_invocation_not_repeated
SEAL,BGV,4096,1,edge_batch,relinearize,10,peak_memory_mb,11.10546875,,,,,,,n=1_invocation_not_repeated
SEAL,BGV,4096,1,edge_batch,relinearize,100,latency_ms,68.81522,1.675411351678547,67.6167029192351,70.0137370807649,68.03585,67.8179,69.28675000000001,reduced_reps_at_batch_size
SEAL,BGV,4096,1,edge_batch,relinearize,100,throughput_items_per_sec,1453.1669011593656,,,,,,,reduced_reps_at_batch_size
SEAL,BGV,4096,1,edge_batch,relinearize,100,energy_pkg_j_per_op,0.10159206166666665,,,,,,,n=1_invocation_not_repeated
SEAL,BGV,4096,1,edge_batch,relinearize,100,peak_memory_mb,27.9453125,,,,,,,n=1_invocation_not_repeated
SEAL,BGV,4096,3,edge_batch,add,1,latency_ms,0.01540755,0.005902280677796927,0.014236409462609437,0.016578690537390563,0.012539,0.01061,0.019672,HIGH_VARIANCE
SEAL,BGV,4096,3,edge_batch,add,1,throughput_items_per_sec,64903.24548679056,,,,,,,HIGH_VARIANCE
SEAL,BGV,4096,3,edge_batch,add,1,energy_pkg_j_per_op,0.21618914285714286,,,,,,,n=1_invocation_not_repeated
SEAL,BGV,4096,3,edge_batch,add,1,peak_memory_mb,6.80078125,,,,,,,n=1_invocation_not_repeated
SEAL,BGV,4096,3,edge_batch,add,10,latency_ms,0.10316893333333334,0.030826920513412133,0.09165797203627109,0.11467989463039559,0.0952255,0.09042125000000001,0.104431,HIGH_VARIANCE;reduced_reps_at_batch_size
SEAL,BGV,4096,3,edge_batch,add,10,throughput_items_per_sec,96928.40351165144,,,,,,,HIGH_VARIANCE;reduced_reps_at_batch_size
SEAL,BGV,4096,3,edge_batch,add,10,energy_pkg_j_per_op,0.09242579696969697,,,,,,,n=1_invocation_not_repeated
SEAL,BGV,4096,3,edge_batch,add,10,peak_memory_mb,8.08984375,,,,,,,n=1_invocation_not_repeated
SEAL,BGV,4096,3,edge_batch,add,100,latency_ms,1.0461122999999999,0.07322783386125192,0.9937282633380808,1.098496336661919,1.0499999999999998,0.9822119999999999,1.07267,HIGH_VARIANCE;reduced_reps_at_batch_size
SEAL,BGV,4096,3,edge_batch,add,100,throughput_items_per_sec,95592.03156295935,,,,,,,HIGH_VARIANCE;reduced_reps_at_batch_size
SEAL,BGV,4096,3,edge_batch,add,100,energy_pkg_j_per_op,0.05517474583333333,,,,,,,n=1_invocation_not_repeated
SEAL,BGV,4096,3,edge_batch,add,100,peak_memory_mb,19.265625,,,,,,,n=1_invocation_not_repeated
SEAL,BGV,4096,3,edge_batch,decrypt,1,latency_ms,0.09601027,0.005229658166890571,0.09497259236142533,0.09704794763857466,0.09470999999999999,0.093993,0.095682,HIGH_VARIANCE
SEAL,BGV,4096,3,edge_batch,decrypt,1,throughput_items_per_sec,10415.552419548452,,,,,,,HIGH_VARIANCE
SEAL,BGV,4096,3,edge_batch,decrypt,1,energy_pkg_j_per_op,0.13451772380952381,,,,,,,n=1_invocation_not_repeated
SEAL,BGV,4096,3,edge_batch,decrypt,1,peak_memory_mb,6.6796875,,,,,,,n=1_invocation_not_repeated
SEAL,BGV,4096,3,edge_batch,decrypt,10,latency_ms,1.0144670333333332,0.03411075946190317,1.0017298664207792,1.0272042002458872,0.9978400000000001,0.9871122499999999,1.0320375,reduced_reps_at_batch_size
SEAL,BGV,4096,3,edge_batch,decrypt,10,throughput_items_per_sec,9857.392770213562,,,,,,,reduced_reps_at_batch_size
SEAL,BGV,4096,3,edge_batch,decrypt,10,energy_pkg_j_per_op,0.0768594,,,,,,,n=1_invocation_not_repeated
SEAL,BGV,4096,3,edge_batch,decrypt,10,peak_memory_mb,7.42578125,,,,,,,n=1_invocation_not_repeated
SEAL,BGV,4096,3,edge_batch,decrypt,100,latency_ms,10.025468,0.5073981052344951,9.662497261344074,10.388438738655926,9.899425,9.81049,9.9966075,HIGH_VARIANCE;reduced_reps_at_batch_size
SEAL,BGV,4096,3,edge_batch,decrypt,100,throughput_items_per_sec,9974.596697131745,,,,,,,HIGH_VARIANCE;reduced_reps_at_batch_size
SEAL,BGV,4096,3,edge_batch,decrypt,100,energy_pkg_j_per_op,0.0367471,,,,,,,n=1_invocation_not_repeated
SEAL,BGV,4096,3,edge_batch,decrypt,100,peak_memory_mb,12.984375,,,,,,,n=1_invocation_not_repeated
SEAL,BGV,4096,3,edge_batch,encrypt,1,latency_ms,0.87253451,0.018069135571267055,0.868949201489898,0.8761198185101021,0.874866,0.8627752499999999,0.8815465,
SEAL,BGV,4096,3,edge_batch,encrypt,1,throughput_items_per_sec,1146.0864739894357,,,,,,,
SEAL,BGV,4096,3,edge_batch,encrypt,1,energy_pkg_j_per_op,0.11208802857142856,,,,,,,n=1_invocation_not_repeated
SEAL,BGV,4096,3,edge_batch,encrypt,1,peak_memory_mb,6.7578125,,,,,,,n=1_invocation_not_repeated
SEAL,BGV,4096,3,edge_batch,encrypt,10,latency_ms,9.079622666666667,0.9218437784358688,8.73540054266644,9.423844790666895,8.832515,8.7848775,8.9007675,HIGH_VARIANCE;reduced_reps_at_batch_size
SEAL,BGV,4096,3,edge_batch,encrypt,10,throughput_items_per_sec,1101.3673549135742,,,,,,,HIGH_VARIANCE;reduced_reps_at_batch_size
SEAL,BGV,4096,3,edge_batch,encrypt,10,energy_pkg_j_per_op,0.053541709090909086,,,,,,,n=1_invocation_not_repeated
SEAL,BGV,4096,3,edge_batch,encrypt,10,peak_memory_mb,7.00390625,,,,,,,n=1_invocation_not_repeated
SEAL,BGV,4096,3,edge_batch,encrypt,100,latency_ms,89.20592,1.0075597184396667,88.48515519723634,89.92668480276367,88.99105,88.58585,89.70305,reduced_reps_at_batch_size
SEAL,BGV,4096,3,edge_batch,encrypt,100,throughput_items_per_sec,1121.0018348558033,,,,,,,reduced_reps_at_batch_size
SEAL,BGV,4096,3,edge_batch,encrypt,100,energy_pkg_j_per_op,0.029909812500000004,,,,,,,n=1_invocation_not_repeated
SEAL,BGV,4096,3,edge_batch,encrypt,100,peak_memory_mb,9.86328125,,,,,,,n=1_invocation_not_repeated
SEAL,BGV,4096,3,edge_batch,multiply,1,latency_ms,,,,,,,,skipped_depth0_undefined_at_this_config
SEAL,BGV,4096,3,edge_batch,multiply,10,latency_ms,,,,,,,,skipped_depth0_undefined_at_this_config
SEAL,BGV,4096,3,edge_batch,multiply,100,latency_ms,,,,,,,,skipped_depth0_undefined_at_this_config
SEAL,BGV,4096,3,edge_batch,relinearize,1,latency_ms,,,,,,,,skipped_depth0_undefined_at_this_config
SEAL,BGV,4096,3,edge_batch,relinearize,10,latency_ms,,,,,,,,skipped_depth0_undefined_at_this_config
SEAL,BGV,4096,3,edge_batch,relinearize,100,latency_ms,,,,,,,,skipped_depth0_undefined_at_this_config
SEAL,BGV,4096,5,edge_batch,add,1,latency_ms,0.01007425,0.002560604124483758,0.009566170588989722,0.010582329411010278,0.009007,0.008463499999999999,0.01028425,HIGH_VARIANCE
SEAL,BGV,4096,5,edge_batch,add,1,throughput_items_per_sec,99262.97242970942,,,,,,,HIGH_VARIANCE
SEAL,BGV,4096,5,edge_batch,add,1,energy_pkg_j_per_op,0.1589362,,,,,,,n=1_invocation_not_repeated
SEAL,BGV,4096,5,edge_batch,add,1,peak_memory_mb,6.85546875,,,,,,,n=1_invocation_not_repeated
SEAL,BGV,4096,5,edge_batch,add,10,latency_ms,0.09409093333333333,0.01544435058844659,0.08832391804536381,0.09985794862130286,0.0874405,0.08459025,0.09838174999999999,HIGH_VARIANCE;reduced_reps_at_batch_size
SEAL,BGV,4096,5,edge_batch,add,10,throughput_items_per_sec,106280.16585374148,,,,,,,HIGH_VARIANCE;reduced_reps_at_batch_size
SEAL,BGV,4096,5,edge_batch,add,10,energy_pkg_j_per_op,0.07632754242424243,,,,,,,n=1_invocation_not_repeated
SEAL,BGV,4096,5,edge_batch,add,10,peak_memory_mb,8.09765625,,,,,,,n=1_invocation_not_repeated
SEAL,BGV,4096,5,edge_batch,add,100,latency_ms,1.1843650000000001,0.13838090854594065,1.0853732614171665,1.2833567385828337,1.161045,1.11552,1.197365,HIGH_VARIANCE;reduced_reps_at_batch_size
SEAL,BGV,4096,5,edge_batch,add,100,throughput_items_per_sec,84433.43057250086,,,,,,,HIGH_VARIANCE;reduced_reps_at_batch_size
SEAL,BGV,4096,5,edge_batch,add,100,energy_pkg_j_per_op,0.07250960166666666,,,,,,,n=1_invocation_not_repeated
SEAL,BGV,4096,5,edge_batch,add,100,peak_memory_mb,19.2265625,,,,,,,n=1_invocation_not_repeated
SEAL,BGV,4096,5,edge_batch,decrypt,1,latency_ms,0.09797633,0.007934681371407272,0.09640191707174167,0.09955074292825833,0.09507099999999999,0.09433975,0.096348,HIGH_VARIANCE
SEAL,BGV,4096,5,edge_batch,decrypt,1,throughput_items_per_sec,10206.54682615689,,,,,,,HIGH_VARIANCE
SEAL,BGV,4096,5,edge_batch,decrypt,1,energy_pkg_j_per_op,0.1263868095238095,,,,,,,n=1_invocation_not_repeated
SEAL,BGV,4096,5,edge_batch,decrypt,1,peak_memory_mb,6.8125,,,,,,,n=1_invocation_not_repeated
SEAL,BGV,4096,5,edge_batch,decrypt,10,latency_ms,0.9409343333333333,0.012900731626762378,0.9361171209752309,0.9457515456914357,0.938006,0.931078,0.948488,reduced_reps_at_batch_size
SEAL,BGV,4096,5,edge_batch,decrypt,10,throughput_items_per_sec,10627.734206035631,,,,,,,reduced_reps_at_batch_size
SEAL,BGV,4096,5,edge_batch,decrypt,10,energy_pkg_j_per_op,0.05175749393939394,,,,,,,n=1_invocation_not_repeated
SEAL,BGV,4096,5,edge_batch,decrypt,10,peak_memory_mb,7.3984375,,,,,,,n=1_invocation_not_repeated
SEAL,BGV,4096,5,edge_batch,decrypt,100,latency_ms,9.730246,0.08911411188907051,9.66649760464071,9.793994395359288,9.694575,9.665297500000001,9.7879,reduced_reps_at_batch_size
SEAL,BGV,4096,5,edge_batch,decrypt,100,throughput_items_per_sec,10277.232456404494,,,,,,,reduced_reps_at_batch_size
SEAL,BGV,4096,5,edge_batch,decrypt,100,energy_pkg_j_per_op,0.037082610833333335,,,,,,,n=1_invocation_not_repeated
SEAL,BGV,4096,5,edge_batch,decrypt,100,peak_memory_mb,13.02734375,,,,,,,n=1_invocation_not_repeated
SEAL,BGV,4096,5,edge_batch,encrypt,1,latency_ms,0.89449806,0.01930781975138361,0.8906669696751129,0.898329150324887,0.898952,0.88607225,0.90598275,
SEAL,BGV,4096,5,edge_batch,encrypt,1,throughput_items_per_sec,1117.9454095182723,,,,,,,
SEAL,BGV,4096,5,edge_batch,encrypt,1,energy_pkg_j_per_op,0.12028317142857142,,,,,,,n=1_invocation_not_repeated
SEAL,BGV,4096,5,edge_batch,encrypt,1,peak_memory_mb,6.80859375,,,,,,,n=1_invocation_not_repeated
SEAL,BGV,4096,5,edge_batch,encrypt,10,latency_ms,9.428809666666666,0.5229337675308633,9.233542988752609,9.624076344580724,9.28083,9.13975,9.456865,HIGH_VARIANCE;reduced_reps_at_batch_size
SEAL,BGV,4096,5,edge_batch,encrypt,10,throughput_items_per_sec,1060.5792622320762,,,,,,,HIGH_VARIANCE;reduced_reps_at_batch_size
SEAL,BGV,4096,5,edge_batch,encrypt,10,energy_pkg_j_per_op,0.07562461212121212,,,,,,,n=1_invocation_not_repeated
SEAL,BGV,4096,5,edge_batch,encrypt,10,peak_memory_mb,6.91015625,,,,,,,n=1_invocation_not_repeated
SEAL,BGV,4096,5,edge_batch,encrypt,100,latency_ms,90.49636,0.5444780807750149,90.10686384476793,90.88585615523206,90.3981,90.16489999999999,90.682275,reduced_reps_at_batch_size
SEAL,BGV,4096,5,edge_batch,encrypt,100,throughput_items_per_sec,1105.0168205660427,,,,,,,reduced_reps_at_batch_size
SEAL,BGV,4096,5,edge_batch,encrypt,100,energy_pkg_j_per_op,0.03321236833333333,,,,,,,n=1_invocation_not_repeated
SEAL,BGV,4096,5,edge_batch,encrypt,100,peak_memory_mb,9.83984375,,,,,,,n=1_invocation_not_repeated
SEAL,BGV,4096,5,edge_batch,multiply,1,latency_ms,,,,,,,,skipped_depth0_undefined_at_this_config
SEAL,BGV,4096,5,edge_batch,multiply,10,latency_ms,,,,,,,,skipped_depth0_undefined_at_this_config
SEAL,BGV,4096,5,edge_batch,multiply,100,latency_ms,,,,,,,,skipped_depth0_undefined_at_this_config
SEAL,BGV,4096,5,edge_batch,relinearize,1,latency_ms,,,,,,,,skipped_depth0_undefined_at_this_config
SEAL,BGV,4096,5,edge_batch,relinearize,10,latency_ms,,,,,,,,skipped_depth0_undefined_at_this_config
SEAL,BGV,4096,5,edge_batch,relinearize,100,latency_ms,,,,,,,,skipped_depth0_undefined_at_this_config
SEAL,BGV,8192,1,edge_batch,add,1,latency_ms,0.07224985,0.0213339281074167,0.06801673582053379,0.07648296417946622,0.0672075,0.057443749999999995,0.07622699999999999,HIGH_VARIANCE
SEAL,BGV,8192,1,edge_batch,add,1,throughput_items_per_sec,13840.859185174777,,,,,,,HIGH_VARIANCE
SEAL,BGV,8192,1,edge_batch,add,1,energy_pkg_j_per_op,0.2998322,,,,,,,n=1_invocation_not_repeated
SEAL,BGV,8192,1,edge_batch,add,1,peak_memory_mb,17.890625,,,,,,,n=1_invocation_not_repeated
SEAL,BGV,8192,1,edge_batch,add,10,latency_ms,0.6308913333333334,0.046185824371235105,0.6136452630818824,0.6481374035847843,0.620243,0.60193025,0.6327820000000001,HIGH_VARIANCE;reduced_reps_at_batch_size
SEAL,BGV,8192,1,edge_batch,add,10,throughput_items_per_sec,15850.590223144609,,,,,,,HIGH_VARIANCE;reduced_reps_at_batch_size
SEAL,BGV,8192,1,edge_batch,add,10,energy_pkg_j_per_op,0.1849762,,,,,,,n=1_invocation_not_repeated
SEAL,BGV,8192,1,edge_batch,add,10,peak_memory_mb,24.59765625,,,,,,,n=1_invocation_not_repeated
SEAL,BGV,8192,1,edge_batch,add,100,latency_ms,6.715337,0.7188717439471075,6.201087133460261,7.229586866539739,6.58179,6.1693675,7.35187,HIGH_VARIANCE;reduced_reps_at_batch_size
SEAL,BGV,8192,1,edge_batch,add,100,throughput_items_per_sec,14891.285426181888,,,,,,,HIGH_VARIANCE;reduced_reps_at_batch_size
SEAL,BGV,8192,1,edge_batch,add,100,energy_pkg_j_per_op,0.22056894833333332,,,,,,,n=1_invocation_not_repeated
SEAL,BGV,8192,1,edge_batch,add,100,peak_memory_mb,92.28515625,,,,,,,n=1_invocation_not_repeated
SEAL,BGV,8192,1,edge_batch,decrypt,1,latency_ms,0.50409353,0.018995970060369235,0.5003243174194387,0.5078627425805613,0.49963349999999995,0.49077425,0.5100285,
SEAL,BGV,8192,1,edge_batch,decrypt,1,throughput_items_per_sec,1983.758847291692,,,,,,,
SEAL,BGV,8192,1,edge_batch,decrypt,1,energy_pkg_j_per_op,0.19812513333333334,,,,,,,n=1_invocation_not_repeated
SEAL,BGV,8192,1,edge_batch,decrypt,1,peak_memory_mb,17.76953125,,,,,,,n=1_invocation_not_repeated
SEAL,BGV,8192,1,edge_batch,decrypt,10,latency_ms,5.010901666666666,0.09961639243595417,4.973704294409378,5.048099038923954,4.989395,4.95366,5.052607500000001,reduced_reps_at_batch_size
SEAL,BGV,8192,1,edge_batch,decrypt,10,throughput_items_per_sec,1995.648820355352,,,,,,,reduced_reps_at_batch_size
SEAL,BGV,8192,1,edge_batch,decrypt,10,energy_pkg_j_per_op,0.1259180303030303,,,,,,,n=1_invocation_not_repeated
SEAL,BGV,8192,1,edge_batch,decrypt,10,peak_memory_mb,21.19921875,,,,,,,n=1_invocation_not_repeated
SEAL,BGV,8192,1,edge_batch,decrypt,100,latency_ms,50.1528,0.5347153011961921,49.77028771656112,50.53531228343888,50.0309,49.8551,50.206025,reduced_reps_at_batch_size
SEAL,BGV,8192,1,edge_batch,decrypt,100,throughput_items_per_sec,1993.9066213651083,,,,,,,reduced_reps_at_batch_size
SEAL,BGV,8192,1,edge_batch,decrypt,100,energy_pkg_j_per_op,0.10377799916666666,,,,,,,n=1_invocation_not_repeated
SEAL,BGV,8192,1,edge_batch,decrypt,100,peak_memory_mb,55.17578125,,,,,,,n=1_invocation_not_repeated
SEAL,BGV,8192,1,edge_batch,encrypt,1,latency_ms,3.2336666,0.05060671150084038,3.2236251305175987,3.243708069482401,3.22645,3.19874,3.2556374999999997,
SEAL,BGV,8192,1,edge_batch,encrypt,1,throughput_items_per_sec,309.2464758116993,,,,,,,
SEAL,BGV,8192,1,edge_batch,encrypt,1,energy_pkg_j_per_op,0.2119907238095238,,,,,,,n=1_invocation_not_repeated
SEAL,BGV,8192,1,edge_batch,encrypt,1,peak_memory_mb,17.16796875,,,,,,,n=1_invocation_not_repeated
SEAL,BGV,8192,1,edge_batch,encrypt,10,latency_ms,36.323366666666665,3.798302803688214,34.90505709050399,37.74167624282934,35.2412,34.253525,36.283775,HIGH_VARIANCE;reduced_reps_at_batch_size
SEAL,BGV,8192,1,edge_batch,encrypt,10,throughput_items_per_sec,275.30487720943637,,,,,,,HIGH_VARIANCE;reduced_reps_at_batch_size
SEAL,BGV,8192,1,edge_batch,encrypt,10,energy_pkg_j_per_op,0.17519762727272728,,,,,,,n=1_invocation_not_repeated
SEAL,BGV,8192,1,edge_batch,encrypt,10,peak_memory_mb,17.62109375,,,,,,,n=1_invocation_not_repeated
SEAL,BGV,8192,1,edge_batch,encrypt,100,latency_ms,316.01890000000003,1.5537989609698841,314.9073791827802,317.1304208172199,315.89549999999997,314.76125,316.24225,reduced_reps_at_batch_size
SEAL,BGV,8192,1,edge_batch,encrypt,100,throughput_items_per_sec,316.4367700792579,,,,,,,reduced_reps_at_batch_size
SEAL,BGV,8192,1,edge_batch,encrypt,100,energy_pkg_j_per_op,0.08068103583333334,,,,,,,n=1_invocation_not_repeated
SEAL,BGV,8192,1,edge_batch,encrypt,100,peak_memory_mb,23.3515625,,,,,,,n=1_invocation_not_repeated
SEAL,BGV,8192,1,edge_batch,multiply,1,latency_ms,0.47106792,0.020065143068948545,0.4670865602986585,0.4750492797013414,0.469862,0.45547,0.4817745,
SEAL,BGV,8192,1,edge_batch,multiply,1,throughput_items_per_sec,2122.8361294481697,,,,,,,
SEAL,BGV,8192,1,edge_batch,multiply,1,energy_pkg_j_per_op,0.28721310476190476,,,,,,,n=1_invocation_not_repeated
SEAL,BGV,8192,1,edge_batch,multiply,1,peak_memory_mb,19.37890625,,,,,,,n=1_invocation_not_repeated
SEAL,BGV,8192,1,edge_batch,multiply,10,latency_ms,4.426979333333334,0.05995560799937497,4.404591541373304,4.449367125293363,4.426445,4.37928,4.4627099999999995,reduced_reps_at_batch_size
SEAL,BGV,8192,1,edge_batch,multiply,10,throughput_items_per_sec,2258.87659440922,,,,,,,reduced_reps_at_batch_size
SEAL,BGV,8192,1,edge_batch,multiply,10,energy_pkg_j_per_op,0.19339593636363636,,,,,,,n=1_invocation_not_repeated
SEAL,BGV,8192,1,edge_batch,multiply,10,peak_memory_mb,26.0859375,,,,,,,n=1_invocation_not_repeated
SEAL,BGV,8192,1,edge_batch,multiply,100,latency_ms,43.8562,1.862680736048033,42.52371847184952,45.18868152815048,43.273700000000005,43.066325,43.675525,reduced_reps_at_batch_size
SEAL,BGV,8192,1,edge_batch,multiply,100,throughput_items_per_sec,2280.179313301198,,,,,,,reduced_reps_at_batch_size
SEAL,BGV,8192,1,edge_batch,multiply,100,energy_pkg_j_per_op,0.19277154333333332,,,,,,,n=1_invocation_not_repeated
SEAL,BGV,8192,1,edge_batch,multiply,100,peak_memory_mb,93.43359375,,,,,,,n=1_invocation_not_repeated
SEAL,BGV,8192,1,edge_batch,relinearize,1,latency_ms,2.2849566,0.10771990378361611,2.2635826340889293,2.306330565911071,2.26079,2.2209075,2.3316575,
SEAL,BGV,8192,1,edge_batch,relinearize,1,throughput_items_per_sec,437.6450738714249,,,,,,,
SEAL,BGV,8192,1,edge_batch,relinearize,1,energy_pkg_j_per_op,0.32791868571428573,,,,,,,n=1_invocation_not_repeated
SEAL,BGV,8192,1,edge_batch,relinearize,1,peak_memory_mb,19.15625,,,,,,,n=1_invocation_not_repeated
SEAL,BGV,8192,1,edge_batch,relinearize,10,latency_ms,22.595733333333335,0.3546933550152216,22.46328865790333,22.72817800876334,22.536450000000002,22.358525,22.677325,reduced_reps_at_batch_size
SEAL,BGV,8192,1,edge_batch,relinearize,10,throughput_items_per_sec,442.56142752614056,,,,,,,reduced_reps_at_batch_size
SEAL,BGV,8192,1,edge_batch,relinearize,10,energy_pkg_j_per_op,0.24583111515151518,,,,,,,n=1_invocation_not_repeated
SEAL,BGV,8192,1,edge_batch,relinearize,10,peak_memory_mb,24.28515625,,,,,,,n=1_invocation_not_repeated
SEAL,BGV,8192,1,edge_batch,relinearize,100,latency_ms,227.5341,2.0732749964997703,226.0509684132776,229.0172315867224,226.9515,226.16449999999998,228.54474999999996,reduced_reps_at_batch_size
SEAL,BGV,8192,1,edge_batch,relinearize,100,throughput_items_per_sec,439.4945636719947,,,,,,,reduced_reps_at_batch_size
SEAL,BGV,8192,1,edge_batch,relinearize,100,energy_pkg_j_per_op,0.22772148,,,,,,,n=1_invocation_not_repeated
SEAL,BGV,8192,1,edge_batch,relinearize,100,peak_memory_mb,74.86328125,,,,,,,n=1_invocation_not_repeated
SEAL,BGV,8192,3,edge_batch,add,1,latency_ms,0.03920514,0.008119538190355808,0.03759404746836427,0.04081623253163573,0.037115499999999996,0.0336815,0.042461000000000006,HIGH_VARIANCE
SEAL,BGV,8192,3,edge_batch,add,1,throughput_items_per_sec,25506.859559741402,,,,,,,HIGH_VARIANCE
SEAL,BGV,8192,3,edge_batch,add,1,energy_pkg_j_per_op,0.22870607619047617,,,,,,,n=1_invocation_not_repeated
SEAL,BGV,8192,3,edge_batch,add,1,peak_memory_mb,13.34375,,,,,,,n=1_invocation_not_repeated
SEAL,BGV,8192,3,edge_batch,add,10,latency_ms,0.39632696666666667,0.02935082957939776,0.38536718678277837,0.40728674655055497,0.3919095,0.37937099999999996,0.40422,HIGH_VARIANCE;reduced_reps_at_batch_size
SEAL,BGV,8192,3,edge_batch,add,10,throughput_items_per_sec,25231.69211549151,,,,,,,HIGH_VARIANCE;reduced_reps_at_batch_size
SEAL,BGV,8192,3,edge_batch,add,10,energy_pkg_j_per_op,0.14684151212121213,,,,,,,n=1_invocation_not_repeated
SEAL,BGV,8192,3,edge_batch,add,10,peak_memory_mb,17.87890625,,,,,,,n=1_invocation_not_repeated
SEAL,BGV,8192,3,edge_batch,add,100,latency_ms,4.174961,0.6806832755474458,3.6880295180584017,4.661892481941598,3.977335,3.7128075000000003,4.38884,HIGH_VARIANCE;reduced_reps_at_batch_size
SEAL,BGV,8192,3,edge_batch,add,100,throughput_items_per_sec,23952.31955460183,,,,,,,HIGH_VARIANCE;reduced_reps_at_batch_size
SEAL,BGV,8192,3,edge_batch,add,100,energy_pkg_j_per_op,0.13652628333333333,,,,,,,n=1_invocation_not_repeated
SEAL,BGV,8192,3,edge_batch,add,100,peak_memory_mb,62.9609375,,,,,,,n=1_invocation_not_repeated
SEAL,BGV,8192,3,edge_batch,decrypt,1,latency_ms,0.35717683,0.024083032431822665,0.3523982338803172,0.3619554261196828,0.35278,0.34423375,0.36051425000000004,HIGH_VARIANCE
SEAL,BGV,8192,3,edge_batch,decrypt,1,throughput_items_per_sec,2799.733678133601,,,,,,,HIGH_VARIANCE
SEAL,BGV,8192,3,edge_batch,decrypt,1,energy_pkg_j_per_op,0.18739744761904764,,,,,,,n=1_invocation_not_repeated
SEAL,BGV,8192,3,edge_batch,decrypt,1,peak_memory_mb,13.30859375,,,,,,,n=1_invocation_not_repeated
SEAL,BGV,8192,3,edge_batch,decrypt,10,latency_ms,3.8017206666666667,0.6237589565492445,3.56880524443335,4.034636088899983,3.5891650000000004,3.5668975,3.6324125,HIGH_VARIANCE;reduced_reps_at_batch_size
SEAL,BGV,8192,3,edge_batch,decrypt,10,throughput_items_per_sec,2630.3878892732955,,,,,,,HIGH_VARIANCE;reduced_reps_at_batch_size
SEAL,BGV,8192,3,edge_batch,decrypt,10,energy_pkg_j_per_op,0.1113459484848485,,,,,,,n=1_invocation_not_repeated
SEAL,BGV,8192,3,edge_batch,decrypt,10,peak_memory_mb,15.4375,,,,,,,n=1_invocation_not_repeated
SEAL,BGV,8192,3,edge_batch,decrypt,100,latency_ms,40.80438,8.913537687610035,34.42801925853838,47.180740741461626,35.741550000000004,34.694875,48.562650000000005,HIGH_VARIANCE;reduced_reps_at_batch_size
SEAL,BGV,8192,3,edge_batch,decrypt,100,throughput_items_per_sec,2450.7173004466677,,,,,,,HIGH_VARIANCE;reduced_reps_at_batch_size
SEAL,BGV,8192,3,edge_batch,decrypt,100,energy_pkg_j_per_op,0.0874001,,,,,,,n=1_invocation_not_repeated
SEAL,BGV,8192,3,edge_batch,decrypt,100,peak_memory_mb,38.2265625,,,,,,,n=1_invocation_not_repeated
SEAL,BGV,8192,3,edge_batch,encrypt,1,latency_ms,2.9275765,0.36511196920301453,2.8551303641480277,3.000022635851972,2.7776449999999997,2.6798575,3.1222274999999997,HIGH_VARIANCE
SEAL,BGV,8192,3,edge_batch,encrypt,1,throughput_items_per_sec,341.5794600072791,,,,,,,HIGH_VARIANCE
SEAL,BGV,8192,3,edge_batch,encrypt,1,energy_pkg_j_per_op,0.26103822857142855,,,,,,,n=1_invocation_not_repeated
SEAL,BGV,8192,3,edge_batch,encrypt,1,peak_memory_mb,12.81640625,,,,,,,n=1_invocation_not_repeated
SEAL,BGV,8192,3,edge_batch,encrypt,10,latency_ms,26.45793,1.4977513672283802,25.89866044813909,27.017199551860912,25.735300000000002,25.478175,26.900949999999998,HIGH_VARIANCE;reduced_reps_at_batch_size
SEAL,BGV,8192,3,edge_batch,encrypt,10,throughput_items_per_sec,377.9585175408658,,,,,,,HIGH_VARIANCE;reduced_reps_at_batch_size
SEAL,BGV,8192,3,edge_batch,encrypt,10,energy_pkg_j_per_op,0.1235802303030303,,,,,,,n=1_invocation_not_repeated
SEAL,BGV,8192,3,edge_batch,encrypt,10,peak_memory_mb,13.390625,,,,,,,n=1_invocation_not_repeated
SEAL,BGV,8192,3,edge_batch,encrypt,100,latency_ms,251.0291,6.336518172028262,246.49622796583097,255.56197203416903,249.043,247.30925000000002,251.65200000000002,reduced_reps_at_batch_size
SEAL,BGV,8192,3,edge_batch,encrypt,100,throughput_items_per_sec,398.3601901134171,,,,,,,reduced_reps_at_batch_size
SEAL,BGV,8192,3,edge_batch,encrypt,100,energy_pkg_j_per_op,0.06986394,,,,,,,n=1_invocation_not_repeated
SEAL,BGV,8192,3,edge_batch,encrypt,100,peak_memory_mb,18.95703125,,,,,,,n=1_invocation_not_repeated
SEAL,BGV,8192,3,edge_batch,multiply,1,latency_ms,0.31445862,0.010772537282864566,0.31232111489117437,0.3165961251088257,0.31359499999999996,0.30547975,0.32022575,
SEAL,BGV,8192,3,edge_batch,multiply,1,throughput_items_per_sec,3180.0686525940996,,,,,,,
SEAL,BGV,8192,3,edge_batch,multiply,1,energy_pkg_j_per_op,0.2373413904761905,,,,,,,n=1_invocation_not_repeated
SEAL,BGV,8192,3,edge_batch,multiply,1,peak_memory_mb,14.2421875,,,,,,,n=1_invocation_not_repeated
SEAL,BGV,8192,3,edge_batch,multiply,10,latency_ms,2.916479333333333,0.037719356864862504,2.902394694005425,2.9305639726612416,2.910025,2.895125,2.9391375,reduced_reps_at_batch_size
SEAL,BGV,8192,3,edge_batch,multiply,10,throughput_items_per_sec,3428.791654961153,,,,,,,reduced_reps_at_batch_size
SEAL,BGV,8192,3,edge_batch,multiply,10,energy_pkg_j_per_op,0.15552451515151516,,,,,,,n=1_invocation_not_repeated
SEAL,BGV,8192,3,edge_batch,multiply,10,peak_memory_mb,18.55078125,,,,,,,n=1_invocation_not_repeated
SEAL,BGV,8192,3,edge_batch,multiply,100,latency_ms,31.050079999999998,4.060527319559479,28.145353740070572,33.95480625992942,29.23185,29.115075,30.241974999999996,HIGH_VARIANCE;reduced_reps_at_batch_size
SEAL,BGV,8192,3,edge_batch,multiply,100,throughput_items_per_sec,3220.603618412578,,,,,,,HIGH_VARIANCE;reduced_reps_at_batch_size
SEAL,BGV,8192,3,edge_batch,multiply,100,energy_pkg_j_per_op,0.179585465,,,,,,,n=1_invocation_not_repeated
SEAL,BGV,8192,3,edge_batch,multiply,100,peak_memory_mb,63.62109375,,,,,,,n=1_invocation_not_repeated
SEAL,BGV,8192,3,edge_batch,relinearize,1,latency_ms,1.4189965,0.09594603854182147,1.3999587243887754,1.4380342756112245,1.3984649999999998,1.385365,1.4256725,HIGH_VARIANCE
SEAL,BGV,8192,3,edge_batch,relinearize,1,throughput_items_per_sec,704.7233731725202,,,,,,,HIGH_VARIANCE
SEAL,BGV,8192,3,edge_batch,relinearize,1,energy_pkg_j_per_op,0.2703374666666667,,,,,,,n=1_invocation_not_repeated
SEAL,BGV,8192,3,edge_batch,relinearize,1,peak_memory_mb,14.2578125,,,,,,,n=1_invocation_not_repeated
SEAL,BGV,8192,3,edge_batch,relinearize,10,latency_ms,15.56617,2.053578314527243,14.799351255042172,16.332988744957827,14.998650000000001,14.7741,15.4754,HIGH_VARIANCE;reduced_reps_at_batch_size
SEAL,BGV,8192,3,edge_batch,relinearize,10,throughput_items_per_sec,642.4187838113037,,,,,,,HIGH_VARIANCE;reduced_reps_at_batch_size
SEAL,BGV,8192,3,edge_batch,relinearize,10,energy_pkg_j_per_op,0.3232381878787879,,,,,,,n=1_invocation_not_repeated
SEAL,BGV,8192,3,edge_batch,relinearize,10,peak_memory_mb,17.32421875,,,,,,,n=1_invocation_not_repeated
SEAL,BGV,8192,3,edge_batch,relinearize,100,latency_ms,141.5537,3.0741904462801295,139.35455663398446,143.75284336601553,140.6315,139.99375,141.71775000000002,reduced_reps_at_batch_size
SEAL,BGV,8192,3,edge_batch,relinearize,100,throughput_items_per_sec,706.4456810383621,,,,,,,reduced_reps_at_batch_size
SEAL,BGV,8192,3,edge_batch,relinearize,100,energy_pkg_j_per_op,0.17306397916666666,,,,,,,n=1_invocation_not_repeated
SEAL,BGV,8192,3,edge_batch,relinearize,100,peak_memory_mb,51.3046875,,,,,,,n=1_invocation_not_repeated
SEAL,BGV,8192,5,edge_batch,add,1,latency_ms,0.01917341,0.004943347132318958,0.01819254268224766,0.020154277317752337,0.017523999999999998,0.016306,0.019312,HIGH_VARIANCE
SEAL,BGV,8192,5,edge_batch,add,1,throughput_items_per_sec,52155.56335570981,,,,,,,HIGH_VARIANCE
SEAL,BGV,8192,5,edge_batch,add,1,energy_pkg_j_per_op,0.1925206476190476,,,,,,,n=1_invocation_not_repeated
SEAL,BGV,8192,5,edge_batch,add,1,peak_memory_mb,9.1484375,,,,,,,n=1_invocation_not_repeated
SEAL,BGV,8192,5,edge_batch,add,10,latency_ms,0.21133513333333334,0.03408314657921462,0.19860827724062877,0.22406198942603792,0.203436,0.1876215,0.21708149999999998,HIGH_VARIANCE;reduced_reps_at_batch_size
SEAL,BGV,8192,5,edge_batch,add,10,throughput_items_per_sec,47318.20896162714,,,,,,,HIGH_VARIANCE;reduced_reps_at_batch_size
SEAL,BGV,8192,5,edge_batch,add,10,energy_pkg_j_per_op,0.12978029393939394,,,,,,,n=1_invocation_not_repeated
SEAL,BGV,8192,5,edge_batch,add,10,peak_memory_mb,11.62890625,,,,,,,n=1_invocation_not_repeated
SEAL,BGV,8192,5,edge_batch,add,100,latency_ms,1.978964,0.11327433574194015,1.8979324216577633,2.0599955783422366,1.9495399999999998,1.88998,2.0195374999999998,HIGH_VARIANCE;reduced_reps_at_batch_size
SEAL,BGV,8192,5,edge_batch,add,100,throughput_items_per_sec,50531.4902140716,,,,,,,HIGH_VARIANCE;reduced_reps_at_batch_size
SEAL,BGV,8192,5,edge_batch,add,100,energy_pkg_j_per_op,0.09547802833333334,,,,,,,n=1_invocation_not_repeated
SEAL,BGV,8192,5,edge_batch,add,100,peak_memory_mb,34.0,,,,,,,n=1_invocation_not_repeated
SEAL,BGV,8192,5,edge_batch,decrypt,1,latency_ms,0.2086393,0.019128572245505286,0.2048437762690823,0.2124348237309177,0.20273,0.19959225,0.21088975,HIGH_VARIANCE
SEAL,BGV,8192,5,edge_batch,decrypt,1,throughput_items_per_sec,4792.960865953826,,,,,,,HIGH_VARIANCE
SEAL,BGV,8192,5,edge_batch,decrypt,1,energy_pkg_j_per_op,0.1750936857142857,,,,,,,n=1_invocation_not_repeated
SEAL,BGV,8192,5,edge_batch,decrypt,1,peak_memory_mb,9.20703125,,,,,,,n=1_invocation_not_repeated
SEAL,BGV,8192,5,edge_batch,decrypt,10,latency_ms,2.025841,0.04923333825282662,2.007456969363307,2.0442250306366927,2.0085100000000002,1.9938475,2.0669125,reduced_reps_at_batch_size
SEAL,BGV,8192,5,edge_batch,decrypt,10,throughput_items_per_sec,4936.221549470073,,,,,,,reduced_reps_at_batch_size
SEAL,BGV,8192,5,edge_batch,decrypt,10,energy_pkg_j_per_op,0.0841751484848485,,,,,,,n=1_invocation_not_repeated
SEAL,BGV,8192,5,edge_batch,decrypt,10,peak_memory_mb,10.5546875,,,,,,,n=1_invocation_not_repeated
SEAL,BGV,8192,5,edge_batch,decrypt,100,latency_ms,20.68456,0.19752226428655825,20.54326108415965,20.825858915840353,20.67935,20.527575,20.858125,reduced_reps_at_batch_size
SEAL,BGV,8192,5,edge_batch,decrypt,100,throughput_items_per_sec,4834.523915422905,,,,,,,reduced_reps_at_batch_size
SEAL,BGV,8192,5,edge_batch,decrypt,100,energy_pkg_j_per_op,0.059436445000000004,,,,,,,n=1_invocation_not_repeated
SEAL,BGV,8192,5,edge_batch,decrypt,100,peak_memory_mb,21.5390625,,,,,,,n=1_invocation_not_repeated
SEAL,BGV,8192,5,edge_batch,encrypt,1,latency_ms,2.9383227,0.10078337420864013,2.918325092045714,2.958320307954286,2.93629,2.8496775000000003,3.0101075,
SEAL,BGV,8192,5,edge_batch,encrypt,1,throughput_items_per_sec,340.33021628291544,,,,,,,
SEAL,BGV,8192,5,edge_batch,encrypt,1,energy_pkg_j_per_op,0.24785996190476192,,,,,,,n=1_invocation_not_repeated
SEAL,BGV,8192,5,edge_batch,encrypt,1,peak_memory_mb,8.83203125,,,,,,,n=1_invocation_not_repeated
SEAL,BGV,8192,5,edge_batch,encrypt,10,latency_ms,18.206863333333335,0.22495026650861963,18.122865523353646,18.290861143313023,18.184399999999997,18.109325,18.28545,reduced_reps_at_batch_size
SEAL,BGV,8192,5,edge_batch,encrypt,10,throughput_items_per_sec,549.2434263342816,,,,,,,reduced_reps_at_batch_size
SEAL,BGV,8192,5,edge_batch,encrypt,10,energy_pkg_j_per_op,0.07442658181818182,,,,,,,n=1_invocation_not_repeated
SEAL,BGV,8192,5,edge_batch,encrypt,10,peak_memory_mb,9.484375,,,,,,,n=1_invocation_not_repeated
SEAL,BGV,8192,5,edge_batch,encrypt,100,latency_ms,181.7791,0.7863136849318545,181.21660507522475,182.34159492477525,181.6625,181.145,182.41400000000002,reduced_reps_at_batch_size
SEAL,BGV,8192,5,edge_batch,encrypt,100,throughput_items_per_sec,550.1182479173898,,,,,,,reduced_reps_at_batch_size
SEAL,BGV,8192,5,edge_batch,encrypt,100,energy_pkg_j_per_op,0.05358135333333333,,,,,,,n=1_invocation_not_repeated
SEAL,BGV,8192,5,edge_batch,encrypt,100,peak_memory_mb,15.07421875,,,,,,,n=1_invocation_not_repeated
SEAL,BGV,8192,5,edge_batch,multiply,1,latency_ms,,,,,,,,skipped_depth0_undefined_at_this_config
SEAL,BGV,8192,5,edge_batch,multiply,10,latency_ms,,,,,,,,skipped_depth0_undefined_at_this_config
SEAL,BGV,8192,5,edge_batch,multiply,100,latency_ms,,,,,,,,skipped_depth0_undefined_at_this_config
SEAL,BGV,8192,5,edge_batch,relinearize,1,latency_ms,,,,,,,,skipped_depth0_undefined_at_this_config
SEAL,BGV,8192,5,edge_batch,relinearize,10,latency_ms,,,,,,,,skipped_depth0_undefined_at_this_config
SEAL,BGV,8192,5,edge_batch,relinearize,100,latency_ms,,,,,,,,skipped_depth0_undefined_at_this_config
SEAL,CKKS,2048,1,edge_batch,add,1,latency_ms,0.00497487,0.0010358070454744674,0.004769343410179692,0.005180396589820308,0.0047740000000000005,0.0045815000000000005,0.00497,HIGH_VARIANCE
SEAL,CKKS,2048,1,edge_batch,add,1,throughput_items_per_sec,201010.27765549652,,,,,,,HIGH_VARIANCE
SEAL,CKKS,2048,1,edge_batch,add,1,energy_pkg_j_per_op,0.1301944761904762,,,,,,,n=1_invocation_not_repeated
SEAL,CKKS,2048,1,edge_batch,add,1,peak_memory_mb,5.671875,,,,,,,n=1_invocation_not_repeated
SEAL,CKKS,2048,1,edge_batch,add,10,latency_ms,0.0489908,0.008614851176091605,0.04577396170358966,0.05220763829641034,0.045461,0.04382825,0.05115675,HIGH_VARIANCE;reduced_reps_at_batch_size
SEAL,CKKS,2048,1,edge_batch,add,10,throughput_items_per_sec,204119.95721645697,,,,,,,HIGH_VARIANCE;reduced_reps_at_batch_size
SEAL,CKKS,2048,1,edge_batch,add,10,energy_pkg_j_per_op,0.05304813636363637,,,,,,,n=1_invocation_not_repeated
SEAL,CKKS,2048,1,edge_batch,add,10,peak_memory_mb,6.19140625,,,,,,,n=1_invocation_not_repeated
SEAL,CKKS,2048,1,edge_batch,add,100,latency_ms,0.5485548,0.030465575716426795,0.526761040016882,0.5703485599831181,0.5456615,0.5251175,0.5687920000000001,HIGH_VARIANCE;reduced_reps_at_batch_size
SEAL,CKKS,2048,1,edge_batch,add,100,throughput_items_per_sec,182297.19255031584,,,,,,,HIGH_VARIANCE;reduced_reps_at_batch_size
SEAL,CKKS,2048,1,edge_batch,add,100,energy_pkg_j_per_op,0.028534889166666667,,,,,,,n=1_invocation_not_repeated
SEAL,CKKS,2048,1,edge_batch,add,100,peak_memory_mb,11.78125,,,,,,,n=1_invocation_not_repeated
SEAL,CKKS,2048,1,edge_batch,decrypt,1,latency_ms,0.01210126,0.0012355665663160282,0.011856096787430232,0.01234642321256977,0.0118975,0.011527,0.012063,HIGH_VARIANCE
SEAL,CKKS,2048,1,edge_batch,decrypt,1,throughput_items_per_sec,82636.02302570145,,,,,,,HIGH_VARIANCE
SEAL,CKKS,2048,1,edge_batch,decrypt,1,energy_pkg_j_per_op,0.12587298095238095,,,,,,,n=1_invocation_not_repeated
SEAL,CKKS,2048,1,edge_batch,decrypt,1,peak_memory_mb,5.49609375,,,,,,,n=1_invocation_not_repeated
SEAL,CKKS,2048,1,edge_batch,decrypt,10,latency_ms,0.1230184,0.008614470450632909,0.11980170386881235,0.12623509613118764,0.119131,0.11740825,0.12488,HIGH_VARIANCE;reduced_reps_at_batch_size
SEAL,CKKS,2048,1,edge_batch,decrypt,10,throughput_items_per_sec,81288.65275438472,,,,,,,HIGH_VARIANCE;reduced_reps_at_batch_size
SEAL,CKKS,2048,1,edge_batch,decrypt,10,energy_pkg_j_per_op,0.047801696969696966,,,,,,,n=1_invocation_not_repeated
SEAL,CKKS,2048,1,edge_batch,decrypt,10,peak_memory_mb,5.7421875,,,,,,,n=1_invocation_not_repeated
SEAL,CKKS,2048,1,edge_batch,decrypt,100,latency_ms,1.2699099999999999,0.026559932647170294,1.250910168758731,1.2889098312412688,1.2629549999999998,1.25557,1.27751,reduced_reps_at_batch_size
SEAL,CKKS,2048,1,edge_batch,decrypt,100,throughput_items_per_sec,78745.73788693687,,,,,,,reduced_reps_at_batch_size
SEAL,CKKS,2048,1,edge_batch,decrypt,100,energy_pkg_j_per_op,0.021735491666666665,,,,,,,n=1_invocation_not_repeated
SEAL,CKKS,2048,1,edge_batch,decrypt,100,peak_memory_mb,8.609375,,,,,,,n=1_invocation_not_repeated
SEAL,CKKS,2048,1,edge_batch,encrypt,1,latency_ms,0.40729447,0.0116161816336766,0.40498956754897525,0.4095993724510248,0.4067325,0.397114,0.41357525000000006,
SEAL,CKKS,2048,1,edge_batch,encrypt,1,throughput_items_per_sec,2455.226067763699,,,,,,,
SEAL,CKKS,2048,1,edge_batch,encrypt,1,energy_pkg_j_per_op,0.1147576,,,,,,,n=1_invocation_not_repeated
SEAL,CKKS,2048,1,edge_batch,encrypt,1,peak_memory_mb,5.6171875,,,,,,,n=1_invocation_not_repeated
SEAL,CKKS,2048,1,edge_batch,encrypt,10,latency_ms,4.127768,0.04607380274418797,4.110563759311538,4.144972240688461,4.123184999999999,4.1086975,4.157095,reduced_reps_at_batch_size
SEAL,CKKS,2048,1,edge_batch,encrypt,10,throughput_items_per_sec,2422.6167749737874,,,,,,,reduced_reps_at_batch_size
SEAL,CKKS,2048,1,edge_batch,encrypt,10,energy_pkg_j_per_op,0.043694472727272726,,,,,,,n=1_invocation_not_repeated
SEAL,CKKS,2048,1,edge_batch,encrypt,10,peak_memory_mb,5.89453125,,,,,,,n=1_invocation_not_repeated
SEAL,CKKS,2048,1,edge_batch,encrypt,100,latency_ms,41.68389,0.49290274102616966,41.33128862023506,42.03649137976494,41.5907,41.327275,42.039675,reduced_reps_at_batch_size
SEAL,CKKS,2048,1,edge_batch,encrypt,100,throughput_items_per_sec,2399.0083459101347,,,,,,,reduced_reps_at_batch_size
SEAL,CKKS,2048,1,edge_batch,encrypt,100,energy_pkg_j_per_op,0.020268447499999998,,,,,,,n=1_invocation_not_repeated
SEAL,CKKS,2048,1,edge_batch,encrypt,100,peak_memory_mb,7.01953125,,,,,,,n=1_invocation_not_repeated
SEAL,CKKS,2048,1,edge_batch,multiply,1,latency_ms,,,,,,,,skipped_depth0_undefined_at_this_config
SEAL,CKKS,2048,1,edge_batch,multiply,10,latency_ms,,,,,,,,skipped_depth0_undefined_at_this_config
SEAL,CKKS,2048,1,edge_batch,multiply,100,latency_ms,,,,,,,,skipped_depth0_undefined_at_this_config
SEAL,CKKS,2048,1,edge_batch,relinearize,1,latency_ms,,,,,,,,skipped_depth0_undefined_at_this_config
SEAL,CKKS,2048,1,edge_batch,relinearize,10,latency_ms,,,,,,,,skipped_depth0_undefined_at_this_config
SEAL,CKKS,2048,1,edge_batch,relinearize,100,latency_ms,,,,,,,,skipped_depth0_undefined_at_this_config
SEAL,CKKS,2048,3,edge_batch,add,1,latency_ms,0.00527102,0.0012665075975079876,0.005019717415571167,0.005522322584428834,0.004899499999999999,0.0046862499999999994,0.0051624999999999996,HIGH_VARIANCE
SEAL,CKKS,2048,3,edge_batch,add,1,throughput_items_per_sec,189716.6013409169,,,,,,,HIGH_VARIANCE
SEAL,CKKS,2048,3,edge_batch,add,1,energy_pkg_j_per_op,0.12376054285714286,,,,,,,n=1_invocation_not_repeated
SEAL,CKKS,2048,3,edge_batch,add,1,peak_memory_mb,5.55859375,,,,,,,n=1_invocation_not_repeated
SEAL,CKKS,2048,3,edge_batch,add,10,latency_ms,0.06058583333333333,0.017832375858655734,0.05392711475473429,0.06724455191193238,0.0566825,0.0524265,0.06043799999999999,HIGH_VARIANCE;reduced_reps_at_batch_size
SEAL,CKKS,2048,3,edge_batch,add,10,throughput_items_per_sec,165055.0871353314,,,,,,,HIGH_VARIANCE;reduced_reps_at_batch_size
SEAL,CKKS,2048,3,edge_batch,add,10,energy_pkg_j_per_op,0.0718268484848485,,,,,,,n=1_invocation_not_repeated
SEAL,CKKS,2048,3,edge_batch,add,10,peak_memory_mb,6.1796875,,,,,,,n=1_invocation_not_repeated
SEAL,CKKS,2048,3,edge_batch,add,100,latency_ms,0.5897448,0.05661288354704352,0.5492463827877093,0.6302432172122906,0.5838785,0.54174575,0.6313187499999999,HIGH_VARIANCE;reduced_reps_at_batch_size
SEAL,CKKS,2048,3,edge_batch,add,100,throughput_items_per_sec,169564.86941470279,,,,,,,HIGH_VARIANCE;reduced_reps_at_batch_size
SEAL,CKKS,2048,3,edge_batch,add,100,energy_pkg_j_per_op,0.03288873416666667,,,,,,,n=1_invocation_not_repeated
SEAL,CKKS,2048,3,edge_batch,add,100,peak_memory_mb,11.8203125,,,,,,,n=1_invocation_not_repeated
SEAL,CKKS,2048,3,edge_batch,decrypt,1,latency_ms,0.01324251,0.00184360672801326,0.012876698427821734,0.013608321572178268,0.0125635,0.012300499999999999,0.012814750000000001,HIGH_VARIANCE
SEAL,CKKS,2048,3,edge_batch,decrypt,1,throughput_items_per_sec,75514.38511279205,,,,,,,HIGH_VARIANCE
SEAL,CKKS,2048,3,edge_batch,decrypt,1,energy_pkg_j_per_op,0.15282630476190479,,,,,,,n=1_invocation_not_repeated
SEAL,CKKS,2048,3,edge_batch,decrypt,1,peak_memory_mb,5.50390625,,,,,,,n=1_invocation_not_repeated
SEAL,CKKS,2048,3,edge_batch,decrypt,10,latency_ms,0.12225973333333333,0.01186539813748024,0.11782912085372008,0.12669034581294658,0.117814,0.11704724999999999,0.12264275,HIGH_VARIANCE;reduced_reps_at_batch_size
SEAL,CKKS,2048,3,edge_batch,decrypt,10,throughput_items_per_sec,81793.07877873119,,,,,,,HIGH_VARIANCE;reduced_reps_at_batch_size
SEAL,CKKS,2048,3,edge_batch,decrypt,10,energy_pkg_j_per_op,0.044427551515151514,,,,,,,n=1_invocation_not_repeated
SEAL,CKKS,2048,3,edge_batch,decrypt,10,peak_memory_mb,5.80078125,,,,,,,n=1_invocation_not_repeated
SEAL,CKKS,2048,3,edge_batch,decrypt,100,latency_ms,1.27389,0.02848332104544301,1.2535142595851627,1.2942657404148372,1.27389,1.2541075,1.2890899999999998,reduced_reps_at_batch_size
SEAL,CKKS,2048,3,edge_batch,decrypt,100,throughput_items_per_sec,78499.71347604581,,,,,,,reduced_reps_at_batch_size
SEAL,CKKS,2048,3,edge_batch,decrypt,100,energy_pkg_j_per_op,0.020067347500000002,,,,,,,n=1_invocation_not_repeated
SEAL,CKKS,2048,3,edge_batch,decrypt,100,peak_memory_mb,8.58984375,,,,,,,n=1_invocation_not_repeated
SEAL,CKKS,2048,3,edge_batch,encrypt,1,latency_ms,0.40812345,0.013300537850729455,0.4054843347331366,0.4107625652668634,0.4073335,0.3956765,0.41417925,
SEAL,CKKS,2048,3,edge_batch,encrypt,1,throughput_items_per_sec,2450.239014690286,,,,,,,
SEAL,CKKS,2048,3,edge_batch,encrypt,1,energy_pkg_j_per_op,0.12287935238095238,,,,,,,n=1_invocation_not_repeated
SEAL,CKKS,2048,3,edge_batch,encrypt,1,peak_memory_mb,5.7421875,,,,,,,n=1_invocation_not_repeated
SEAL,CKKS,2048,3,edge_batch,encrypt,10,latency_ms,4.189011333333333,0.05622454873913653,4.168016741797684,4.210005924868982,4.18337,4.1536425,4.202615,reduced_reps_at_batch_size
SEAL,CKKS,2048,3,edge_batch,encrypt,10,throughput_items_per_sec,2387.1981248717875,,,,,,,reduced_reps_at_batch_size
SEAL,CKKS,2048,3,edge_batch,encrypt,10,energy_pkg_j_per_op,0.046131454545454545,,,,,,,n=1_invocation_not_repeated
SEAL,CKKS,2048,3,edge_batch,encrypt,10,peak_memory_mb,5.640625,,,,,,,n=1_invocation_not_repeated
SEAL,CKKS,2048,3,edge_batch,encrypt,100,latency_ms,51.8257,10.579443931511712,44.25762172226366,59.39377827773634,49.244749999999996,42.146,61.876949999999994,HIGH_VARIANCE;reduced_reps_at_batch_size
SEAL,CKKS,2048,3,edge_batch,encrypt,100,throughput_items_per_sec,1929.5446081770242,,,,,,,HIGH_VARIANCE;reduced_reps_at_batch_size
SEAL,CKKS,2048,3,edge_batch,encrypt,100,energy_pkg_j_per_op,0.025184549166666667,,,,,,,n=1_invocation_not_repeated
SEAL,CKKS,2048,3,edge_batch,encrypt,100,peak_memory_mb,7.23046875,,,,,,,n=1_invocation_not_repeated
SEAL,CKKS,2048,3,edge_batch,multiply,1,latency_ms,,,,,,,,skipped_depth0_undefined_at_this_config
SEAL,CKKS,2048,3,edge_batch,multiply,10,latency_ms,,,,,,,,skipped_depth0_undefined_at_this_config
SEAL,CKKS,2048,3,edge_batch,multiply,100,latency_ms,,,,,,,,skipped_depth0_undefined_at_this_config
SEAL,CKKS,2048,3,edge_batch,relinearize,1,latency_ms,,,,,,,,skipped_depth0_undefined_at_this_config
SEAL,CKKS,2048,3,edge_batch,relinearize,10,latency_ms,,,,,,,,skipped_depth0_undefined_at_this_config
SEAL,CKKS,2048,3,edge_batch,relinearize,100,latency_ms,,,,,,,,skipped_depth0_undefined_at_this_config
SEAL,CKKS,2048,5,edge_batch,add,1,latency_ms,0.00509413,0.001012857580254395,0.0048931570819716426,0.005295102918028357,0.0048045,0.00464875,0.0049425,HIGH_VARIANCE
SEAL,CKKS,2048,5,edge_batch,add,1,throughput_items_per_sec,196304.37385775393,,,,,,,HIGH_VARIANCE
SEAL,CKKS,2048,5,edge_batch,add,1,energy_pkg_j_per_op,0.11401257142857144,,,,,,,n=1_invocation_not_repeated
SEAL,CKKS,2048,5,edge_batch,add,1,peak_memory_mb,5.0,,,,,,,n=1_invocation_not_repeated
SEAL,CKKS,2048,5,edge_batch,add,10,latency_ms,0.04265296666666667,0.0074560233391086795,0.03986884179603187,0.045437091537301466,0.040206,0.03911725,0.042904000000000005,HIGH_VARIANCE;reduced_reps_at_batch_size
SEAL,CKKS,2048,5,edge_batch,add,10,throughput_items_per_sec,234450.28051976065,,,,,,,HIGH_VARIANCE;reduced_reps_at_batch_size
SEAL,CKKS,2048,5,edge_batch,add,10,energy_pkg_j_per_op,0.043919736363636365,,,,,,,n=1_invocation_not_repeated
SEAL,CKKS,2048,5,edge_batch,add,10,peak_memory_mb,5.82421875,,,,,,,n=1_invocation_not_repeated
SEAL,CKKS,2048,5,edge_batch,add,100,latency_ms,0.569268,0.12306088501135433,0.4812355460522658,0.6573004539477342,0.5254380000000001,0.5087232500000001,0.5373305,HIGH_VARIANCE;reduced_reps_at_batch_size
SEAL,CKKS,2048,5,edge_batch,add,100,throughput_items_per_sec,175664.1862883563,,,,,,,HIGH_VARIANCE;reduced_reps_at_batch_size
SEAL,CKKS,2048,5,edge_batch,add,100,energy_pkg_j_per_op,0.024098535833333334,,,,,,,n=1_invocation_not_repeated
SEAL,CKKS,2048,5,edge_batch,add,100,peak_memory_mb,11.2421875,,,,,,,n=1_invocation_not_repeated
SEAL,CKKS,2048,5,edge_batch,decrypt,1,latency_ms,0.01195133,0.0011390797282779365,0.011725311869394246,0.012177348130605753,0.011597,0.011522,0.011915499999999999,HIGH_VARIANCE
SEAL,CKKS,2048,5,edge_batch,decrypt,1,throughput_items_per_sec,83672.69584222008,,,,,,,HIGH_VARIANCE
SEAL,CKKS,2048,5,edge_batch,decrypt,1,energy_pkg_j_per_op,0.13604730476190477,,,,,,,n=1_invocation_not_repeated
SEAL,CKKS,2048,5,edge_batch,decrypt,1,peak_memory_mb,4.90234375,,,,,,,n=1_invocation_not_repeated
SEAL,CKKS,2048,5,edge_batch,decrypt,10,latency_ms,0.11813726666666667,0.006224106460913213,0.11581314711832594,0.1204613862150074,0.11637600000000001,0.11503625,0.11769375000000001,HIGH_VARIANCE;reduced_reps_at_batch_size
SEAL,CKKS,2048,5,edge_batch,decrypt,10,throughput_items_per_sec,84647.29447495822,,,,,,,HIGH_VARIANCE;reduced_reps_at_batch_size
SEAL,CKKS,2048,5,edge_batch,decrypt,10,energy_pkg_j_per_op,0.037205245454545455,,,,,,,n=1_invocation_not_repeated
SEAL,CKKS,2048,5,edge_batch,decrypt,10,peak_memory_mb,5.19140625,,,,,,,n=1_invocation_not_repeated
SEAL,CKKS,2048,5,edge_batch,decrypt,100,latency_ms,1.2568190000000001,0.060250395932309055,1.213718463182356,1.2999195368176442,1.234715,1.228295,1.2572075,reduced_reps_at_batch_size
SEAL,CKKS,2048,5,edge_batch,decrypt,100,throughput_items_per_sec,79565.95181963353,,,,,,,reduced_reps_at_batch_size
SEAL,CKKS,2048,5,edge_batch,decrypt,100,energy_pkg_j_per_op,0.01701041916666667,,,,,,,n=1_invocation_not_repeated
SEAL,CKKS,2048,5,edge_batch,decrypt,100,peak_memory_mb,8.0625,,,,,,,n=1_invocation_not_repeated
SEAL,CKKS,2048,5,edge_batch,encrypt,1,latency_ms,0.24921973,0.011889210669363423,0.2468606526648867,0.2515788073351133,0.244925,0.243753,0.2503855,
SEAL,CKKS,2048,5,edge_batch,encrypt,1,throughput_items_per_sec,4012.523406553726,,,,,,,
SEAL,CKKS,2048,5,edge_batch,encrypt,1,energy_pkg_j_per_op,0.10799612380952382,,,,,,,n=1_invocation_not_repeated
SEAL,CKKS,2048,5,edge_batch,encrypt,1,peak_memory_mb,5.11328125,,,,,,,n=1_invocation_not_repeated
SEAL,CKKS,2048,5,edge_batch,encrypt,10,latency_ms,2.5913103333333334,0.04984249754932052,2.5726988388770664,2.6099218277896004,2.597175,2.579365,2.6202050000000003,reduced_reps_at_batch_size
SEAL,CKKS,2048,5,edge_batch,encrypt,10,throughput_items_per_sec,3859.05148887995,,,,,,,reduced_reps_at_batch_size
SEAL,CKKS,2048,5,edge_batch,encrypt,10,energy_pkg_j_per_op,0.038856718181818184,,,,,,,n=1_invocation_not_repeated
SEAL,CKKS,2048,5,edge_batch,encrypt,10,peak_memory_mb,5.1484375,,,,,,,n=1_invocation_not_repeated
SEAL,CKKS,2048,5,edge_batch,encrypt,100,latency_ms,27.32157,2.669052834933522,25.412244622129727,29.230895377870276,26.37755,26.115575,26.969675,HIGH_VARIANCE;reduced_reps_at_batch_size
SEAL,CKKS,2048,5,edge_batch,encrypt,100,throughput_items_per_sec,3660.1117724933083,,,,,,,HIGH_VARIANCE;reduced_reps_at_batch_size
SEAL,CKKS,2048,5,edge_batch,encrypt,100,energy_pkg_j_per_op,0.022169619166666665,,,,,,,n=1_invocation_not_repeated
SEAL,CKKS,2048,5,edge_batch,encrypt,100,peak_memory_mb,6.6953125,,,,,,,n=1_invocation_not_repeated
SEAL,CKKS,2048,5,edge_batch,multiply,1,latency_ms,,,,,,,,skipped_depth0_undefined_at_this_config
SEAL,CKKS,2048,5,edge_batch,multiply,10,latency_ms,,,,,,,,skipped_depth0_undefined_at_this_config
SEAL,CKKS,2048,5,edge_batch,multiply,100,latency_ms,,,,,,,,skipped_depth0_undefined_at_this_config
SEAL,CKKS,2048,5,edge_batch,relinearize,1,latency_ms,,,,,,,,skipped_depth0_undefined_at_this_config
SEAL,CKKS,2048,5,edge_batch,relinearize,10,latency_ms,,,,,,,,skipped_depth0_undefined_at_this_config
SEAL,CKKS,2048,5,edge_batch,relinearize,100,latency_ms,,,,,,,,skipped_depth0_undefined_at_this_config
SEAL,CKKS,4096,1,edge_batch,add,1,latency_ms,0.0192068,0.004642788355845194,0.018285570064170392,0.020128029935829607,0.018078999999999998,0.016026,0.0204565,HIGH_VARIANCE
SEAL,CKKS,4096,1,edge_batch,add,1,throughput_items_per_sec,52064.8936834871,,,,,,,HIGH_VARIANCE
SEAL,CKKS,4096,1,edge_batch,add,1,energy_pkg_j_per_op,0.17574048571428572,,,,,,,n=1_invocation_not_repeated
SEAL,CKKS,4096,1,edge_batch,add,1,peak_memory_mb,8.79296875,,,,,,,n=1_invocation_not_repeated
SEAL,CKKS,4096,1,edge_batch,add,10,latency_ms,0.23113023333333332,0.04736313766013231,0.21344454707492125,0.2488159195917454,0.217318,0.20092149999999998,0.2424575,HIGH_VARIANCE;reduced_reps_at_batch_size
SEAL,CKKS,4096,1,edge_batch,add,10,throughput_items_per_sec,43265.65095263031,,,,,,,HIGH_VARIANCE;reduced_reps_at_batch_size
SEAL,CKKS,4096,1,edge_batch,add,10,energy_pkg_j_per_op,0.12455415151515152,,,,,,,n=1_invocation_not_repeated
SEAL,CKKS,4096,1,edge_batch,add,10,peak_memory_mb,11.11328125,,,,,,,n=1_invocation_not_repeated
SEAL,CKKS,4096,1,edge_batch,add,100,latency_ms,2.008259,0.14728713291089324,1.9028961323115732,2.1136218676884266,1.9280300000000001,1.9189875,2.0972875,HIGH_VARIANCE;reduced_reps_at_batch_size
SEAL,CKKS,4096,1,edge_batch,add,100,throughput_items_per_sec,49794.374132021825,,,,,,,HIGH_VARIANCE;reduced_reps_at_batch_size
SEAL,CKKS,4096,1,edge_batch,add,100,energy_pkg_j_per_op,0.06813180166666666,,,,,,,n=1_invocation_not_repeated
SEAL,CKKS,4096,1,edge_batch,add,100,peak_memory_mb,33.6484375,,,,,,,n=1_invocation_not_repeated
SEAL,CKKS,4096,1,edge_batch,decrypt,1,latency_ms,0.04774658,0.0032873069453781337,0.04709430698339129,0.048398853016608706,0.046859,0.046623250000000005,0.04734,HIGH_VARIANCE
SEAL,CKKS,4096,1,edge_batch,decrypt,1,throughput_items_per_sec,20943.908443285363,,,,,,,HIGH_VARIANCE
SEAL,CKKS,4096,1,edge_batch,decrypt,1,energy_pkg_j_per_op,0.1383495142857143,,,,,,,n=1_invocation_not_repeated
SEAL,CKKS,4096,1,edge_batch,decrypt,1,peak_memory_mb,8.70703125,,,,,,,n=1_invocation_not_repeated
SEAL,CKKS,4096,1,edge_batch,decrypt,10,latency_ms,0.5081869666666666,0.04899117449618954,0.48989336146280255,0.5264805718705308,0.4912475,0.48101374999999996,0.51048225,HIGH_VARIANCE;reduced_reps_at_batch_size
SEAL,CKKS,4096,1,edge_batch,decrypt,10,throughput_items_per_sec,19677.797062747708,,,,,,,HIGH_VARIANCE;reduced_reps_at_batch_size
SEAL,CKKS,4096,1,edge_batch,decrypt,10,energy_pkg_j_per_op,0.08084576060606061,,,,,,,n=1_invocation_not_repeated
SEAL,CKKS,4096,1,edge_batch,decrypt,10,peak_memory_mb,9.68359375,,,,,,,n=1_invocation_not_repeated
SEAL,CKKS,4096,1,edge_batch,decrypt,100,latency_ms,4.904846,0.06927369698040758,4.855290582462946,4.954401417537054,4.883705,4.868665,4.940552500000001,reduced_reps_at_batch_size
SEAL,CKKS,4096,1,edge_batch,decrypt,100,throughput_items_per_sec,20387.99994943776,,,,,,,reduced_reps_at_batch_size
SEAL,CKKS,4096,1,edge_batch,decrypt,100,energy_pkg_j_per_op,0.03902016083333333,,,,,,,n=1_invocation_not_repeated
SEAL,CKKS,4096,1,edge_batch,decrypt,100,peak_memory_mb,20.99609375,,,,,,,n=1_invocation_not_repeated
SEAL,CKKS,4096,1,edge_batch,encrypt,1,latency_ms,1.0965217,0.06045257790920655,1.0845265970145455,1.1085168029854546,1.082185,1.0727675,1.0931425,HIGH_VARIANCE
SEAL,CKKS,4096,1,edge_batch,encrypt,1,throughput_items_per_sec,911.9746558595238,,,,,,,HIGH_VARIANCE
SEAL,CKKS,4096,1,edge_batch,encrypt,1,energy_pkg_j_per_op,0.14327334285714285,,,,,,,n=1_invocation_not_repeated
SEAL,CKKS,4096,1,edge_batch,encrypt,1,peak_memory_mb,8.65625,,,,,,,n=1_invocation_not_repeated
SEAL,CKKS,4096,1,edge_batch,encrypt,10,latency_ms,12.21609,0.7558658138302337,11.933845066550134,12.498334933449865,11.99935,11.875425,12.296275,HIGH_VARIANCE;reduced_reps_at_batch_size
SEAL,CKKS,4096,1,edge_batch,encrypt,10,throughput_items_per_sec,818.5925283785566,,,,,,,HIGH_VARIANCE;reduced_reps_at_batch_size
SEAL,CKKS,4096,1,edge_batch,encrypt,10,energy_pkg_j_per_op,0.09052733333333333,,,,,,,n=1_invocation_not_repeated
SEAL,CKKS,4096,1,edge_batch,encrypt,10,peak_memory_mb,9.1953125,,,,,,,n=1_invocation_not_repeated
SEAL,CKKS,4096,1,edge_batch,encrypt,100,latency_ms,109.2313,1.2655672465560868,108.32596773020583,110.13663226979418,109.0355,108.61825,109.88749999999999,reduced_reps_at_batch_size
SEAL,CKKS,4096,1,edge_batch,encrypt,100,throughput_items_per_sec,915.4885092459762,,,,,,,reduced_reps_at_batch_size
SEAL,CKKS,4096,1,edge_batch,encrypt,100,energy_pkg_j_per_op,0.03608818333333333,,,,,,,n=1_invocation_not_repeated
SEAL,CKKS,4096,1,edge_batch,encrypt,100,peak_memory_mb,14.76953125,,,,,,,n=1_invocation_not_repeated
SEAL,CKKS,4096,1,edge_batch,multiply,1,latency_ms,0.15044494,0.006766697932186316,0.1491022803256691,0.1517875996743309,0.1482415,0.14647300000000002,0.153146,
SEAL,CKKS,4096,1,edge_batch,multiply,1,throughput_items_per_sec,6646.950040327046,,,,,,,
SEAL,CKKS,4096,1,edge_batch,multiply,1,energy_pkg_j_per_op,0.1920236761904762,,,,,,,n=1_invocation_not_repeated
SEAL,CKKS,4096,1,edge_batch,multiply,1,peak_memory_mb,8.90625,,,,,,,n=1_invocation_not_repeated
SEAL,CKKS,4096,1,edge_batch,multiply,10,latency_ms,1.4633513333333332,0.025674696215284155,1.4537642442071461,1.4729384224595203,1.458495,1.44226,1.475405,reduced_reps_at_batch_size
SEAL,CKKS,4096,1,edge_batch,multiply,10,throughput_items_per_sec,6833.628925748977,,,,,,,reduced_reps_at_batch_size
SEAL,CKKS,4096,1,edge_batch,multiply,10,energy_pkg_j_per_op,0.09347328181818182,,,,,,,n=1_invocation_not_repeated
SEAL,CKKS,4096,1,edge_batch,multiply,10,peak_memory_mb,11.05078125,,,,,,,n=1_invocation_not_repeated
SEAL,CKKS,4096,1,edge_batch,multiply,100,latency_ms,14.541830000000001,0.0931066538975601,14.475225512142561,14.60843448785744,14.51585,14.482724999999999,14.60435,reduced_reps_at_batch_size
SEAL,CKKS,4096,1,edge_batch,multiply,100,throughput_items_per_sec,6876.713591067974,,,,,,,reduced_reps_at_batch_size
SEAL,CKKS,4096,1,edge_batch,multiply,100,energy_pkg_j_per_op,0.07914645000000001,,,,,,,n=1_invocation_not_repeated
SEAL,CKKS,4096,1,edge_batch,multiply,100,peak_memory_mb,33.70703125,,,,,,,n=1_invocation_not_repeated
SEAL,CKKS,4096,1,edge_batch,relinearize,1,latency_ms,0.57058187,0.03780370044541628,0.5630807956743511,0.578082944325649,0.5585605,0.54880675,0.578541,HIGH_VARIANCE
SEAL,CKKS,4096,1,edge_batch,relinearize,1,throughput_items_per_sec,1752.5968709801452,,,,,,,HIGH_VARIANCE
SEAL,CKKS,4096,1,edge_batch,relinearize,1,energy_pkg_j_per_op,0.2047056857142857,,,,,,,n=1_invocation_not_repeated
SEAL,CKKS,4096,1,edge_batch,relinearize,1,peak_memory_mb,9.11328125,,,,,,,n=1_invocation_not_repeated
SEAL,CKKS,4096,1,edge_batch,relinearize,10,latency_ms,5.535134666666667,0.06797164052310567,5.509753638969824,5.56051569436351,5.523070000000001,5.4952425,5.557335,reduced_reps_at_batch_size
SEAL,CKKS,4096,1,edge_batch,relinearize,10,throughput_items_per_sec,1806.640777905795,,,,,,,reduced_reps_at_batch_size
SEAL,CKKS,4096,1,edge_batch,relinearize,10,energy_pkg_j_per_op,0.11218203939393938,,,,,,,n=1_invocation_not_repeated
SEAL,CKKS,4096,1,edge_batch,relinearize,10,peak_memory_mb,10.66015625,,,,,,,n=1_invocation_not_repeated
SEAL,CKKS,4096,1,edge_batch,relinearize,100,latency_ms,56.634910000000005,1.5540204928221217,55.52323070843976,57.74658929156025,56.060500000000005,55.65175000000001,57.022825000000005,reduced_reps_at_batch_size
SEAL,CKKS,4096,1,edge_batch,relinearize,100,throughput_items_per_sec,1765.695398827331,,,,,,,reduced_reps_at_batch_size
SEAL,CKKS,4096,1,edge_batch,relinearize,100,energy_pkg_j_per_op,0.09155902416666667,,,,,,,n=1_invocation_not_repeated
SEAL,CKKS,4096,1,edge_batch,relinearize,100,peak_memory_mb,27.796875,,,,,,,n=1_invocation_not_repeated
SEAL,CKKS,4096,3,edge_batch,add,1,latency_ms,0.00915381,0.0018240531164459444,0.008791878288575392,0.009515741711424608,0.008511,0.008306,0.0091005,HIGH_VARIANCE
SEAL,CKKS,4096,3,edge_batch,add,1,throughput_items_per_sec,109244.12894740005,,,,,,,HIGH_VARIANCE
SEAL,CKKS,4096,3,edge_batch,add,1,energy_pkg_j_per_op,0.18564001904761904,,,,,,,n=1_invocation_not_repeated
SEAL,CKKS,4096,3,edge_batch,add,1,peak_memory_mb,6.76171875,,,,,,,n=1_invocation_not_repeated
SEAL,CKKS,4096,3,edge_batch,add,10,latency_ms,0.09825016666666667,0.019125835522129226,0.09110846231207756,0.10539187102125577,0.09242500000000001,0.08875075,0.10162275000000001,HIGH_VARIANCE;reduced_reps_at_batch_size
SEAL,CKKS,4096,3,edge_batch,add,10,throughput_items_per_sec,101780.9978269757,,,,,,,HIGH_VARIANCE;reduced_reps_at_batch_size
SEAL,CKKS,4096,3,edge_batch,add,10,energy_pkg_j_per_op,0.07600065151515151,,,,,,,n=1_invocation_not_repeated
SEAL,CKKS,4096,3,edge_batch,add,10,peak_memory_mb,8.00390625,,,,,,,n=1_invocation_not_repeated
SEAL,CKKS,4096,3,edge_batch,add,100,latency_ms,1.0833119,0.13501492898725437,0.9867280381398287,1.1798957618601713,1.030255,1.007455,1.0845125,HIGH_VARIANCE;reduced_reps_at_batch_size
SEAL,CKKS,4096,3,edge_batch,add,100,throughput_items_per_sec,92309.51861601445,,,,,,,HIGH_VARIANCE;reduced_reps_at_batch_size
SEAL,CKKS,4096,3,edge_batch,add,100,energy_pkg_j_per_op,0.05836266416666667,,,,,,,n=1_invocation_not_repeated
SEAL,CKKS,4096,3,edge_batch,add,100,peak_memory_mb,19.2421875,,,,,,,n=1_invocation_not_repeated
SEAL,CKKS,4096,3,edge_batch,decrypt,1,latency_ms,0.02465035,0.002844716823438768,0.024085896465646975,0.025214803534353028,0.023684999999999998,0.0234815,0.023945,HIGH_VARIANCE
SEAL,CKKS,4096,3,edge_batch,decrypt,1,throughput_items_per_sec,40567.37531110106,,,,,,,HIGH_VARIANCE
SEAL,CKKS,4096,3,edge_batch,decrypt,1,energy_pkg_j_per_op,0.1176769619047619,,,,,,,n=1_invocation_not_repeated
SEAL,CKKS,4096,3,edge_batch,decrypt,1,peak_memory_mb,6.56640625,,,,,,,n=1_invocation_not_repeated
SEAL,CKKS,4096,3,edge_batch,decrypt,10,latency_ms,0.24454476666666666,0.014832912848269821,0.23900606598312465,0.2500834673502087,0.23859799999999998,0.23500125000000002,0.25218125,HIGH_VARIANCE;reduced_reps_at_batch_size
SEAL,CKKS,4096,3,edge_batch,decrypt,10,throughput_items_per_sec,40892.30833400238,,,,,,,HIGH_VARIANCE;reduced_reps_at_batch_size
SEAL,CKKS,4096,3,edge_batch,decrypt,10,energy_pkg_j_per_op,0.05527737575757576,,,,,,,n=1_invocation_not_repeated
SEAL,CKKS,4096,3,edge_batch,decrypt,10,peak_memory_mb,7.2734375,,,,,,,n=1_invocation_not_repeated
SEAL,CKKS,4096,3,edge_batch,decrypt,100,latency_ms,2.570349,0.12551405998709636,2.4805616503918144,2.660136349608186,2.52339,2.47999,2.612275,reduced_reps_at_batch_size
SEAL,CKKS,4096,3,edge_batch,decrypt,100,throughput_items_per_sec,38905.22259817635,,,,,,,reduced_reps_at_batch_size
SEAL,CKKS,4096,3,edge_batch,decrypt,100,energy_pkg_j_per_op,0.035965318333333336,,,,,,,n=1_invocation_not_repeated
SEAL,CKKS,4096,3,edge_batch,decrypt,100,peak_memory_mb,12.95703125,,,,,,,n=1_invocation_not_repeated
SEAL,CKKS,4096,3,edge_batch,encrypt,1,latency_ms,0.88896555,0.03811612794345086,0.8814024832805768,0.8965286167194232,0.8747560000000001,0.85692775,0.9204647499999999,
SEAL,CKKS,4096,3,edge_batch,encrypt,1,throughput_items_per_sec,1124.9029841482609,,,,,,,
SEAL,CKKS,4096,3,edge_batch,encrypt,1,energy_pkg_j_per_op,0.1992176,,,,,,,n=1_invocation_not_repeated
SEAL,CKKS,4096,3,edge_batch,encrypt,1,peak_memory_mb,6.5703125,,,,,,,n=1_invocation_not_repeated
SEAL,CKKS,4096,3,edge_batch,encrypt,10,latency_ms,8.280947,0.055221546965929354,8.260326935481645,8.301567064518354,8.262885,8.24062,8.319609999999999,reduced_reps_at_batch_size
SEAL,CKKS,4096,3,edge_batch,encrypt,10,throughput_items_per_sec,1207.5913539840312,,,,,,,reduced_reps_at_batch_size
SEAL,CKKS,4096,3,edge_batch,encrypt,10,energy_pkg_j_per_op,0.051276772727272726,,,,,,,n=1_invocation_not_repeated
SEAL,CKKS,4096,3,edge_batch,encrypt,10,peak_memory_mb,6.95703125,,,,,,,n=1_invocation_not_repeated
SEAL,CKKS,4096,3,edge_batch,encrypt,100,latency_ms,84.72027,0.8514576560881416,84.11117388557575,85.32936611442425,84.60624999999999,84.21075,85.22985,reduced_reps_at_batch_size
SEAL,CKKS,4096,3,edge_batch,encrypt,100,throughput_items_per_sec,1180.3550673292236,,,,,,,reduced_reps_at_batch_size
SEAL,CKKS,4096,3,edge_batch,encrypt,100,energy_pkg_j_per_op,0.034792830000000004,,,,,,,n=1_invocation_not_repeated
SEAL,CKKS,4096,3,edge_batch,encrypt,100,peak_memory_mb,9.81640625,,,,,,,n=1_invocation_not_repeated
SEAL,CKKS,4096,3,edge_batch,multiply,1,latency_ms,,,,,,,,skipped_depth0_undefined_at_this_config
SEAL,CKKS,4096,3,edge_batch,multiply,10,latency_ms,,,,,,,,skipped_depth0_undefined_at_this_config
SEAL,CKKS,4096,3,edge_batch,multiply,100,latency_ms,,,,,,,,skipped_depth0_undefined_at_this_config
SEAL,CKKS,4096,3,edge_batch,relinearize,1,latency_ms,,,,,,,,skipped_depth0_undefined_at_this_config
SEAL,CKKS,4096,3,edge_batch,relinearize,10,latency_ms,,,,,,,,skipped_depth0_undefined_at_this_config
SEAL,CKKS,4096,3,edge_batch,relinearize,100,latency_ms,,,,,,,,skipped_depth0_undefined_at_this_config
SEAL,CKKS,4096,5,edge_batch,add,1,latency_ms,0.00958286,0.0017731082735972415,0.009231036850653023,0.009934683149346977,0.008972,0.00856425,0.009799,HIGH_VARIANCE
SEAL,CKKS,4096,5,edge_batch,add,1,throughput_items_per_sec,104352.98021676201,,,,,,,HIGH_VARIANCE
SEAL,CKKS,4096,5,edge_batch,add,1,energy_pkg_j_per_op,0.14953959047619048,,,,,,,n=1_invocation_not_repeated
SEAL,CKKS,4096,5,edge_batch,add,1,peak_memory_mb,6.765625,,,,,,,n=1_invocation_not_repeated
SEAL,CKKS,4096,5,edge_batch,add,10,latency_ms,0.127435,0.04451190007565199,0.11081398335298821,0.1440560166470118,0.1069785,0.1020685,0.1334205,HIGH_VARIANCE;reduced_reps_at_batch_size
SEAL,CKKS,4096,5,edge_batch,add,10,throughput_items_per_sec,78471.37756503317,,,,,,,HIGH_VARIANCE;reduced_reps_at_batch_size
SEAL,CKKS,4096,5,edge_batch,add,10,energy_pkg_j_per_op,0.1245991393939394,,,,,,,n=1_invocation_not_repeated
SEAL,CKKS,4096,5,edge_batch,add,10,peak_memory_mb,7.875,,,,,,,n=1_invocation_not_repeated
SEAL,CKKS,4096,5,edge_batch,add,100,latency_ms,1.0646371000000001,0.0697265173189751,1.0147577543065882,1.114516445693412,1.042915,1.03343,1.0753775,HIGH_VARIANCE;reduced_reps_at_batch_size
SEAL,CKKS,4096,5,edge_batch,add,100,throughput_items_per_sec,93928.71993658684,,,,,,,HIGH_VARIANCE;reduced_reps_at_batch_size
SEAL,CKKS,4096,5,edge_batch,add,100,energy_pkg_j_per_op,0.0588992875,,,,,,,n=1_invocation_not_repeated
SEAL,CKKS,4096,5,edge_batch,add,100,peak_memory_mb,19.26953125,,,,,,,n=1_invocation_not_repeated
SEAL,CKKS,4096,5,edge_batch,decrypt,1,latency_ms,0.02595376,0.0023660134827181434,0.025484291593990863,0.026423228406009136,0.025353,0.025097,0.025644,HIGH_VARIANCE
SEAL,CKKS,4096,5,edge_batch,decrypt,1,throughput_items_per_sec,38530.06269611802,,,,,,,HIGH_VARIANCE
SEAL,CKKS,4096,5,edge_batch,decrypt,1,energy_pkg_j_per_op,0.20412297142857144,,,,,,,n=1_invocation_not_repeated
SEAL,CKKS,4096,5,edge_batch,decrypt,1,peak_memory_mb,6.66015625,,,,,,,n=1_invocation_not_repeated
SEAL,CKKS,4096,5,edge_batch,decrypt,10,latency_ms,0.2448425,0.01449864694697762,0.23942861625530945,0.2502563837446905,0.240206,0.23313725000000002,0.25115175,HIGH_VARIANCE;reduced_reps_at_batch_size
SEAL,CKKS,4096,5,edge_batch,decrypt,10,throughput_items_per_sec,40842.58247648999,,,,,,,HIGH_VARIANCE;reduced_reps_at_batch_size
SEAL,CKKS,4096,5,edge_batch,decrypt,10,energy_pkg_j_per_op,0.06016483636363636,,,,,,,n=1_invocation_not_repeated
SEAL,CKKS,4096,5,edge_batch,decrypt,10,peak_memory_mb,7.28515625,,,,,,,n=1_invocation_not_repeated
SEAL,CKKS,4096,5,edge_batch,decrypt,100,latency_ms,2.46239,0.0280516107677735,2.4423230865136722,2.482456913486328,2.45852,2.4426625,2.483445,reduced_reps_at_batch_size
SEAL,CKKS,4096,5,edge_batch,decrypt,100,throughput_items_per_sec,40610.95114908686,,,,,,,reduced_reps_at_batch_size
SEAL,CKKS,4096,5,edge_batch,decrypt,100,energy_pkg_j_per_op,0.03163793333333333,,,,,,,n=1_invocation_not_repeated
SEAL,CKKS,4096,5,edge_batch,decrypt,100,peak_memory_mb,12.8984375,,,,,,,n=1_invocation_not_repeated
SEAL,CKKS,4096,5,edge_batch,encrypt,1,latency_ms,0.83652811,0.025389994931947973,0.8314901841655336,0.8415660358344665,0.8363480000000001,0.82774425,0.84348625,
SEAL,CKKS,4096,5,edge_batch,encrypt,1,throughput_items_per_sec,1195.417091243951,,,,,,,
SEAL,CKKS,4096,5,edge_batch,encrypt,1,energy_pkg_j_per_op,0.1510969238095238,,,,,,,n=1_invocation_not_repeated
SEAL,CKKS,4096,5,edge_batch,encrypt,1,peak_memory_mb,6.796875,,,,,,,n=1_invocation_not_repeated
SEAL,CKKS,4096,5,edge_batch,encrypt,10,latency_ms,8.246618,0.09174077912511307,8.212361430083714,8.280874569916286,8.221895,8.185827499999998,8.295145,reduced_reps_at_batch_size
SEAL,CKKS,4096,5,edge_batch,encrypt,10,throughput_items_per_sec,1212.6183121371696,,,,,,,reduced_reps_at_batch_size
SEAL,CKKS,4096,5,edge_batch,encrypt,10,energy_pkg_j_per_op,0.052046239393939396,,,,,,,n=1_invocation_not_repeated
SEAL,CKKS,4096,5,edge_batch,encrypt,10,peak_memory_mb,7.046875,,,,,,,n=1_invocation_not_repeated
SEAL,CKKS,4096,5,edge_batch,encrypt,100,latency_ms,83.0972,0.3949372411465445,82.81467891712082,83.37972108287919,83.04785000000001,82.941475,83.38475,reduced_reps_at_batch_size
SEAL,CKKS,4096,5,edge_batch,encrypt,100,throughput_items_per_sec,1203.409982526487,,,,,,,reduced_reps_at_batch_size
SEAL,CKKS,4096,5,edge_batch,encrypt,100,energy_pkg_j_per_op,0.029105029166666668,,,,,,,n=1_invocation_not_repeated
SEAL,CKKS,4096,5,edge_batch,encrypt,100,peak_memory_mb,9.78515625,,,,,,,n=1_invocation_not_repeated
SEAL,CKKS,4096,5,edge_batch,multiply,1,latency_ms,,,,,,,,skipped_depth0_undefined_at_this_config
SEAL,CKKS,4096,5,edge_batch,multiply,10,latency_ms,,,,,,,,skipped_depth0_undefined_at_this_config
SEAL,CKKS,4096,5,edge_batch,multiply,100,latency_ms,,,,,,,,skipped_depth0_undefined_at_this_config
SEAL,CKKS,4096,5,edge_batch,relinearize,1,latency_ms,,,,,,,,skipped_depth0_undefined_at_this_config
SEAL,CKKS,4096,5,edge_batch,relinearize,10,latency_ms,,,,,,,,skipped_depth0_undefined_at_this_config
SEAL,CKKS,4096,5,edge_batch,relinearize,100,latency_ms,,,,,,,,skipped_depth0_undefined_at_this_config
SEAL,CKKS,8192,1,edge_batch,add,1,latency_ms,0.06342383,0.01312796497115754,0.060818956936439655,0.06602870306356035,0.061266,0.054393750000000005,0.06705725000000001,HIGH_VARIANCE
SEAL,CKKS,8192,1,edge_batch,add,1,throughput_items_per_sec,15766.944380369336,,,,,,,HIGH_VARIANCE
SEAL,CKKS,8192,1,edge_batch,add,1,energy_pkg_j_per_op,0.2553452380952381,,,,,,,n=1_invocation_not_repeated
SEAL,CKKS,8192,1,edge_batch,add,1,peak_memory_mb,17.1640625,,,,,,,n=1_invocation_not_repeated
SEAL,CKKS,8192,1,edge_batch,add,10,latency_ms,0.7061913,0.11253545184094135,0.6641698716797468,0.7482127283202531,0.6673125,0.6198272499999999,0.77467575,HIGH_VARIANCE;reduced_reps_at_batch_size
SEAL,CKKS,8192,1,edge_batch,add,10,throughput_items_per_sec,14160.468983404355,,,,,,,HIGH_VARIANCE;reduced_reps_at_batch_size
SEAL,CKKS,8192,1,edge_batch,add,10,energy_pkg_j_per_op,0.20298582121212122,,,,,,,n=1_invocation_not_repeated
SEAL,CKKS,8192,1,edge_batch,add,10,peak_memory_mb,23.921875,,,,,,,n=1_invocation_not_repeated
SEAL,CKKS,8192,1,edge_batch,add,100,latency_ms,6.354698,0.771413950825942,5.802861702914548,6.906534297085452,6.311920000000001,5.814265,6.4086925,HIGH_VARIANCE;reduced_reps_at_batch_size
SEAL,CKKS,8192,1,edge_batch,add,100,throughput_items_per_sec,15736.389046340204,,,,,,,HIGH_VARIANCE;reduced_reps_at_batch_size
SEAL,CKKS,8192,1,edge_batch,add,100,energy_pkg_j_per_op,0.185187465,,,,,,,n=1_invocation_not_repeated
SEAL,CKKS,8192,1,edge_batch,add,100,peak_memory_mb,91.53515625,,,,,,,n=1_invocation_not_repeated
SEAL,CKKS,8192,1,edge_batch,decrypt,1,latency_ms,0.14580342,0.007702365436459613,0.14427510359336634,0.14733173640663363,0.14232,0.14086225,0.148187,HIGH_VARIANCE
SEAL,CKKS,8192,1,edge_batch,decrypt,1,throughput_items_per_sec,6858.549682853804,,,,,,,HIGH_VARIANCE
SEAL,CKKS,8192,1,edge_batch,decrypt,1,energy_pkg_j_per_op,0.18766555238095237,,,,,,,n=1_invocation_not_repeated
SEAL,CKKS,8192,1,edge_batch,decrypt,1,peak_memory_mb,16.59375,,,,,,,n=1_invocation_not_repeated
SEAL,CKKS,8192,1,edge_batch,decrypt,10,latency_ms,1.4629276666666666,0.04483186872068245,1.4461871717640302,1.479668161569303,1.4522499999999998,1.43252,1.4715325,reduced_reps_at_batch_size
SEAL,CKKS,8192,1,edge_batch,decrypt,10,throughput_items_per_sec,6835.607957832502,,,,,,,reduced_reps_at_batch_size
SEAL,CKKS,8192,1,edge_batch,decrypt,10,energy_pkg_j_per_op,0.11234983030303029,,,,,,,n=1_invocation_not_repeated
SEAL,CKKS,8192,1,edge_batch,decrypt,10,peak_memory_mb,19.8828125,,,,,,,n=1_invocation_not_repeated
SEAL,CKKS,8192,1,edge_batch,decrypt,100,latency_ms,14.5677,0.17543270948017523,14.442202999740212,14.693197000259788,14.51535,14.461749999999999,14.64635,reduced_reps_at_batch_size
SEAL,CKKS,8192,1,edge_batch,decrypt,100,throughput_items_per_sec,6864.5016028611235,,,,,,,reduced_reps_at_batch_size
SEAL,CKKS,8192,1,edge_batch,decrypt,100,energy_pkg_j_per_op,0.0943746075,,,,,,,n=1_invocation_not_repeated
SEAL,CKKS,8192,1,edge_batch,decrypt,100,peak_memory_mb,53.5703125,,,,,,,n=1_invocation_not_repeated
SEAL,CKKS,8192,1,edge_batch,encrypt,1,latency_ms,2.8146763,0.14740383923604314,2.7854281803458925,2.8439244196541074,2.79073,2.7607099999999996,2.813455,HIGH_VARIANCE
SEAL,CKKS,8192,1,edge_batch,encrypt,1,throughput_items_per_sec,355.28064097459446,,,,,,,HIGH_VARIANCE
SEAL,CKKS,8192,1,edge_batch,encrypt,1,energy_pkg_j_per_op,0.1935265142857143,,,,,,,n=1_invocation_not_repeated
SEAL,CKKS,8192,1,edge_batch,encrypt,1,peak_memory_mb,16.3359375,,,,,,,n=1_invocation_not_repeated
SEAL,CKKS,8192,1,edge_batch,encrypt,10,latency_ms,27.60217666666667,0.7586746854893067,27.31888288330194,27.8854704500314,27.4013,27.319825,27.593575,reduced_reps_at_batch_size
SEAL,CKKS,8192,1,edge_batch,encrypt,10,throughput_items_per_sec,362.2902686539334,,,,,,,reduced_reps_at_batch_size
SEAL,CKKS,8192,1,edge_batch,encrypt,10,energy_pkg_j_per_op,0.09916488484848485,,,,,,,n=1_invocation_not_repeated
SEAL,CKKS,8192,1,edge_batch,encrypt,10,peak_memory_mb,18.125,,,,,,,n=1_invocation_not_repeated
SEAL,CKKS,8192,1,edge_batch,encrypt,100,latency_ms,278.4455,6.069841865961398,274.1033967030346,282.78760329696536,276.7715,275.8075,277.47,reduced_reps_at_batch_size
SEAL,CKKS,8192,1,edge_batch,encrypt,100,throughput_items_per_sec,359.1367071832729,,,,,,,reduced_reps_at_batch_size
SEAL,CKKS,8192,1,edge_batch,encrypt,100,energy_pkg_j_per_op,0.08091133,,,,,,,n=1_invocation_not_repeated
SEAL,CKKS,8192,1,edge_batch,encrypt,100,peak_memory_mb,35.17578125,,,,,,,n=1_invocation_not_repeated
SEAL,CKKS,8192,1,edge_batch,multiply,1,latency_ms,0.53878839,0.03497165343239948,0.5318492552434427,0.5457275247565573,0.5310435,0.5184975000000001,0.5511237499999999,HIGH_VARIANCE
SEAL,CKKS,8192,1,edge_batch,multiply,1,throughput_items_per_sec,1856.0162367270016,,,,,,,HIGH_VARIANCE
SEAL,CKKS,8192,1,edge_batch,multiply,1,energy_pkg_j_per_op,0.38662493333333336,,,,,,,n=1_invocation_not_repeated
SEAL,CKKS,8192,1,edge_batch,multiply,1,peak_memory_mb,17.7734375,,,,,,,n=1_invocation_not_repeated
SEAL,CKKS,8192,1,edge_batch,multiply,10,latency_ms,4.692790333333333,0.32329243711071953,4.5720709533487085,4.813509713317957,4.583735000000001,4.52153,4.7099975,HIGH_VARIANCE;reduced_reps_at_batch_size
SEAL,CKKS,8192,1,edge_batch,multiply,10,throughput_items_per_sec,2130.9283581175696,,,,,,,HIGH_VARIANCE;reduced_reps_at_batch_size
SEAL,CKKS,8192,1,edge_batch,multiply,10,energy_pkg_j_per_op,0.23927008484848486,,,,,,,n=1_invocation_not_repeated
SEAL,CKKS,8192,1,edge_batch,multiply,10,peak_memory_mb,24.55859375,,,,,,,n=1_invocation_not_repeated
SEAL,CKKS,8192,1,edge_batch,multiply,100,latency_ms,42.67514,0.14469788603232056,42.57162936794742,42.778650632052575,42.67915,42.570975,42.753575000000005,reduced_reps_at_batch_size
SEAL,CKKS,8192,1,edge_batch,multiply,100,throughput_items_per_sec,2343.284638316359,,,,,,,reduced_reps_at_batch_size
SEAL,CKKS,8192,1,edge_batch,multiply,100,energy_pkg_j_per_op,0.16270210583333333,,,,,,,n=1_invocation_not_repeated
SEAL,CKKS,8192,1,edge_batch,multiply,100,peak_memory_mb,92.12890625,,,,,,,n=1_invocation_not_repeated
SEAL,CKKS,8192,1,edge_batch,relinearize,1,latency_ms,1.878788,0.08560128694869444,1.8618028475358785,1.8957731524641213,1.86553,1.8464049999999999,1.8873149999999999,
SEAL,CKKS,8192,1,edge_batch,relinearize,1,throughput_items_per_sec,532.2580301769013,,,,,,,
SEAL,CKKS,8192,1,edge_batch,relinearize,1,energy_pkg_j_per_op,0.3234146666666667,,,,,,,n=1_invocation_not_repeated
SEAL,CKKS,8192,1,edge_batch,relinearize,1,peak_memory_mb,18.08203125,,,,,,,n=1_invocation_not_repeated
SEAL,CKKS,8192,1,edge_batch,relinearize,10,latency_ms,19.45664,1.2662255912751095,18.98382359369772,19.92945640630228,19.1555,18.941475,19.45565,HIGH_VARIANCE;reduced_reps_at_batch_size
SEAL,CKKS,8192,1,edge_batch,relinearize,10,throughput_items_per_sec,513.9633564685372,,,,,,,HIGH_VARIANCE;reduced_reps_at_batch_size
SEAL,CKKS,8192,1,edge_batch,relinearize,10,energy_pkg_j_per_op,0.24040939393939392,,,,,,,n=1_invocation_not_repeated
SEAL,CKKS,8192,1,edge_batch,relinearize,10,peak_memory_mb,23.09765625,,,,,,,n=1_invocation_not_repeated
SEAL,CKKS,8192,1,edge_batch,relinearize,100,latency_ms,191.1231,2.4579809442349663,189.36476635679722,192.88143364320277,190.192,189.7695,192.01125,reduced_reps_at_batch_size
SEAL,CKKS,8192,1,edge_batch,relinearize,100,throughput_items_per_sec,523.2229908367958,,,,,,,reduced_reps_at_batch_size
SEAL,CKKS,8192,1,edge_batch,relinearize,100,energy_pkg_j_per_op,0.2120956475,,,,,,,n=1_invocation_not_repeated
SEAL,CKKS,8192,1,edge_batch,relinearize,100,peak_memory_mb,73.86328125,,,,,,,n=1_invocation_not_repeated
SEAL,CKKS,8192,3,edge_batch,add,1,latency_ms,0.04193199,0.010376406591271072,0.039873085814504695,0.04399089418549531,0.0391595,0.0348365,0.046303000000000004,HIGH_VARIANCE
SEAL,CKKS,8192,3,edge_batch,add,1,throughput_items_per_sec,23848.14076317389,,,,,,,HIGH_VARIANCE
SEAL,CKKS,8192,3,edge_batch,add,1,energy_pkg_j_per_op,0.23735562857142856,,,,,,,n=1_invocation_not_repeated
SEAL,CKKS,8192,3,edge_batch,add,1,peak_memory_mb,13.05078125,,,,,,,n=1_invocation_not_repeated
SEAL,CKKS,8192,3,edge_batch,add,10,latency_ms,0.43066553333333335,0.07509664367573907,0.402623985734876,0.4587070809317907,0.4078195,0.38234549999999995,0.4380615,HIGH_VARIANCE;reduced_reps_at_batch_size
SEAL,CKKS,8192,3,edge_batch,add,10,throughput_items_per_sec,23219.87534642119,,,,,,,HIGH_VARIANCE;reduced_reps_at_batch_size
SEAL,CKKS,8192,3,edge_batch,add,10,energy_pkg_j_per_op,0.161595396969697,,,,,,,n=1_invocation_not_repeated
SEAL,CKKS,8192,3,edge_batch,add,10,peak_memory_mb,17.48046875,,,,,,,n=1_invocation_not_repeated
SEAL,CKKS,8192,3,edge_batch,add,100,latency_ms,4.065128,0.18359671316351076,3.933790823324967,4.196465176675032,4.055795,3.92023,4.1948550000000004,reduced_reps_at_batch_size
SEAL,CKKS,8192,3,edge_batch,add,100,throughput_items_per_sec,24599.47140655842,,,,,,,reduced_reps_at_batch_size
SEAL,CKKS,8192,3,edge_batch,add,100,energy_pkg_j_per_op,0.1459672975,,,,,,,n=1_invocation_not_repeated
SEAL,CKKS,8192,3,edge_batch,add,100,peak_memory_mb,62.4921875,,,,,,,n=1_invocation_not_repeated
SEAL,CKKS,8192,3,edge_batch,decrypt,1,latency_ms,0.09845343,0.008397431946618013,0.09678719731817272,0.10011966268182727,0.09561700000000001,0.094825,0.098081,HIGH_VARIANCE
SEAL,CKKS,8192,3,edge_batch,decrypt,1,throughput_items_per_sec,10157.086451939766,,,,,,,HIGH_VARIANCE
SEAL,CKKS,8192,3,edge_batch,decrypt,1,energy_pkg_j_per_op,0.1949845904761905,,,,,,,n=1_invocation_not_repeated
SEAL,CKKS,8192,3,edge_batch,decrypt,1,peak_memory_mb,12.42578125,,,,,,,n=1_invocation_not_repeated
SEAL,CKKS,8192,3,edge_batch,decrypt,10,latency_ms,0.9995718666666666,0.08700081646296767,0.9670852278964294,1.0320585054369038,0.9708289999999999,0.962543,0.9999217499999999,HIGH_VARIANCE;reduced_reps_at_batch_size
SEAL,CKKS,8192,3,edge_batch,decrypt,10,throughput_items_per_sec,10004.28316709994,,,,,,,HIGH_VARIANCE;reduced_reps_at_batch_size
SEAL,CKKS,8192,3,edge_batch,decrypt,10,energy_pkg_j_per_op,0.10723794242424241,,,,,,,n=1_invocation_not_repeated
SEAL,CKKS,8192,3,edge_batch,decrypt,10,peak_memory_mb,14.7265625,,,,,,,n=1_invocation_not_repeated
SEAL,CKKS,8192,3,edge_batch,decrypt,100,latency_ms,9.894276999999999,0.18797439938282393,9.759808215255807,10.02874578474419,9.862745,9.739215,10.047605,reduced_reps_at_batch_size
SEAL,CKKS,8192,3,edge_batch,decrypt,100,throughput_items_per_sec,10106.852678573687,,,,,,,reduced_reps_at_batch_size
SEAL,CKKS,8192,3,edge_batch,decrypt,100,energy_pkg_j_per_op,0.091872855,,,,,,,n=1_invocation_not_repeated
SEAL,CKKS,8192,3,edge_batch,decrypt,100,peak_memory_mb,37.30078125,,,,,,,n=1_invocation_not_repeated
SEAL,CKKS,8192,3,edge_batch,encrypt,1,latency_ms,2.2096926,0.02787444134041801,2.204161706097634,2.2152234939023656,2.20769,2.193785,2.2247700000000004,
SEAL,CKKS,8192,3,edge_batch,encrypt,1,throughput_items_per_sec,452.5516354627789,,,,,,,
SEAL,CKKS,8192,3,edge_batch,encrypt,1,energy_pkg_j_per_op,0.16579895238095238,,,,,,,n=1_invocation_not_repeated
SEAL,CKKS,8192,3,edge_batch,encrypt,1,peak_memory_mb,12.4453125,,,,,,,n=1_invocation_not_repeated
SEAL,CKKS,8192,3,edge_batch,encrypt,10,latency_ms,24.4693,1.884274006174481,23.765700522760678,25.172899477239323,23.65795,23.5118,24.42865,HIGH_VARIANCE;reduced_reps_at_batch_size
SEAL,CKKS,8192,3,edge_batch,encrypt,10,throughput_items_per_sec,408.67536055383687,,,,,,,HIGH_VARIANCE;reduced_reps_at_batch_size
SEAL,CKKS,8192,3,edge_batch,encrypt,10,energy_pkg_j_per_op,0.1268342515151515,,,,,,,n=1_invocation_not_repeated
SEAL,CKKS,8192,3,edge_batch,encrypt,10,peak_memory_mb,13.55078125,,,,,,,n=1_invocation_not_repeated
SEAL,CKKS,8192,3,edge_batch,encrypt,100,latency_ms,228.4921,14.983452023630749,217.7735841196156,239.21061588038438,222.6125,222.092,224.09925,HIGH_VARIANCE;reduced_reps_at_batch_size
SEAL,CKKS,8192,3,edge_batch,encrypt,100,throughput_items_per_sec,437.6518925599616,,,,,,,HIGH_VARIANCE;reduced_reps_at_batch_size
SEAL,CKKS,8192,3,edge_batch,encrypt,100,energy_pkg_j_per_op,0.0690522025,,,,,,,n=1_invocation_not_repeated
SEAL,CKKS,8192,3,edge_batch,encrypt,100,peak_memory_mb,24.87109375,,,,,,,n=1_invocation_not_repeated
SEAL,CKKS,8192,3,edge_batch,multiply,1,latency_ms,0.30150349,0.008523000599678567,0.2998123417731736,0.30319463822682635,0.30175799999999997,0.29479750000000005,0.3063345,
SEAL,CKKS,8192,3,edge_batch,multiply,1,throughput_items_per_sec,3316.711192961647,,,,,,,
SEAL,CKKS,8192,3,edge_batch,multiply,1,energy_pkg_j_per_op,0.23522735238095238,,,,,,,n=1_invocation_not_repeated
SEAL,CKKS,8192,3,edge_batch,multiply,1,peak_memory_mb,13.046875,,,,,,,n=1_invocation_not_repeated
SEAL,CKKS,8192,3,edge_batch,multiply,10,latency_ms,3.022161,0.07240176042582543,2.9951257383449073,3.049196261655093,2.99721,2.981915,3.0492500000000002,reduced_reps_at_batch_size
SEAL,CKKS,8192,3,edge_batch,multiply,10,throughput_items_per_sec,3308.890558775657,,,,,,,reduced_reps_at_batch_size
SEAL,CKKS,8192,3,edge_batch,multiply,10,energy_pkg_j_per_op,0.18065800303030302,,,,,,,n=1_invocation_not_repeated
SEAL,CKKS,8192,3,edge_batch,multiply,10,peak_memory_mb,17.41796875,,,,,,,n=1_invocation_not_repeated
SEAL,CKKS,8192,3,edge_batch,multiply,100,latency_ms,28.79083,0.413641114037547,28.49492897247984,29.08673102752016,28.67755,28.566825,28.888975,reduced_reps_at_batch_size
SEAL,CKKS,8192,3,edge_batch,multiply,100,throughput_items_per_sec,3473.3281395499885,,,,,,,reduced_reps_at_batch_size
SEAL,CKKS,8192,3,edge_batch,multiply,100,energy_pkg_j_per_op,0.13869644083333335,,,,,,,n=1_invocation_not_repeated
SEAL,CKKS,8192,3,edge_batch,multiply,100,peak_memory_mb,62.53125,,,,,,,n=1_invocation_not_repeated
SEAL,CKKS,8192,3,edge_batch,relinearize,1,latency_ms,1.1387812,0.04386833268642506,1.1300767710645763,1.1474856289354236,1.1286749999999999,1.11797,1.1444325,
SEAL,CKKS,8192,3,edge_batch,relinearize,1,throughput_items_per_sec,878.1318132052057,,,,,,,
SEAL,CKKS,8192,3,edge_batch,relinearize,1,energy_pkg_j_per_op,0.2378732380952381,,,,,,,n=1_invocation_not_repeated
SEAL,CKKS,8192,3,edge_batch,relinearize,1,peak_memory_mb,13.34765625,,,,,,,n=1_invocation_not_repeated
SEAL,CKKS,8192,3,edge_batch,relinearize,10,latency_ms,11.63715,0.18260336845856331,11.568964781624873,11.705335218375128,11.631450000000001,11.498199999999999,11.763799999999998,reduced_reps_at_batch_size
SEAL,CKKS,8192,3,edge_batch,relinearize,10,throughput_items_per_sec,859.3169289731592,,,,,,,reduced_reps_at_batch_size
SEAL,CKKS,8192,3,edge_batch,relinearize,10,energy_pkg_j_per_op,0.18185885454545453,,,,,,,n=1_invocation_not_repeated
SEAL,CKKS,8192,3,edge_batch,relinearize,10,peak_memory_mb,16.78515625,,,,,,,n=1_invocation_not_repeated
SEAL,CKKS,8192,3,edge_batch,relinearize,100,latency_ms,118.8189,1.5004056081236437,117.74557448647164,119.89222551352836,118.7285,117.56475,119.95825,reduced_reps_at_batch_size
SEAL,CKKS,8192,3,edge_batch,relinearize,100,throughput_items_per_sec,841.6169481454549,,,,,,,reduced_reps_at_batch_size
SEAL,CKKS,8192,3,edge_batch,relinearize,100,energy_pkg_j_per_op,0.17554076,,,,,,,n=1_invocation_not_repeated
SEAL,CKKS,8192,3,edge_batch,relinearize,100,peak_memory_mb,50.5625,,,,,,,n=1_invocation_not_repeated
SEAL,CKKS,8192,5,edge_batch,add,1,latency_ms,0.02153866,0.00593658244239508,0.020360713248330938,0.022716606751669064,0.019806999999999998,0.0172205,0.024787,HIGH_VARIANCE
SEAL,CKKS,8192,5,edge_batch,add,1,throughput_items_per_sec,46428.14362639087,,,,,,,HIGH_VARIANCE
SEAL,CKKS,8192,5,edge_batch,add,1,energy_pkg_j_per_op,0.19986686666666667,,,,,,,n=1_invocation_not_repeated
SEAL,CKKS,8192,5,edge_batch,add,1,peak_memory_mb,8.86328125,,,,,,,n=1_invocation_not_repeated
SEAL,CKKS,8192,5,edge_batch,add,10,latency_ms,0.19771246666666667,0.015375645555796062,0.19197110625951502,0.20345382707381832,0.193147,0.18465775,0.20823524999999998,HIGH_VARIANCE;reduced_reps_at_batch_size
SEAL,CKKS,8192,5,edge_batch,add,10,throughput_items_per_sec,50578.5000237719,,,,,,,HIGH_VARIANCE;reduced_reps_at_batch_size
SEAL,CKKS,8192,5,edge_batch,add,10,energy_pkg_j_per_op,0.12745858181818182,,,,,,,n=1_invocation_not_repeated
SEAL,CKKS,8192,5,edge_batch,add,10,peak_memory_mb,11.17578125,,,,,,,n=1_invocation_not_repeated
SEAL,CKKS,8192,5,edge_batch,add,100,latency_ms,2.042583,0.14499956636333622,1.9388565588392357,2.1463094411607644,1.98918,1.9482300000000001,2.07501,HIGH_VARIANCE;reduced_reps_at_batch_size
SEAL,CKKS,8192,5,edge_batch,add,100,throughput_items_per_sec,48957.61885808312,,,,,,,HIGH_VARIANCE;reduced_reps_at_batch_size
SEAL,CKKS,8192,5,edge_batch,add,100,energy_pkg_j_per_op,0.09730841583333333,,,,,,,n=1_invocation_not_repeated
SEAL,CKKS,8192,5,edge_batch,add,100,peak_memory_mb,33.89453125,,,,,,,n=1_invocation_not_repeated
SEAL,CKKS,8192,5,edge_batch,decrypt,1,latency_ms,0.04803967,0.004092349222968058,0.047227659129997525,0.048851680870002474,0.0466285,0.046398,0.04704,HIGH_VARIANCE
SEAL,CKKS,8192,5,edge_batch,decrypt,1,throughput_items_per_sec,20816.129669500227,,,,,,,HIGH_VARIANCE
SEAL,CKKS,8192,5,edge_batch,decrypt,1,energy_pkg_j_per_op,0.15804366666666667,,,,,,,n=1_invocation_not_repeated
SEAL,CKKS,8192,5,edge_batch,decrypt,1,peak_memory_mb,8.83203125,,,,,,,n=1_invocation_not_repeated
SEAL,CKKS,8192,5,edge_batch,decrypt,10,latency_ms,0.5003330333333333,0.0330095240441231,0.4880070744837937,0.5126589921828729,0.491348,0.4795555,0.50669175,HIGH_VARIANCE;reduced_reps_at_batch_size
SEAL,CKKS,8192,5,edge_batch,decrypt,10,throughput_items_per_sec,19986.68753365675,,,,,,,HIGH_VARIANCE;reduced_reps_at_batch_size
SEAL,CKKS,8192,5,edge_batch,decrypt,10,energy_pkg_j_per_op,0.07935718181818183,,,,,,,n=1_invocation_not_repeated
SEAL,CKKS,8192,5,edge_batch,decrypt,10,peak_memory_mb,9.765625,,,,,,,n=1_invocation_not_repeated
SEAL,CKKS,8192,5,edge_batch,decrypt,100,latency_ms,5.067197,0.441992239048254,4.7510147994113945,5.383379200588606,4.90252,4.8786525,4.9401,HIGH_VARIANCE;reduced_reps_at_batch_size
SEAL,CKKS,8192,5,edge_batch,decrypt,100,throughput_items_per_sec,19734.776445439165,,,,,,,HIGH_VARIANCE;reduced_reps_at_batch_size
SEAL,CKKS,8192,5,edge_batch,decrypt,100,energy_pkg_j_per_op,0.05855981,,,,,,,n=1_invocation_not_repeated
SEAL,CKKS,8192,5,edge_batch,decrypt,100,peak_memory_mb,21.1484375,,,,,,,n=1_invocation_not_repeated
SEAL,CKKS,8192,5,edge_batch,encrypt,1,latency_ms,1.6966312000000001,0.08405713720866999,1.6799524403448733,1.713309959655127,1.6834600000000002,1.6701375,1.7030925,
SEAL,CKKS,8192,5,edge_batch,encrypt,1,throughput_items_per_sec,589.4032834006589,,,,,,,
SEAL,CKKS,8192,5,edge_batch,encrypt,1,energy_pkg_j_per_op,0.14336460952380953,,,,,,,n=1_invocation_not_repeated
SEAL,CKKS,8192,5,edge_batch,encrypt,1,peak_memory_mb,8.7109375,,,,,,,n=1_invocation_not_repeated
SEAL,CKKS,8192,5,edge_batch,encrypt,10,latency_ms,16.815673333333333,0.10358102253735993,16.776995543866203,16.854351122800463,16.8294,16.743125,16.888925,reduced_reps_at_batch_size
SEAL,CKKS,8192,5,edge_batch,encrypt,10,throughput_items_per_sec,594.6832934829451,,,,,,,reduced_reps_at_batch_size
SEAL,CKKS,8192,5,edge_batch,encrypt,10,energy_pkg_j_per_op,0.07449445757575758,,,,,,,n=1_invocation_not_repeated
SEAL,CKKS,8192,5,edge_batch,encrypt,10,peak_memory_mb,9.54296875,,,,,,,n=1_invocation_not_repeated
SEAL,CKKS,8192,5,edge_batch,encrypt,100,latency_ms,173.833,5.379237389155534,169.984925384812,177.681074615188,172.4655,169.75400000000002,175.20600000000002,reduced_reps_at_batch_size
SEAL,CKKS,8192,5,edge_batch,encrypt,100,throughput_items_per_sec,575.2647656083712,,,,,,,reduced_reps_at_batch_size
SEAL,CKKS,8192,5,edge_batch,encrypt,100,energy_pkg_j_per_op,0.058629679166666664,,,,,,,n=1_invocation_not_repeated
SEAL,CKKS,8192,5,edge_batch,encrypt,100,peak_memory_mb,15.14453125,,,,,,,n=1_invocation_not_repeated
SEAL,CKKS,8192,5,edge_batch,multiply,1,latency_ms,,,,,,,,skipped_depth0_undefined_at_this_config
SEAL,CKKS,8192,5,edge_batch,multiply,10,latency_ms,,,,,,,,skipped_depth0_undefined_at_this_config
SEAL,CKKS,8192,5,edge_batch,multiply,100,latency_ms,,,,,,,,skipped_depth0_undefined_at_this_config
SEAL,CKKS,8192,5,edge_batch,relinearize,1,latency_ms,,,,,,,,skipped_depth0_undefined_at_this_config
SEAL,CKKS,8192,5,edge_batch,relinearize,10,latency_ms,,,,,,,,skipped_depth0_undefined_at_this_config
SEAL,CKKS,8192,5,edge_batch,relinearize,100,latency_ms,,,,,,,,skipped_depth0_undefined_at_this_config
