library,scheme,N,category,scenario,operation,metric,mean,std,ci_low,ci_high,median,iqr_low,iqr_high,flag
SEAL,BFV,16384,1,standard,add,latency_ms,0.39639646,0.407692518194145,0.3155014194364224,0.4772915005635776,0.30153050000000003,0.29899899999999996,0.33140025,HIGH_VARIANCE
SEAL,BFV,16384,1,standard,add,energy_net_j_per_op,0.003244746864385892,0.0005218798497064439,0.003049873725855111,0.003439620002916673,0.0030580567813523613,0.0029490707558919287,0.0032113688789150584,HIGH_VARIANCE;idle_baseline_13.54W_pooled_median
SEAL,BFV,16384,1,standard,add,energy_pkg_j_per_op,0.007378797112860893,0.0006723783292809487,0.007127726918484228,0.007629867307237558,0.00713732283464567,0.0070151082677165355,0.007266444881889764,HIGH_VARIANCE
SEAL,BFV,16384,1,standard,add,idle_power_w,14.1793,,,,,,,cell_reading_not_used_for_correction
SEAL,BFV,16384,1,standard,add,peak_memory_mb,98.19791666666667,0.049616038758483465,98.07466359367906,98.32116973965428,98.2265625,98.18359375,98.2265625,n=3_invocations_inner_loop_1
SEAL,BFV,16384,1,standard,decrypt,latency_ms,3.9049177999999998,0.0360399646178595,3.897766689127067,3.9120689108729327,3.8949249999999997,3.88772,3.906115,
SEAL,BFV,16384,1,standard,decrypt,energy_net_j_per_op,0.0294514402078282,0.004455594009661142,0.0277876940617181,0.031115186353938302,0.028377881376499995,0.026763141436105767,0.030670998360086535,HIGH_VARIANCE;idle_baseline_13.54W_pooled_median
SEAL,BFV,16384,1,standard,decrypt,energy_pkg_j_per_op,0.08214862820512821,0.004577619361435984,0.08043931704382531,0.0838579393664311,0.08083746153846154,0.07939673076923077,0.08313146153846154,HIGH_VARIANCE
SEAL,BFV,16384,1,standard,decrypt,idle_power_w,13.2304,,,,,,,cell_reading_not_used_for_correction
SEAL,BFV,16384,1,standard,decrypt,peak_memory_mb,97.546875,0.027063293868263706,97.47964605109766,97.61410394890234,97.53125,97.53125,97.5546875,n=3_invocations_inner_loop_1
SEAL,BFV,16384,1,standard,encrypt,latency_ms,9.0963023,0.21168105731970907,9.054300185773648,9.13830441422635,9.041045,8.9997875,9.0942575,
SEAL,BFV,16384,1,standard,encrypt,energy_net_j_per_op,0.06587737470725555,0.00861968656235914,0.06265873084793931,0.06909601856657178,0.06489209833525,0.05949703093404165,0.06718175411575,HIGH_VARIANCE;idle_baseline_13.54W_pooled_median
SEAL,BFV,16384,1,standard,encrypt,energy_pkg_j_per_op,0.1898728388888889,0.008896879054204375,0.18655068965205437,0.19319498812572342,0.18863724999999998,0.18366504166666667,0.19110641666666667,
SEAL,BFV,16384,1,standard,encrypt,idle_power_w,12.888,,,,,,,cell_reading_not_used_for_correction
SEAL,BFV,16384,1,standard,encrypt,peak_memory_mb,94.2890625,0.08203125,94.08528557833299,94.49283942166701,94.25390625,94.2421875,94.318359375,n=3_invocations_inner_loop_1
SEAL,BFV,16384,1,standard,keygen,latency_ms,275.3494,7.551779554809877,273.85096309927025,276.84783690072976,273.20050000000003,271.69874999999996,274.87175,
SEAL,BFV,16384,1,standard,keygen,energy_net_j_per_op,2.081293514371666,0.28191373319395324,1.9760251963606583,2.186561832382674,2.001929968825,1.8643338824499995,2.2982938852750006,HIGH_VARIANCE;idle_baseline_13.54W_pooled_median
SEAL,BFV,16384,1,standard,keygen,energy_pkg_j_per_op,5.7514639333333335,0.2725441746512669,5.649694265980879,5.853233600685788,5.660717999999999,5.521759749999999,5.95139425,
SEAL,BFV,16384,1,standard,keygen,idle_power_w,12.484,,,,,,,cell_reading_not_used_for_correction
SEAL,BFV,16384,1,standard,keygen,peak_memory_mb,91.29947916666667,0.0857894083855684,91.08636646202733,91.51259187130601,91.25390625,91.25,91.326171875,n=3_invocations_inner_loop_1
SEAL,BFV,16384,1,standard,multiply,latency_ms,49.65499,4.239527745033531,48.813775718158354,50.49620428184164,47.092600000000004,45.95425,53.9377,HIGH_VARIANCE
SEAL,BFV,16384,1,standard,multiply,energy_net_j_per_op,0.31978532940466664,0.030309743000752235,0.30846748536462487,0.3311031734447084,0.30957241696249993,0.3025606593424999,0.32132806436624994,HIGH_VARIANCE;idle_baseline_13.54W_pooled_median
SEAL,BFV,16384,1,standard,multiply,energy_pkg_j_per_op,0.9382133666666667,0.03065665450147797,0.926765983743342,0.9496607495899914,0.929727,0.9198322499999999,0.9406650000000001,
SEAL,BFV,16384,1,standard,multiply,idle_power_w,13.1964,,,,,,,cell_reading_not_used_for_correction
SEAL,BFV,16384,1,standard,multiply,peak_memory_mb,120.84114583333333,0.06080882515018551,120.69008833757051,120.99220332909614,120.84765625,120.8125,120.873046875,n=3_invocations_inner_loop_1
SEAL,BFV,16384,1,standard,relinearize,latency_ms,17.514332,0.5259507345058781,17.40997196368941,17.618692036310588,17.33695,17.27655,17.484925,
SEAL,BFV,16384,1,standard,relinearize,energy_net_j_per_op,0.1450875298188333,0.057227825430523564,0.12371830860975455,0.16645675102791205,0.1167838049258333,0.1091860238408333,0.18405960019041662,HIGH_VARIANCE;idle_baseline_13.54W_pooled_median
SEAL,BFV,16384,1,standard,relinearize,energy_pkg_j_per_op,0.39974213333333336,0.0932761469163481,0.3649122476616189,0.4345720190050478,0.353009,0.3439419166666667,0.42938916666666666,HIGH_VARIANCE
SEAL,BFV,16384,1,standard,relinearize,idle_power_w,13.478,,,,,,,cell_reading_not_used_for_correction
SEAL,BFV,16384,1,standard,relinearize,peak_memory_mb,120.89713541666667,0.04976956993129269,120.77350095110275,121.0207698822306,120.921875,120.880859375,120.92578125,n=3_invocations_inner_loop_1
SEAL,BFV,2048,1,standard,add,latency_ms,0.0055463644,0.0003845848378993387,0.005470054424531702,0.005622674375468298,0.00548036,0.005411925000000001,0.0055630925,HIGH_VARIANCE
SEAL,BFV,2048,1,standard,add,energy_net_j_per_op,5.7622848459131266e-05,2.1115027834636363e-05,4.973836748785996e-05,6.550732943040258e-05,5.303597958189738e-05,4.9439734922171024e-05,5.6639667676658804e-05,HIGH_VARIANCE;idle_baseline_13.54W_pooled_median
SEAL,BFV,2048,1,standard,add,energy_pkg_j_per_op,0.00012825728970234794,2.313440922200787e-05,0.00011961875932857703,0.00013689582007611885,0.00012242196339434276,0.00011879237382140875,0.0001264238768718802,HIGH_VARIANCE
SEAL,BFV,2048,1,standard,add,idle_power_w,13.1423,,,,,,,cell_reading_not_used_for_correction
SEAL,BFV,2048,1,standard,add,peak_memory_mb,5.654947916666667,0.04510548978043951,5.5428996684961085,5.766996164837225,5.62890625,5.62890625,5.66796875,n=3_invocations_inner_loop_1
SEAL,BFV,2048,1,standard,decrypt,latency_ms,0.081082662,0.0014269849208025924,0.08079951723304853,0.08136580676695147,0.08069875,0.08047765,0.081060925,
SEAL,BFV,2048,1,standard,decrypt,energy_net_j_per_op,0.000538433063931685,0.00010594804427782626,0.0004988714140208258,0.0005779947138425442,0.000510625930050405,0.00048059305070416924,0.0005644029732648014,HIGH_VARIANCE;idle_baseline_13.54W_pooled_median
SEAL,BFV,2048,1,standard,decrypt,energy_pkg_j_per_op,0.0015614547811993516,0.000108643688314494,0.0015208865612626854,0.0016020230011360179,0.0015300907617504052,0.0015044639384116693,0.0015840255267423017,HIGH_VARIANCE
SEAL,BFV,2048,1,standard,decrypt,idle_power_w,13.238,,,,,,,cell_reading_not_used_for_correction
SEAL,BFV,2048,1,standard,decrypt,peak_memory_mb,5.6640625,0.031004898176538172,5.587042063190682,5.741082936809318,5.65234375,5.646484375,5.67578125,n=3_invocations_inner_loop_1
SEAL,BFV,2048,1,standard,encrypt,latency_ms,0.37955341,0.006979321350028934,0.37816856122667036,0.3809382587733296,0.3771875,0.37546925,0.3818005,
SEAL,BFV,2048,1,standard,encrypt,energy_net_j_per_op,0.0026557593492371207,0.000676283372275674,0.0024032309878419212,0.00290828771063232,0.002444178554772727,0.002328284237245075,0.0025251182434840903,HIGH_VARIANCE;idle_baseline_13.54W_pooled_median
SEAL,BFV,2048,1,standard,encrypt,energy_pkg_j_per_op,0.007354945454545454,0.0007171718369883167,0.007087149089503937,0.007622741819586971,0.007116242424242424,0.007004289772727272,0.0072128428030303025,HIGH_VARIANCE
SEAL,BFV,2048,1,standard,encrypt,idle_power_w,13.3819,,,,,,,cell_reading_not_used_for_correction
SEAL,BFV,2048,1,standard,encrypt,peak_memory_mb,5.544270833333333,0.03712650372235222,5.452043485331199,5.636498181335467,5.54296875,5.525390625,5.5625,n=3_invocations_inner_loop_1
SEAL,BFV,2048,1,standard,keygen,latency_ms,21.880278,0.6697834971440133,21.747378423107403,22.0131775768926,22.02805,21.614199999999997,22.335625,
SEAL,BFV,2048,1,standard,keygen,energy_net_j_per_op,0.18298307209499998,0.05041461156435761,0.16415794675459297,0.20180819743540698,0.16665590204499997,0.15271247549124994,0.20520867383250002,HIGH_VARIANCE;idle_baseline_13.54W_pooled_median
SEAL,BFV,2048,1,standard,keygen,energy_pkg_j_per_op,0.4824193333333333,0.051466122033104814,0.4632015675310307,0.5016370991356359,0.4718465,0.44839799999999996,0.509213,HIGH_VARIANCE
SEAL,BFV,2048,1,standard,keygen,idle_power_w,19.1183,,,,,,,cell_reading_not_used_for_correction
SEAL,BFV,2048,1,standard,keygen,peak_memory_mb,5.282552083333333,0.05979667970419288,5.134008896242692,5.431095270423974,5.25,5.248046875,5.30078125,n=3_invocations_inner_loop_1
SEAL,BFV,2048,1,standard,multiply,latency_ms,,,,,,,,skipped_depth0_undefined_at_this_config
SEAL,BFV,2048,1,standard,relinearize,latency_ms,,,,,,,,skipped_depth0_undefined_at_this_config
SEAL,BFV,2048,3,standard,add,latency_ms,0.0113557855,0.0009803850759709759,0.011161255831317605,0.011550315168682395,0.01105825,0.010655000000000001,0.011754025000000001,HIGH_VARIANCE
SEAL,BFV,2048,3,standard,add,energy_net_j_per_op,9.887085749788462e-05,1.5711804958919157e-05,9.300397310667787e-05,0.00010473774188909138,9.481719527983876e-05,9.11517807340849e-05,9.983550487062816e-05,HIGH_VARIANCE;idle_baseline_13.54W_pooled_median
SEAL,BFV,2048,3,standard,add,energy_pkg_j_per_op,0.00023322103390856797,1.7981357048346038e-05,0.00022650668483947703,0.0002399353829776589,0.00022772842870118074,0.00022561500908265214,0.00023461773387829248,HIGH_VARIANCE
SEAL,BFV,2048,3,standard,add,idle_power_w,12.8815,,,,,,,cell_reading_not_used_for_correction
SEAL,BFV,2048,3,standard,add,peak_memory_mb,5.37890625,0.0067658234670659265,5.362099012774416,5.395713487225584,5.375,5.375,5.380859375,n=3_invocations_inner_loop_1
SEAL,BFV,2048,3,standard,decrypt,latency_ms,0.13244307,0.0010299459950047192,0.1322387063697493,0.1326474336302507,0.132596,0.1320135,0.13292225000000002,
SEAL,BFV,2048,3,standard,decrypt,energy_net_j_per_op,0.0009535604723987212,0.0002346439530593219,0.0008659429803731908,0.0010411779644242515,0.0008721437028615076,0.0007936999122246691,0.0009950945571083993,HIGH_VARIANCE;idle_baseline_13.54W_pooled_median
SEAL,BFV,2048,3,standard,decrypt,energy_pkg_j_per_op,0.002681773721340388,0.0002465653993739869,0.0025897046881019296,0.0027738427545788468,0.002604436507936508,0.002508830687830688,0.0026808458994709,HIGH_VARIANCE
SEAL,BFV,2048,3,standard,decrypt,idle_power_w,13.0763,,,,,,,cell_reading_not_used_for_correction
SEAL,BFV,2048,3,standard,decrypt,peak_memory_mb,5.408854166666667,0.09263112714496048,5.178745690443931,5.638962642889403,5.3828125,5.357421875,5.447265625,n=3_invocations_inner_loop_1
SEAL,BFV,2048,3,standard,encrypt,latency_ms,0.36234539,0.009610071739917637,0.3604385432747694,0.3642522367252306,0.359514,0.3587455,0.36186775000000004,
SEAL,BFV,2048,3,standard,encrypt,energy_net_j_per_op,0.0038444611937335743,0.0013080149036313854,0.0033560404017465603,0.004332881985720588,0.0038201408105749983,0.0025400619436840573,0.004186396705447825,HIGH_VARIANCE;idle_baseline_13.54W_pooled_median
SEAL,BFV,2048,3,standard,encrypt,energy_pkg_j_per_op,0.008559150966183576,0.0013650940202326472,0.008049416481776919,0.009068885450590232,0.008544811594202898,0.007220161231884059,0.008894141304347826,HIGH_VARIANCE
SEAL,BFV,2048,3,standard,encrypt,idle_power_w,19.8156,,,,,,,cell_reading_not_used_for_correction
SEAL,BFV,2048,3,standard,encrypt,peak_memory_mb,5.2265625,0.055380651870147755,5.088989334188049,5.364135665811951,5.24609375,5.205078125,5.2578125,n=3_invocations_inner_loop_1
SEAL,BFV,2048,3,standard,keygen,latency_ms,14.572677,0.5470775351498693,14.464124948092351,14.68122905190765,14.653500000000001,14.4795,14.864049999999999,
SEAL,BFV,2048,3,standard,keygen,energy_net_j_per_op,0.08833928707183332,0.024702382860054023,0.07911526571934105,0.09756330842432559,0.08920480165749999,0.06738665941249997,0.098923685535,HIGH_VARIANCE;idle_baseline_13.54W_pooled_median
SEAL,BFV,2048,3,standard,keygen,energy_pkg_j_per_op,0.2853948,0.02629104608876146,0.27557756204866646,0.29521203795133355,0.285431,0.26422625,0.2973445,HIGH_VARIANCE
SEAL,BFV,2048,3,standard,keygen,idle_power_w,13.004,,,,,,,cell_reading_not_used_for_correction
SEAL,BFV,2048,3,standard,keygen,peak_memory_mb,5.041666666666667,0.05583797302706137,4.902957452122446,5.180375881210888,5.0546875,5.017578125,5.072265625,n=3_invocations_inner_loop_1
SEAL,BFV,2048,3,standard,multiply,latency_ms,,,,,,,,skipped_depth0_undefined_at_this_config
SEAL,BFV,2048,3,standard,relinearize,latency_ms,,,,,,,,skipped_depth0_undefined_at_this_config
SEAL,BFV,2048,5,standard,add,latency_ms,0.0054492652,0.0004625721319770331,0.00535748085343997,0.00554104954656003,0.005287119999999999,0.005233802500000001,0.0054145124999999995,HIGH_VARIANCE
SEAL,BFV,2048,5,standard,add,energy_net_j_per_op,5.56590576900117e-05,1.0092918260818723e-05,5.1890300073624104e-05,5.9427815306399296e-05,5.2305719768436565e-05,5.0269184415824424e-05,5.718536529545032e-05,HIGH_VARIANCE;idle_baseline_13.54W_pooled_median
SEAL,BFV,2048,5,standard,add,energy_pkg_j_per_op,0.0001261492117117117,1.0853400169417382e-05,0.00012209648548375986,0.00013020193793966355,0.00012310745422842198,0.00012031557868352222,0.00012664715017436792,HIGH_VARIANCE
SEAL,BFV,2048,5,standard,add,idle_power_w,12.9812,,,,,,,cell_reading_not_used_for_correction
SEAL,BFV,2048,5,standard,add,peak_memory_mb,4.932291666666667,0.06881359511314486,4.761349219964986,5.103234113368348,4.953125,4.904296875,4.970703125,n=3_invocations_inner_loop_1
SEAL,BFV,2048,5,standard,decrypt,latency_ms,0.080730842,0.0015390548731155128,0.08042546012313424,0.08103622387686575,0.0804207,0.08015875,0.0808702,
SEAL,BFV,2048,5,standard,decrypt,energy_net_j_per_op,0.0005886667716674461,0.0001275658496875136,0.0005410329005533672,0.0006363006427815251,0.0005601282600962902,0.0005045480594447984,0.0006181138234239111,HIGH_VARIANCE;idle_baseline_13.54W_pooled_median
SEAL,BFV,2048,5,standard,decrypt,energy_pkg_j_per_op,0.0016158491397849461,0.0001315860208999747,0.001566714112069316,0.0016649841675005763,0.001590092741935484,0.0015352504032258064,0.001642086290322581,HIGH_VARIANCE
SEAL,BFV,2048,5,standard,decrypt,idle_power_w,18.7622,,,,,,,cell_reading_not_used_for_correction
SEAL,BFV,2048,5,standard,decrypt,peak_memory_mb,4.94921875,0.06910861723810208,4.777543427711912,5.120894072288088,4.9375,4.912109375,4.98046875,n=3_invocations_inner_loop_1
SEAL,BFV,2048,5,standard,encrypt,latency_ms,0.26851336,0.0014617979417916357,0.26822330757441026,0.2688034124255897,0.268404,0.26771025,0.2689845,
SEAL,BFV,2048,5,standard,encrypt,energy_net_j_per_op,0.0019296029055037164,0.0003551039024748451,0.0017970049291328595,0.0020622008818745735,0.0018429053217721924,0.0017175521282274723,0.002007422134322928,HIGH_VARIANCE;idle_baseline_13.54W_pooled_median
SEAL,BFV,2048,5,standard,encrypt,energy_pkg_j_per_op,0.005374267736185384,0.00036133048569101116,0.005239344715430576,0.005509190756940192,0.0052906898395721925,0.005158570855614973,0.005459366310160429,HIGH_VARIANCE
SEAL,BFV,2048,5,standard,encrypt,idle_power_w,12.9671,,,,,,,cell_reading_not_used_for_correction
SEAL,BFV,2048,5,standard,encrypt,peak_memory_mb,4.90625,0.01790068630842125,4.861782230075038,4.950717769924962,4.91015625,4.8984375,4.916015625,n=3_invocations_inner_loop_1
SEAL,BFV,2048,5,standard,keygen,latency_ms,10.4106135,0.529646892091106,10.305520065835777,10.515706934164223,10.533750000000001,10.379125,10.6683,HIGH_VARIANCE
SEAL,BFV,2048,5,standard,keygen,energy_net_j_per_op,0.050725438522899985,0.03649821857589878,0.0370967797259209,0.06435409731987907,0.04665073956999999,0.03408518409124998,0.055386265093499976,HIGH_VARIANCE;idle_baseline_13.54W_pooled_median
SEAL,BFV,2048,5,standard,keygen,energy_pkg_j_per_op,0.1905607,0.037385342629533115,0.17660078363732815,0.20452061636267185,0.1845,0.17650425,0.19617525000000002,HIGH_VARIANCE
SEAL,BFV,2048,5,standard,keygen,idle_power_w,13.1993,,,,,,,cell_reading_not_used_for_correction
SEAL,BFV,2048,5,standard,keygen,peak_memory_mb,4.822916666666667,0.12317598220085697,4.5169305640996305,5.1289027692337035,4.796875,4.755859375,4.876953125,n=3_invocations_inner_loop_1
SEAL,BFV,2048,5,standard,multiply,latency_ms,,,,,,,,skipped_depth0_undefined_at_this_config
SEAL,BFV,2048,5,standard,relinearize,latency_ms,,,,,,,,skipped_depth0_undefined_at_this_config
SEAL,BFV,4096,1,standard,add,latency_ms,0.020312488,0.0019057057477549525,0.019934354635056894,0.020690621364943106,0.0199336,0.018949775000000002,0.02088875,HIGH_VARIANCE
SEAL,BFV,4096,1,standard,add,energy_net_j_per_op,0.0001779048883775644,2.590696097932371e-05,0.0001682310701631323,0.00018757870659199651,0.00017268234108975828,0.00016235054503315594,0.00017914188972625509,HIGH_VARIANCE;idle_baseline_13.54W_pooled_median
SEAL,BFV,4096,1,standard,add,energy_pkg_j_per_op,0.00043783746276739776,3.100844298790853e-05,0.00042625871986439904,0.00044941620567039647,0.0004283641348497157,0.0004225619415109667,0.00043997674654752233,HIGH_VARIANCE
SEAL,BFV,4096,1,standard,add,idle_power_w,13.1923,,,,,,,cell_reading_not_used_for_correction
SEAL,BFV,4096,1,standard,add,peak_memory_mb,9.126302083333334,0.04302789490067267,9.019414866953344,9.233189299713324,9.12890625,9.10546875,9.1484375,n=3_invocations_inner_loop_1
SEAL,BFV,4096,1,standard,decrypt,latency_ms,0.27563893,0.001964780283061459,0.2752490749656207,0.27602878503437933,0.275305,0.27453500000000003,0.27593675,
SEAL,BFV,4096,1,standard,decrypt,energy_net_j_per_op,0.0019256060544181315,0.0007052279287980395,0.0016622696179917392,0.0021889424908445236,0.0017692020873321427,0.0016013554535034336,0.0019486221871219773,HIGH_VARIANCE;idle_baseline_13.54W_pooled_median
SEAL,BFV,4096,1,standard,decrypt,energy_pkg_j_per_op,0.005489084798534798,0.0008534236738944359,0.005170411161447973,0.0058077584356216235,0.005302112637362638,0.005139260989010989,0.0054857293956043955,HIGH_VARIANCE
SEAL,BFV,4096,1,standard,decrypt,idle_power_w,17.4121,,,,,,,cell_reading_not_used_for_correction
SEAL,BFV,4096,1,standard,decrypt,peak_memory_mb,9.028645833333334,0.09602809410152235,8.790098823388233,9.267192843278435,8.99609375,8.974609375,9.06640625,n=3_invocations_inner_loop_1
SEAL,BFV,4096,1,standard,encrypt,latency_ms,0.92965224,0.005808195309207412,0.9284997680409346,0.9308047119590654,0.9280875,0.927075,0.9298197500000001,
SEAL,BFV,4096,1,standard,encrypt,energy_net_j_per_op,0.006637661903979197,0.0007233502015172353,0.006367558499707453,0.00690776530825094,0.006637865312943518,0.006121215013694908,0.00696218178471852,HIGH_VARIANCE;idle_baseline_13.54W_pooled_median
SEAL,BFV,4096,1,standard,encrypt,energy_pkg_j_per_op,0.018580514197530863,0.0007255799091074253,0.018309578206761764,0.01885145018829996,0.018637935185185184,0.01805253240740741,0.018862421296296297,
SEAL,BFV,4096,1,standard,encrypt,idle_power_w,13.6851,,,,,,,cell_reading_not_used_for_correction
SEAL,BFV,4096,1,standard,encrypt,peak_memory_mb,8.763020833333334,0.028258508351836856,8.692822807058723,8.833218859607944,8.77734375,8.75390625,8.779296875,n=3_invocations_inner_loop_1
SEAL,BFV,4096,1,standard,keygen,latency_ms,41.615293,0.9607958187378003,41.42465026494471,41.80593573505529,41.8626,40.996175,42.278775,
SEAL,BFV,4096,1,standard,keygen,energy_net_j_per_op,0.39764890835183325,0.17933051648530102,0.33068579298822226,0.46461202371544424,0.35304283232249983,0.296890987475,0.4180077770637499,HIGH_VARIANCE;idle_baseline_13.54W_pooled_median
SEAL,BFV,4096,1,standard,keygen,energy_pkg_j_per_op,0.965157,0.18260048181150315,0.896972859516599,1.0333411404834012,0.92301,0.8622605000000001,0.989199,HIGH_VARIANCE
SEAL,BFV,4096,1,standard,keygen,idle_power_w,15.2331,,,,,,,cell_reading_not_used_for_correction
SEAL,BFV,4096,1,standard,keygen,peak_memory_mb,8.12109375,0.10888562394348714,7.850606865294519,8.39158063470548,8.171875,8.083984375,8.18359375,n=3_invocations_inner_loop_1
SEAL,BFV,4096,1,standard,multiply,latency_ms,2.9076441,0.034475183904403225,2.9008034755687824,2.914484724431218,2.89992,2.8941575000000004,2.9080449999999995,
SEAL,BFV,4096,1,standard,multiply,energy_net_j_per_op,0.019108733446233327,0.00266220385649808,0.018114650188915865,0.02010281670355079,0.01857841019605555,0.017472937707569438,0.02028616255230556,HIGH_VARIANCE;idle_baseline_13.54W_pooled_median
SEAL,BFV,4096,1,standard,multiply,energy_pkg_j_per_op,0.0559343,0.0026932479668261337,0.05492862468137585,0.05693997531862415,0.05543058333333334,0.05421104166666667,0.0569496388888889,
SEAL,BFV,4096,1,standard,multiply,idle_power_w,12.8123,,,,,,,cell_reading_not_used_for_correction
SEAL,BFV,4096,1,standard,multiply,peak_memory_mb,10.625,0.08450510801868726,10.415077674335244,10.834922325664756,10.6015625,10.578125,10.66015625,n=3_invocations_inner_loop_1
SEAL,BFV,4096,1,standard,relinearize,latency_ms,0.58198239,0.007145757550293444,0.580564516673678,0.5834002633263219,0.5800425,0.5787760000000001,0.582336,
SEAL,BFV,4096,1,standard,relinearize,energy_net_j_per_op,0.0038531140962962396,0.0005906262998764578,0.0036325706113916403,0.004073657581200839,0.0037006132839889523,0.0034904240847081396,0.003991130202926161,HIGH_VARIANCE;idle_baseline_13.54W_pooled_median
SEAL,BFV,4096,1,standard,relinearize,energy_pkg_j_per_op,0.011269646511627906,0.0006017371582914231,0.011044954164006509,0.011494338859249303,0.011098773255813954,0.010876555232558139,0.011383793604651162,HIGH_VARIANCE
SEAL,BFV,4096,1,standard,relinearize,idle_power_w,12.3887,,,,,,,cell_reading_not_used_for_correction
SEAL,BFV,4096,1,standard,relinearize,peak_memory_mb,10.658854166666666,0.10549285989858903,10.396795375072188,10.920912958261145,10.65625,10.60546875,10.7109375,n=3_invocations_inner_loop_1
SEAL,BFV,4096,3,standard,add,latency_ms,0.0103839746,0.0006469982547264177,0.010255596109532502,0.010512353090467498,0.0101756,0.009997197499999999,0.010447675,HIGH_VARIANCE
SEAL,BFV,4096,3,standard,add,energy_net_j_per_op,9.783971809733155e-05,1.442637399500332e-05,9.245282151642985e-05,0.00010322661467823326,9.419700889137125e-05,9.048105564681557e-05,9.95068394879107e-05,HIGH_VARIANCE;idle_baseline_13.54W_pooled_median
SEAL,BFV,4096,3,standard,add,energy_pkg_j_per_op,0.0002293827311738649,1.6215341884235098e-05,0.00022332782300466087,0.00023543763934306893,0.00022623723006644518,0.0002200592815614618,0.00023005897009966778,HIGH_VARIANCE
SEAL,BFV,4096,3,standard,add,idle_power_w,12.8227,,,,,,,cell_reading_not_used_for_correction
SEAL,BFV,4096,3,standard,add,peak_memory_mb,6.87890625,0.01171875,6.849795261190426,6.908017238809574,6.87890625,6.873046875,6.884765625,n=3_invocations_inner_loop_1
SEAL,BFV,4096,3,standard,decrypt,latency_ms,0.17511746,0.004503336252427109,0.17422390038692406,0.17601101961307594,0.173456,0.17259275,0.17561325,
SEAL,BFV,4096,3,standard,decrypt,energy_net_j_per_op,0.001148119859188741,0.0001715333606157101,0.0010840682496760946,0.0012121714687013873,0.0011178720846379369,0.0010361944060826044,0.0011995662505664333,HIGH_VARIANCE;idle_baseline_13.54W_pooled_median
SEAL,BFV,4096,3,standard,decrypt,energy_pkg_j_per_op,0.0032681920745920748,0.00017325892958684408,0.0032034961270362076,0.003332888022147942,0.003236562937062937,0.0031528837412587414,0.00332484527972028,HIGH_VARIANCE
SEAL,BFV,4096,3,standard,decrypt,idle_power_w,13.2071,,,,,,,cell_reading_not_used_for_correction
SEAL,BFV,4096,3,standard,decrypt,peak_memory_mb,6.901041666666667,0.054733983221311726,6.765074914832296,7.0370084185010375,6.91796875,6.87890625,6.931640625,n=3_invocations_inner_loop_1
SEAL,BFV,4096,3,standard,encrypt,latency_ms,0.73235658,0.0156141385781922,0.7292583961548732,0.7354547638451269,0.7283999999999999,0.726623,0.73339975,
SEAL,BFV,4096,3,standard,encrypt,energy_net_j_per_op,0.007179624197033501,0.0009323117298876446,0.006831493275721895,0.007527755118345108,0.0070970683947931155,0.006631925957162864,0.007638563233452897,HIGH_VARIANCE;idle_baseline_13.54W_pooled_median
SEAL,BFV,4096,3,standard,encrypt,energy_pkg_j_per_op,0.01677444734299517,0.0009682437465034319,0.016412899186173134,0.017135995499817203,0.016703644927536232,0.016200297101449275,0.01733651811594203,HIGH_VARIANCE
SEAL,BFV,4096,3,standard,encrypt,idle_power_w,18.458,,,,,,,cell_reading_not_used_for_correction
SEAL,BFV,4096,3,standard,encrypt,peak_memory_mb,6.846354166666667,0.10946796644262345,6.574420662997927,7.118287670335407,6.8125,6.78515625,6.890625,n=3_invocations_inner_loop_1
SEAL,BFV,4096,3,standard,keygen,latency_ms,25.062352,0.7963549601284671,24.904337898863318,25.220366101136683,25.251600000000003,24.746100000000002,25.531625,
SEAL,BFV,4096,3,standard,keygen,energy_net_j_per_op,0.13893872673849997,0.05058750277630725,0.12004904275855943,0.1578284107184405,0.12592492501749997,0.11089810934874995,0.15191667708374995,HIGH_VARIANCE;idle_baseline_13.54W_pooled_median
SEAL,BFV,4096,3,standard,keygen,energy_pkg_j_per_op,0.47525873333333335,0.052698465114030715,0.45558080306202164,0.49493666360464506,0.4595405,0.43988025,0.4905255,HIGH_VARIANCE
SEAL,BFV,4096,3,standard,keygen,idle_power_w,13.833,,,,,,,cell_reading_not_used_for_correction
SEAL,BFV,4096,3,standard,keygen,peak_memory_mb,6.209635416666667,0.0379395892821184,6.115388252162638,6.303882581170696,6.21875,6.193359375,6.23046875,n=3_invocations_inner_loop_1
SEAL,BFV,4096,3,standard,multiply,latency_ms,,,,,,,,skipped_depth0_undefined_at_this_config
SEAL,BFV,4096,3,standard,relinearize,latency_ms,,,,,,,,skipped_depth0_undefined_at_this_config
SEAL,BFV,4096,5,standard,add,latency_ms,0.0100733671,0.0006232083190101238,0.009949709048905042,0.010197025151094956,0.009842324999999999,0.0097449425,0.0099747525,HIGH_VARIANCE
SEAL,BFV,4096,5,standard,add,energy_net_j_per_op,9.214715152153863e-05,9.124437390442862e-06,8.87400306054822e-05,9.555427243759505e-05,8.970078153983098e-05,8.656127565548959e-05,9.508380172998746e-05,HIGH_VARIANCE;idle_baseline_13.54W_pooled_median
SEAL,BFV,4096,5,standard,add,energy_pkg_j_per_op,0.00022535837362342196,1.00074107191604e-05,0.00022162154504782867,0.00022909520219901525,0.00022245195406929896,0.00021801893634165997,0.00023060827961321516,
SEAL,BFV,4096,5,standard,add,idle_power_w,13.6375,,,,,,,cell_reading_not_used_for_correction
SEAL,BFV,4096,5,standard,add,peak_memory_mb,6.930989583333333,0.15110339076447238,6.55562795196196,7.306351214704706,6.84375,6.84375,6.974609375,n=3_invocations_inner_loop_1
SEAL,BFV,4096,5,standard,decrypt,latency_ms,0.16499743,0.0012878821410330682,0.16474188624241168,0.16525297375758832,0.164693,0.16427475,0.1652345,
SEAL,BFV,4096,5,standard,decrypt,energy_net_j_per_op,0.0010501273533889473,0.00010865982991207837,0.001009553106080686,0.0010907016006972087,0.0010393048191026312,0.0009914577153210522,0.0010902796652276312,HIGH_VARIANCE;idle_baseline_13.54W_pooled_median
SEAL,BFV,4096,5,standard,decrypt,energy_pkg_j_per_op,0.0031730047149122805,0.00010880624394987976,0.0031323757957037964,0.0032136336341207646,0.003160990131578947,0.0031090312500000002,0.003209564144736842,
SEAL,BFV,4096,5,standard,decrypt,idle_power_w,13.108,,,,,,,cell_reading_not_used_for_correction
SEAL,BFV,4096,5,standard,decrypt,peak_memory_mb,6.88671875,0.057807221042768524,6.7431176521961715,7.0303198478038285,6.9140625,6.8671875,6.919921875,n=3_invocations_inner_loop_1
SEAL,BFV,4096,5,standard,encrypt,latency_ms,0.75318502,0.004322909091074773,0.7523272610501323,0.7540427789498677,0.7522025,0.75021975,0.75532925,
SEAL,BFV,4096,5,standard,encrypt,energy_net_j_per_op,0.004941590942570547,0.0008385225071682299,0.004628481492584142,0.0052547003925569515,0.004777912090504851,0.0045720036831180975,0.00494977275555597,HIGH_VARIANCE;idle_baseline_13.54W_pooled_median
SEAL,BFV,4096,5,standard,encrypt,energy_pkg_j_per_op,0.01420090895522388,0.0010529848631595587,0.013807717945406714,0.014594099965041048,0.013997044776119403,0.013751548507462687,0.014239578358208955,HIGH_VARIANCE
SEAL,BFV,4096,5,standard,encrypt,idle_power_w,13.2205,,,,,,,cell_reading_not_used_for_correction
SEAL,BFV,4096,5,standard,encrypt,peak_memory_mb,6.819010416666667,0.0758791785642368,6.630516087658609,7.007504745674725,6.80078125,6.77734375,6.8515625,n=3_invocations_inner_loop_1
SEAL,BFV,4096,5,standard,keygen,latency_ms,22.536763,0.7068998292666165,22.396498737569566,22.677027262430435,22.704300000000003,22.277974999999998,22.92605,
SEAL,BFV,4096,5,standard,keygen,energy_net_j_per_op,0.17738668923183332,0.045246290509238875,0.16049144669014376,0.19428193177352288,0.17373334097749996,0.1467144814775,0.19464977936624994,HIGH_VARIANCE;idle_baseline_13.54W_pooled_median
SEAL,BFV,4096,5,standard,keygen,energy_pkg_j_per_op,0.4820775,0.04824396247646989,0.4640629083497586,0.5000920916502414,0.481848,0.4581825,0.5017445,HIGH_VARIANCE
SEAL,BFV,4096,5,standard,keygen,idle_power_w,15.3004,,,,,,,cell_reading_not_used_for_correction
SEAL,BFV,4096,5,standard,keygen,peak_memory_mb,5.990885416666667,0.03544442080420885,5.902836594275784,6.07893423905755,5.99609375,5.974609375,6.009765625,n=3_invocations_inner_loop_1
SEAL,BFV,4096,5,standard,multiply,latency_ms,,,,,,,,skipped_depth0_undefined_at_this_config
SEAL,BFV,4096,5,standard,relinearize,latency_ms,,,,,,,,skipped_depth0_undefined_at_this_config
SEAL,BFV,8192,1,standard,add,latency_ms,0.057591025,0.0015041209206424003,0.05729257477720256,0.057889475222797436,0.05769025,0.056504399999999996,0.058100125,
SEAL,BFV,8192,1,standard,add,energy_net_j_per_op,0.0007853211684942751,0.0001665732580924436,0.0007231216917027659,0.0008475206452857844,0.0007967900349709436,0.0006594945288818095,0.0008950759023966066,HIGH_VARIANCE;idle_baseline_13.54W_pooled_median
SEAL,BFV,8192,1,standard,add,energy_pkg_j_per_op,0.0015963298427311085,0.0001948507152392099,0.0015235713899090825,0.0016690882955531345,0.0016000880322209437,0.0014495103567318758,0.0017141369390103567,HIGH_VARIANCE
SEAL,BFV,8192,1,standard,add,idle_power_w,12.5676,,,,,,,cell_reading_not_used_for_correction
SEAL,BFV,8192,1,standard,add,peak_memory_mb,17.865885416666668,0.054733983221311726,17.729918664832297,18.00185216850104,17.86328125,17.837890625,17.892578125,n=3_invocations_inner_loop_1
SEAL,BFV,8192,1,standard,decrypt,latency_ms,0.80449074,0.009011734345369664,0.8027026163948724,0.8062788636051276,0.802099,0.7996477499999999,0.80509775,
SEAL,BFV,8192,1,standard,decrypt,energy_net_j_per_op,0.006494231290147512,0.0020171011423194113,0.005741033345143671,0.007247429235151354,0.005727275766632141,0.005143406324618253,0.0075059413916863105,HIGH_VARIANCE;idle_baseline_13.54W_pooled_median
SEAL,BFV,8192,1,standard,decrypt,energy_pkg_j_per_op,0.01676999417989418,0.0023188625562245817,0.015904116671101347,0.01763587168868701,0.015793357142857144,0.01534488492063492,0.01770702380952381,HIGH_VARIANCE
SEAL,BFV,8192,1,standard,decrypt,idle_power_w,12.851,,,,,,,cell_reading_not_used_for_correction
SEAL,BFV,8192,1,standard,decrypt,peak_memory_mb,17.790364583333332,0.08417341853590618,17.581266220021345,17.99946294664532,17.796875,17.75,17.833984375,n=3_invocations_inner_loop_1
SEAL,BFV,8192,1,standard,encrypt,latency_ms,2.5483791,0.10747435799507965,2.5270538557005295,2.5697043442994705,2.49739,2.475205,2.5768524999999998,
SEAL,BFV,8192,1,standard,encrypt,energy_net_j_per_op,0.028799080430449996,0.009706834447998965,0.02517448887907226,0.03242367198182773,0.026654095355499993,0.023886213193499997,0.029708904041749997,HIGH_VARIANCE;idle_baseline_13.54W_pooled_median
SEAL,BFV,8192,1,standard,encrypt,energy_pkg_j_per_op,0.06151143,0.011344688732053092,0.05727525360784091,0.0657476063921591,0.05907517500000001,0.055834562500000004,0.061887037500000006,HIGH_VARIANCE
SEAL,BFV,8192,1,standard,encrypt,idle_power_w,19.8344,,,,,,,cell_reading_not_used_for_correction
SEAL,BFV,8192,1,standard,encrypt,peak_memory_mb,16.97265625,0.02734375,16.90473060944433,17.04058189055567,16.984375,16.962890625,16.98828125,n=3_invocations_inner_loop_1
SEAL,BFV,8192,1,standard,keygen,latency_ms,66.075669,1.2260628441960808,65.83239153208359,66.31894646791642,66.21475000000001,65.217775,66.8118,
SEAL,BFV,8192,1,standard,keygen,energy_net_j_per_op,0.5398488779153333,0.08489235075478968,0.5081495531796737,0.5715482026509929,0.53011523808,0.49098722633874997,0.5551091259912498,HIGH_VARIANCE;idle_baseline_13.54W_pooled_median
SEAL,BFV,8192,1,standard,keygen,energy_pkg_j_per_op,1.4339361333333334,0.08894780533654838,1.4007224769695013,1.4671497896971655,1.420238,1.37486825,1.454991,HIGH_VARIANCE
SEAL,BFV,8192,1,standard,keygen,idle_power_w,17.1718,,,,,,,cell_reading_not_used_for_correction
SEAL,BFV,8192,1,standard,keygen,peak_memory_mb,15.966145833333334,0.11616305692547366,15.677580802912564,16.254710863754102,16.03125,15.931640625,16.033203125,n=3_invocations_inner_loop_1
SEAL,BFV,8192,1,standard,multiply,latency_ms,8.6504691,0.2021249240180014,8.610363129942536,8.690575070057465,8.608805,8.5722375,8.670825,
SEAL,BFV,8192,1,standard,multiply,energy_net_j_per_op,0.0819143175182111,0.03465737115774873,0.06897304244400455,0.09485559259241765,0.06205823841174997,0.05407846805024999,0.10363161589516665,HIGH_VARIANCE;idle_baseline_13.54W_pooled_median
SEAL,BFV,8192,1,standard,multiply,energy_pkg_j_per_op,0.1944907611111111,0.03754905935883227,0.18046971191702899,0.20851181030519322,0.17194625000000002,0.164436125,0.21571954166666665,HIGH_VARIANCE
SEAL,BFV,8192,1,standard,multiply,idle_power_w,13.7183,,,,,,,cell_reading_not_used_for_correction
SEAL,BFV,8192,1,standard,multiply,peak_memory_mb,22.37109375,0.08071866531160869,22.170577469457278,22.571610030542722,22.359375,22.328125,22.408203125,n=3_invocations_inner_loop_1
SEAL,BFV,8192,1,standard,relinearize,latency_ms,2.1011471999999998,0.07470509714574741,2.0863240879873497,2.11597031201265,2.0839049999999997,2.0590675000000003,2.1165575,
SEAL,BFV,8192,1,standard,relinearize,energy_net_j_per_op,0.014062593659655552,0.003701806513985049,0.012680316390242426,0.015444870929068679,0.01310508872083333,0.011980624158708328,0.014810345038374997,HIGH_VARIANCE;idle_baseline_13.54W_pooled_median
SEAL,BFV,8192,1,standard,relinearize,energy_pkg_j_per_op,0.04000505972222222,0.004306127660175481,0.038397125228248896,0.04161299421619555,0.03885164583333333,0.03781423958333333,0.0404445,HIGH_VARIANCE
SEAL,BFV,8192,1,standard,relinearize,idle_power_w,13.6497,,,,,,,cell_reading_not_used_for_correction
SEAL,BFV,8192,1,standard,relinearize,peak_memory_mb,22.419270833333332,0.08140884912677389,22.21704004114732,22.621501625519343,22.40234375,22.375,22.455078125,n=3_invocations_inner_loop_1
SEAL,BFV,8192,3,standard,add,latency_ms,0.037927054,0.001647844962515858,0.03760008580917898,0.038254022190821024,0.0376376,0.0367657,0.0388381,
SEAL,BFV,8192,3,standard,add,energy_net_j_per_op,0.00048257784271438215,0.00012364566387144477,0.00043640779304125537,0.0005287478923875089,0.0004277621963299582,0.0003923326648538609,0.0005461872897081008,HIGH_VARIANCE;idle_baseline_13.54W_pooled_median
SEAL,BFV,8192,3,standard,add,energy_pkg_j_per_op,0.0010478636593378823,0.0001630907032961766,0.0009869645898788954,0.001108762728796869,0.0009813707354056102,0.0009228079984836998,0.00113063646702047,HIGH_VARIANCE
SEAL,BFV,8192,3,standard,add,idle_power_w,26.2257,,,,,,,cell_reading_not_used_for_correction
SEAL,BFV,8192,3,standard,add,peak_memory_mb,13.256510416666666,0.056920554672902066,13.115111920229964,13.397908913103368,13.28125,13.236328125,13.2890625,n=3_invocations_inner_loop_1
SEAL,BFV,8192,3,standard,decrypt,latency_ms,0.59737887,0.011706437840014405,0.5950560587595151,0.599701681240485,0.5937475,0.59004225,0.6010865000000001,
SEAL,BFV,8192,3,standard,decrypt,energy_net_j_per_op,0.0038468986885708723,0.0003792581460420113,0.0037052813694232857,0.003988516007718459,0.00377318064270238,0.0036066922236999994,0.004068875705382738,HIGH_VARIANCE;idle_baseline_13.54W_pooled_median
SEAL,BFV,8192,3,standard,decrypt,energy_pkg_j_per_op,0.010981474206349207,0.00039547676570845147,0.010833800755088425,0.011129147657609988,0.010902660714285715,0.010698035714285715,0.011212086309523809,
SEAL,BFV,8192,3,standard,decrypt,idle_power_w,13.3252,,,,,,,cell_reading_not_used_for_correction
SEAL,BFV,8192,3,standard,decrypt,peak_memory_mb,13.372395833333334,0.0868500320086057,13.156648393554033,13.588143273112635,13.32421875,13.322265625,13.3984375,n=3_invocations_inner_loop_1
SEAL,BFV,8192,3,standard,encrypt,latency_ms,1.8975252,0.013242187518028348,1.8948976627050642,1.9001527372949358,1.895385,1.8925200000000002,1.8980175,
SEAL,BFV,8192,3,standard,encrypt,energy_net_j_per_op,0.01524456641392654,0.004175390560628464,0.013685449955226029,0.01680368287262705,0.013912011185824066,0.013271930872666664,0.015099561508194444,HIGH_VARIANCE;idle_baseline_13.54W_pooled_median
SEAL,BFV,8192,3,standard,encrypt,energy_pkg_j_per_op,0.03952320987654321,0.005029060274375612,0.03764532790796498,0.04140109184512144,0.03811957407407407,0.03728743518518518,0.03913097222222223,HIGH_VARIANCE
SEAL,BFV,8192,3,standard,encrypt,idle_power_w,12.992,,,,,,,cell_reading_not_used_for_correction
SEAL,BFV,8192,3,standard,encrypt,peak_memory_mb,12.838541666666666,0.03853814736184568,12.742807601464113,12.934275731869219,12.8203125,12.81640625,12.8515625,n=3_invocations_inner_loop_1
SEAL,BFV,8192,3,standard,keygen,latency_ms,44.932293,0.9622886188197912,44.74135406102191,45.123231938978094,45.094,44.375175,45.4879,
SEAL,BFV,8192,3,standard,keygen,energy_net_j_per_op,0.26159676464449994,0.054745343851187775,0.24115451729153412,0.2820390119974658,0.2461128079399999,0.23234843174374994,0.2760161116362499,HIGH_VARIANCE;idle_baseline_13.54W_pooled_median
SEAL,BFV,8192,3,standard,keygen,energy_pkg_j_per_op,0.8680561333333333,0.05468387391981445,0.8476368392299684,0.8884754274366983,0.857469,0.83449825,0.88665425,HIGH_VARIANCE
SEAL,BFV,8192,3,standard,keygen,idle_power_w,13.2096,,,,,,,cell_reading_not_used_for_correction
SEAL,BFV,8192,3,standard,keygen,peak_memory_mb,12.079427083333334,0.023867581744561668,12.020136723433385,12.138717443233283,12.07421875,12.06640625,12.08984375,n=3_invocations_inner_loop_1
SEAL,BFV,8192,3,standard,multiply,latency_ms,6.0166428,0.035142344255293737,6.009669796481016,6.023615803518983,6.00849,5.99979,6.015057499999999,
SEAL,BFV,8192,3,standard,multiply,energy_net_j_per_op,0.04406439739432592,0.005086743010958619,0.04216497633792259,0.04596381845072924,0.042773368511111104,0.04072359239633332,0.045184858495722215,HIGH_VARIANCE;idle_baseline_13.54W_pooled_median
SEAL,BFV,8192,3,standard,multiply,energy_pkg_j_per_op,0.12210525925925926,0.005321050675121823,0.12011834628316795,0.12409217223535057,0.12070011111111112,0.11857208333333334,0.12329013888888889,
SEAL,BFV,8192,3,standard,multiply,idle_power_w,15.4294,,,,,,,cell_reading_not_used_for_correction
SEAL,BFV,8192,3,standard,multiply,peak_memory_mb,16.528645833333332,0.04285021529141754,16.4221999975713,16.635091669095363,16.54296875,16.51171875,16.552734375,n=3_invocations_inner_loop_1
SEAL,BFV,8192,3,standard,relinearize,latency_ms,1.31805,0.051923733134533606,1.3077472048524807,1.3283527951475191,1.300115,1.2892325,1.323005,
SEAL,BFV,8192,3,standard,relinearize,energy_net_j_per_op,0.00781184289787456,0.0007896430537176707,0.007516985335767975,0.008106700459981143,0.007799511464197365,0.00718537770086184,0.008466626970907888,HIGH_VARIANCE;idle_baseline_13.54W_pooled_median
SEAL,BFV,8192,3,standard,relinearize,energy_pkg_j_per_op,0.02350933859649123,0.0008416351641214757,0.02319506686129686,0.023823610331685598,0.023497710526315788,0.022808105263157897,0.024255203947368423,
SEAL,BFV,8192,3,standard,relinearize,idle_power_w,12.9425,,,,,,,cell_reading_not_used_for_correction
SEAL,BFV,8192,3,standard,relinearize,peak_memory_mb,16.639322916666668,0.07227442232488498,16.45978329857445,16.818862534758885,16.640625,16.603515625,16.67578125,n=3_invocations_inner_loop_1
SEAL,BFV,8192,5,standard,add,latency_ms,0.019406131,0.001068998780384541,0.01919401844987358,0.01961824355012642,0.01892835,0.018682675000000003,0.020409625,HIGH_VARIANCE
SEAL,BFV,8192,5,standard,add,energy_net_j_per_op,0.00019446755589848497,4.57423222722945e-05,0.00017738709205244348,0.00021154801974452645,0.00017492543126409484,0.00016896602497004412,0.0002037057678933954,HIGH_VARIANCE;idle_baseline_13.54W_pooled_median
SEAL,BFV,8192,5,standard,add,energy_pkg_j_per_op,0.000450900827835985,5.006478738980586e-05,0.00043220632898914195,0.00046959532668282804,0.00043020217306946064,0.00042492239037640665,0.00046147458284827325,HIGH_VARIANCE
SEAL,BFV,8192,5,standard,add,idle_power_w,13.4512,,,,,,,cell_reading_not_used_for_correction
SEAL,BFV,8192,5,standard,add,peak_memory_mb,9.329427083333334,0.11430927215462809,9.045467109571291,9.613387057095377,9.359375,9.28125,9.392578125,n=3_invocations_inner_loop_1
SEAL,BFV,8192,5,standard,decrypt,latency_ms,0.34101279,0.0027947063462043986,0.34045825962931553,0.3415673203706845,0.34031449999999996,0.33984925,0.34120675,
SEAL,BFV,8192,5,standard,decrypt,energy_net_j_per_op,0.0023551361826438886,0.00035428218447316594,0.002222845040817543,0.002487427324470234,0.0022686421586297608,0.0021450632525340987,0.0024684169356695568,HIGH_VARIANCE;idle_baseline_13.54W_pooled_median
SEAL,BFV,8192,5,standard,decrypt,energy_pkg_j_per_op,0.0067311555555555555,0.0003619989156612522,0.006595982938947866,0.006866328172163245,0.006658404761904762,0.006506450680272109,0.0068412159863945575,HIGH_VARIANCE
SEAL,BFV,8192,5,standard,decrypt,idle_power_w,13.4392,,,,,,,cell_reading_not_used_for_correction
SEAL,BFV,8192,5,standard,decrypt,peak_memory_mb,9.315104166666666,0.04725324820735431,9.197720590792079,9.432487742541253,9.33203125,9.296875,9.341796875,n=3_invocations_inner_loop_1
SEAL,BFV,8192,5,standard,encrypt,latency_ms,1.5987594,0.0532893282818171,1.5881856411484565,1.6093331588515436,1.58425,1.5651375,1.62565,
SEAL,BFV,8192,5,standard,encrypt,energy_net_j_per_op,0.009993366595749998,0.0012316223590384098,0.009533471248716568,0.010453261942783428,0.009666607229999999,0.009279270686624999,0.010470993046999999,HIGH_VARIANCE;idle_baseline_13.54W_pooled_median
SEAL,BFV,8192,5,standard,encrypt,energy_pkg_j_per_op,0.0285105125,0.0012340277923839798,0.028049718949393773,0.02897130605060623,0.028196546875,0.0278173671875,0.028960046875,
SEAL,BFV,8192,5,standard,encrypt,idle_power_w,13.4441,,,,,,,cell_reading_not_used_for_correction
SEAL,BFV,8192,5,standard,encrypt,peak_memory_mb,8.83203125,0.02734375,8.764105609444327,8.899956890555673,8.8203125,8.81640625,8.841796875,n=3_invocations_inner_loop_1
SEAL,BFV,8192,5,standard,keygen,latency_ms,26.619807,0.8510579538783453,26.450938638113215,26.78867536188679,26.74595,26.302599999999998,27.126549999999998,
SEAL,BFV,8192,5,standard,keygen,energy_net_j_per_op,0.18315500435616663,0.05713542958191079,0.16182028432397086,0.2044897243883624,0.165205911555,0.14793535143249997,0.20436545476124995,HIGH_VARIANCE;idle_baseline_13.54W_pooled_median
SEAL,BFV,8192,5,standard,keygen,energy_pkg_j_per_op,0.5345604333333334,0.05953583586476377,0.5123293868644075,0.5567914798022592,0.5154685,0.49112049999999996,0.55961025,HIGH_VARIANCE
SEAL,BFV,8192,5,standard,keygen,idle_power_w,13.144,,,,,,,cell_reading_not_used_for_correction
SEAL,BFV,8192,5,standard,keygen,peak_memory_mb,8.1796875,0.0835060872126248,7.972246879594406,8.387128120405594,8.20703125,8.146484375,8.2265625,n=3_invocations_inner_loop_1
SEAL,BFV,8192,5,standard,multiply,latency_ms,,,,,,,,skipped_depth0_undefined_at_this_config
SEAL,BFV,8192,5,standard,relinearize,latency_ms,,,,,,,,skipped_depth0_undefined_at_this_config
SEAL,BGV,16384,1,standard,add,latency_ms,0.37861167,0.09485914229237767,0.35978955818505165,0.3974337818149484,0.3501885,0.333122,0.410103,HIGH_VARIANCE
SEAL,BGV,16384,1,standard,add,energy_net_j_per_op,0.0032555485049984207,0.000531274664708438,0.003057167284892188,0.0034539297251046535,0.0030893011897272556,0.002959558294390977,0.003239252742119925,HIGH_VARIANCE;idle_baseline_13.54W_pooled_median
SEAL,BGV,16384,1,standard,add,energy_pkg_j_per_op,0.007346145614035088,0.0005788060814657076,0.007130015871222884,0.0075622753568472915,0.007159612781954887,0.007015065789473684,0.007323437969924812,HIGH_VARIANCE
SEAL,BGV,16384,1,standard,add,idle_power_w,12.8253,,,,,,,cell_reading_not_used_for_correction
SEAL,BGV,16384,1,standard,add,peak_memory_mb,99.26692708333333,0.11733931138964399,98.9754400748395,99.55841409182716,99.203125,99.19921875,99.302734375,n=3_invocations_inner_loop_1
SEAL,BGV,16384,1,standard,decrypt,latency_ms,2.7871521,0.2572517233140931,2.7361077769775357,2.8381964230224646,2.670685,2.5745975000000003,2.9693500000000004,HIGH_VARIANCE
SEAL,BGV,16384,1,standard,decrypt,energy_net_j_per_op,0.03526449865749629,0.010357924632125265,0.03139678603578283,0.03913221127920975,0.033827728198027776,0.030037991115277766,0.037425234593180555,HIGH_VARIANCE;idle_baseline_13.54W_pooled_median
SEAL,BGV,16384,1,standard,decrypt,energy_pkg_j_per_op,0.07331531296296297,0.011973307677869645,0.06884440639875357,0.07778621952717236,0.07221566666666666,0.06760352777777777,0.07660341666666667,HIGH_VARIANCE
SEAL,BGV,16384,1,standard,decrypt,idle_power_w,24.1399,,,,,,,cell_reading_not_used_for_correction
SEAL,BGV,16384,1,standard,decrypt,peak_memory_mb,98.36067708333333,0.04725324820735431,98.24329350745874,98.47806065920791,98.34375,98.333984375,98.37890625,n=3_invocations_inner_loop_1
SEAL,BGV,16384,1,standard,encrypt,latency_ms,13.978299,0.7760989344533311,13.824304133814953,14.132293866185046,13.6691,13.648824999999999,13.8289,HIGH_VARIANCE
SEAL,BGV,16384,1,standard,encrypt,energy_net_j_per_op,0.09618917065766665,0.013116094158688427,0.09129154060851533,0.10108680070681797,0.09378211893749996,0.09024295231374997,0.09842392311125,HIGH_VARIANCE;idle_baseline_13.54W_pooled_median
SEAL,BGV,16384,1,standard,encrypt,energy_pkg_j_per_op,0.2819155666666667,0.01367113784425456,0.27681067989915614,0.2870204534341772,0.279644875,0.2754573125,0.28411356249999997,
SEAL,BGV,16384,1,standard,encrypt,idle_power_w,13.4604,,,,,,,cell_reading_not_used_for_correction
SEAL,BGV,16384,1,standard,encrypt,peak_memory_mb,95.25390625,0.1188039556698871,94.95878086341531,95.54903163658469,95.1953125,95.185546875,95.29296875,n=3_invocations_inner_loop_1
SEAL,BGV,16384,1,standard,keygen,latency_ms,272.39762,2.684067352193513,271.86504280605783,272.9301971939422,272.258,270.78249999999997,273.52575,
SEAL,BGV,16384,1,standard,keygen,energy_net_j_per_op,1.977799378181666,0.4273737712284939,1.8182153893154942,2.137383367047838,1.8586377029249992,1.6862556273749993,2.0187328647624994,HIGH_VARIANCE;idle_baseline_13.54W_pooled_median
SEAL,BGV,16384,1,standard,keygen,energy_pkg_j_per_op,5.647311833333333,0.43638198674414186,5.484364121512379,5.810259545154287,5.528973,5.35746175,5.68427275,HIGH_VARIANCE
SEAL,BGV,16384,1,standard,keygen,idle_power_w,13.1365,,,,,,,cell_reading_not_used_for_correction
SEAL,BGV,16384,1,standard,keygen,peak_memory_mb,91.41796875,0.03767051078512873,91.32439001353777,91.51154748646223,91.40234375,91.396484375,91.431640625,n=3_invocations_inner_loop_1
SEAL,BGV,16384,1,standard,multiply,latency_ms,2.3666512,0.06816492012699195,2.353125800998049,2.380176599001951,2.35147,2.3420825,2.3591825,
SEAL,BGV,16384,1,standard,multiply,energy_net_j_per_op,0.019238415345159087,0.002449055472505425,0.018323923002464552,0.020152907687853622,0.018659125679999992,0.017887613993113633,0.019300316919727268,HIGH_VARIANCE;idle_baseline_13.54W_pooled_median
SEAL,BGV,16384,1,standard,multiply,energy_pkg_j_per_op,0.05052885909090909,0.002556461237985213,0.0495742607762612,0.05148345740555697,0.04985654545454545,0.04918675,0.050535727272727274,HIGH_VARIANCE
SEAL,BGV,16384,1,standard,multiply,idle_power_w,12.5363,,,,,,,cell_reading_not_used_for_correction
SEAL,BGV,16384,1,standard,multiply,peak_memory_mb,104.67447916666667,0.04510548978043951,104.56243091849612,104.78652741483722,104.6484375,104.6484375,104.6875,n=3_invocations_inner_loop_1
SEAL,BGV,16384,1,standard,relinearize,latency_ms,20.267699,0.09490855193981805,20.24886708423905,20.286530915760952,20.2377,20.210975,20.30225,
SEAL,BGV,16384,1,standard,relinearize,energy_net_j_per_op,0.13578816985944442,0.02231802539027617,0.1274544822183922,0.14412185750049664,0.13023356576083328,0.12480560783666664,0.13909767472124998,HIGH_VARIANCE;idle_baseline_13.54W_pooled_median
SEAL,BGV,16384,1,standard,relinearize,energy_pkg_j_per_op,0.3940786777777778,0.023252428151290066,0.38539607841155926,0.4027612771439963,0.3881303333333333,0.38197891666666667,0.39726875,HIGH_VARIANCE
SEAL,BGV,16384,1,standard,relinearize,idle_power_w,13.2128,,,,,,,cell_reading_not_used_for_correction
SEAL,BGV,16384,1,standard,relinearize,peak_memory_mb,104.79557291666667,0.06180439732450947,104.64204228252086,104.94910355081248,104.78125,104.76171875,104.822265625,n=3_invocations_inner_loop_1
SEAL,BGV,2048,1,standard,add,latency_ms,0.0053893087,0.00036943756686539644,0.005316004271727284,0.005462613128272715,0.00528712,0.005197427500000001,0.005410139999999999,HIGH_VARIANCE
SEAL,BGV,2048,1,standard,add,energy_net_j_per_op,5.574649809931155e-05,9.94085703032303e-06,5.203452107955403e-05,5.945847511906907e-05,5.2203919397781406e-05,5.000196325288253e-05,5.503083221999045e-05,HIGH_VARIANCE;idle_baseline_13.54W_pooled_median
SEAL,BGV,2048,1,standard,add,energy_pkg_j_per_op,0.00012630428971761154,1.0942049198650736e-05,0.0001222184613981263,0.00013039011803709678,0.0001224636236257814,0.00011934438995473163,0.00012564254149601207,HIGH_VARIANCE
SEAL,BGV,2048,1,standard,add,idle_power_w,13.086,,,,,,,cell_reading_not_used_for_correction
SEAL,BGV,2048,1,standard,add,peak_memory_mb,5.670572916666667,0.01578692142315383,5.631356029806971,5.709789803526363,5.66796875,5.662109375,5.677734375,n=3_invocations_inner_loop_1
SEAL,BGV,2048,1,standard,decrypt,latency_ms,0.049497222,0.0009858045708122597,0.049301616985964296,0.049692827014035705,0.0495588,0.048620975,0.050038675000000005,
SEAL,BGV,2048,1,standard,decrypt,energy_net_j_per_op,0.00033053604668154365,5.463086164046854e-05,0.00031013654768861004,0.00035093554567447726,0.00031783120243160726,0.000303616399542542,0.0003490024793519114,HIGH_VARIANCE;idle_baseline_13.54W_pooled_median
SEAL,BGV,2048,1,standard,decrypt,energy_pkg_j_per_op,0.0009657097593142104,5.589278816763809e-05,0.0009448390492118938,0.000986580469416527,0.0009538140454995055,0.0009369072700296735,0.0009813113254203759,HIGH_VARIANCE
SEAL,BGV,2048,1,standard,decrypt,idle_power_w,13.0097,,,,,,,cell_reading_not_used_for_correction
SEAL,BGV,2048,1,standard,decrypt,peak_memory_mb,5.615885416666667,0.06655925999547947,5.450543048845701,5.7812277844876325,5.65234375,5.595703125,5.654296875,n=3_invocations_inner_loop_1
SEAL,BGV,2048,1,standard,encrypt,latency_ms,0.4653324,0.002934103989674228,0.4647502101125971,0.46591458988740286,0.46455749999999996,0.46375475,0.46572699999999995,
SEAL,BGV,2048,1,standard,encrypt,energy_net_j_per_op,0.0033283299576172833,0.00045856939469837986,0.003157097331507461,0.0034995625837271056,0.003256579732041666,0.0030933616994074068,0.0033971031881259253,HIGH_VARIANCE;idle_baseline_13.54W_pooled_median
SEAL,BGV,2048,1,standard,encrypt,energy_pkg_j_per_op,0.009270492283950618,0.00045915482954727855,0.009099041052875545,0.009441943515025692,0.009184041666666667,0.009029657407407406,0.009343655092592593,
SEAL,BGV,2048,1,standard,encrypt,idle_power_w,13.7047,,,,,,,cell_reading_not_used_for_correction
SEAL,BGV,2048,1,standard,encrypt,peak_memory_mb,5.55859375,0.05255321893388168,5.428044316972473,5.689143183027527,5.57421875,5.537109375,5.587890625,n=3_invocations_inner_loop_1
SEAL,BGV,2048,1,standard,keygen,latency_ms,21.925795,0.7074441665337458,21.78542272924628,22.06616727075372,22.1695,21.704825,22.389525,
SEAL,BGV,2048,1,standard,keygen,energy_net_j_per_op,0.10100937018599997,0.026441169412242463,0.09113607526440806,0.11088266510759187,0.10028831545249994,0.08146288366499997,0.11388670322625001,HIGH_VARIANCE;idle_baseline_13.54W_pooled_median
SEAL,BGV,2048,1,standard,keygen,energy_pkg_j_per_op,0.39872003333333333,0.031949342166325105,0.3867899529030432,0.4106501137636235,0.3992105,0.3703685,0.41467775,HIGH_VARIANCE
SEAL,BGV,2048,1,standard,keygen,idle_power_w,13.7155,,,,,,,cell_reading_not_used_for_correction
SEAL,BGV,2048,1,standard,keygen,peak_memory_mb,5.411458333333333,0.06947563318726094,5.2388712928851255,5.5840453737815405,5.44140625,5.38671875,5.451171875,n=3_invocations_inner_loop_1
SEAL,BGV,2048,1,standard,multiply,latency_ms,,,,,,,,skipped_depth0_undefined_at_this_config
SEAL,BGV,2048,1,standard,relinearize,latency_ms,,,,,,,,skipped_depth0_undefined_at_this_config
SEAL,BGV,2048,3,standard,add,latency_ms,0.009993124400000001,0.0005939385197859244,0.009875274112084064,0.010110974687915938,0.00980149,0.009668025,0.009935550000000001,HIGH_VARIANCE
SEAL,BGV,2048,3,standard,add,energy_net_j_per_op,0.00011307251520723872,4.080300007473745e-05,9.783642458119055e-05,0.0001283086058332869,0.00010210156864198379,9.664485615261092e-05,0.00010725262398362709,HIGH_VARIANCE;idle_baseline_13.54W_pooled_median
SEAL,BGV,2048,3,standard,add,energy_pkg_j_per_op,0.0002530673261390887,4.868927349826422e-05,0.00023488645262054333,0.0002712481996576341,0.00023752348121502799,0.00023250074940047965,0.000246841726618705,HIGH_VARIANCE
SEAL,BGV,2048,3,standard,add,idle_power_w,15.0727,,,,,,,cell_reading_not_used_for_correction
SEAL,BGV,2048,3,standard,add,peak_memory_mb,5.309895833333333,0.07577856524453887,5.121651441667042,5.4981402249996245,5.34765625,5.28515625,5.353515625,n=3_invocations_inner_loop_1
SEAL,BGV,2048,3,standard,decrypt,latency_ms,0.08601003,0.00075292405756799,0.08586063353217163,0.08615942646782837,0.08588065,0.08550189999999999,0.08625797499999999,
SEAL,BGV,2048,3,standard,decrypt,energy_net_j_per_op,0.0005645940693983841,0.00010439335859917632,0.0005256129486606628,0.0006035751901361055,0.0005315777318345874,0.0005056845082333763,0.0005822682195545747,HIGH_VARIANCE;idle_baseline_13.54W_pooled_median
SEAL,BGV,2048,3,standard,decrypt,energy_pkg_j_per_op,0.0016671750286368842,0.00010738145213539947,0.0016270781354355299,0.0017072719218382386,0.0016334450171821306,0.0016037615979381443,0.0016827448453608249,HIGH_VARIANCE
SEAL,BGV,2048,3,standard,decrypt,idle_power_w,13.4551,,,,,,,cell_reading_not_used_for_correction
SEAL,BGV,2048,3,standard,decrypt,peak_memory_mb,5.399739583333333,0.024808019379241732,5.338113046839526,5.46136611982714,5.4140625,5.392578125,5.4140625,n=3_invocations_inner_loop_1
SEAL,BGV,2048,3,standard,encrypt,latency_ms,0.38619037,0.0026228981836737743,0.38566993009616696,0.38671080990383305,0.385614,0.3849255,0.38656900000000005,
SEAL,BGV,2048,3,standard,encrypt,energy_net_j_per_op,0.004297145474599871,0.0019154855483963715,0.0035818914159572116,0.005012399533242531,0.0046332689338673076,0.0025308519075875006,0.00539651365645673,HIGH_VARIANCE;idle_baseline_13.54W_pooled_median
SEAL,BGV,2048,3,standard,encrypt,energy_pkg_j_per_op,0.009715938205128205,0.0024915365757864913,0.008785583157772267,0.010646293252484142,0.00964775,0.0074401250000000006,0.011602921153846155,HIGH_VARIANCE
SEAL,BGV,2048,3,standard,encrypt,idle_power_w,12.8998,,,,,,,cell_reading_not_used_for_correction
SEAL,BGV,2048,3,standard,encrypt,peak_memory_mb,5.282552083333333,0.04884114409768503,5.161223955395242,5.403880211271424,5.3046875,5.265625,5.310546875,n=3_invocations_inner_loop_1
SEAL,BGV,2048,3,standard,keygen,latency_ms,14.476133,0.5771570486435992,14.36161252003538,14.590653479964622,14.562999999999999,14.268275000000001,14.8093,
SEAL,BGV,2048,3,standard,keygen,energy_net_j_per_op,0.2230945279835,0.044220390930720985,0.20658236264012655,0.23960669332687343,0.21472907513749998,0.1946988443575,0.2511613000487499,HIGH_VARIANCE;idle_baseline_13.54W_pooled_median
SEAL,BGV,2048,3,standard,keygen,energy_pkg_j_per_op,0.42044743333333334,0.04690805392407234,0.4029316781347049,0.4379631885319618,0.410585,0.3896735,0.45058775,HIGH_VARIANCE
SEAL,BGV,2048,3,standard,keygen,idle_power_w,25.0194,,,,,,,cell_reading_not_used_for_correction
SEAL,BGV,2048,3,standard,keygen,peak_memory_mb,5.010416666666667,0.07677876556148733,4.819687639673739,5.201145693659595,5.05078125,4.986328125,5.0546875,n=3_invocations_inner_loop_1
SEAL,BGV,2048,3,standard,multiply,latency_ms,,,,,,,,skipped_depth0_undefined_at_this_config
SEAL,BGV,2048,3,standard,relinearize,latency_ms,,,,,,,,skipped_depth0_undefined_at_this_config
SEAL,BGV,2048,5,standard,add,latency_ms,0.0060996841,0.0007314179592153983,0.005954554908663006,0.006244813291336994,0.005922055,0.005597017499999999,0.0062310575,HIGH_VARIANCE
SEAL,BGV,2048,5,standard,add,energy_net_j_per_op,5.783189665580899e-05,1.515695260300208e-05,5.217219753929636e-05,6.349159577232162e-05,5.255413556150494e-05,5.008753237851551e-05,5.877792438427547e-05,HIGH_VARIANCE;idle_baseline_13.54W_pooled_median
SEAL,BGV,2048,5,standard,add,energy_pkg_j_per_op,0.00012956074652354234,1.760545613654718e-05,0.00012298676116173009,0.0001361347318853546,0.00012357904366918761,0.00012054159551110028,0.00012907184679190046,HIGH_VARIANCE
SEAL,BGV,2048,5,standard,add,idle_power_w,13.3346,,,,,,,cell_reading_not_used_for_correction
SEAL,BGV,2048,5,standard,add,peak_memory_mb,5.001302083333333,0.06724349652955915,4.834259977734303,5.168344188932363,4.97265625,4.962890625,5.025390625,n=3_invocations_inner_loop_1
SEAL,BGV,2048,5,standard,decrypt,latency_ms,0.049538164,0.0008169158585209557,0.0493760701705503,0.04970025782944971,0.0496854,0.048756925,0.050069025,
SEAL,BGV,2048,5,standard,decrypt,energy_net_j_per_op,0.0003439086717062128,4.040781448303301e-05,0.00032882014580526544,0.0003589971976071602,0.00033979109235259897,0.00032232439897198026,0.00036038739839844053,HIGH_VARIANCE;idle_baseline_13.54W_pooled_median
SEAL,BGV,2048,5,standard,decrypt,energy_pkg_j_per_op,0.0009750712871287128,4.010269703721458e-05,0.0009600966939544661,0.0009900458803029596,0.0009710886138613861,0.0009552076732673268,0.0009909165841584158,
SEAL,BGV,2048,5,standard,decrypt,idle_power_w,12.8192,,,,,,,cell_reading_not_used_for_correction
SEAL,BGV,2048,5,standard,decrypt,peak_memory_mb,4.9140625,0.00390625,4.904358837063476,4.923766162936524,4.9140625,4.912109375,4.916015625,n=3_invocations_inner_loop_1
SEAL,BGV,2048,5,standard,encrypt,latency_ms,0.27643375,0.0038468966775804876,0.2756704422401343,0.27719705775986564,0.27594300000000005,0.27496825,0.27681625,
SEAL,BGV,2048,5,standard,encrypt,energy_net_j_per_op,0.001892729781349622,0.00018632387104069106,0.001823155304478503,0.001962304258220741,0.0019044699201756898,0.0017792962859719606,0.0019946060753569753,HIGH_VARIANCE;idle_baseline_13.54W_pooled_median
SEAL,BGV,2048,5,standard,encrypt,energy_pkg_j_per_op,0.0054166959484346225,0.0001863524134554816,0.005347110813650663,0.005486281083218582,0.005420425414364641,0.0053098881215469605,0.005524910220994475,
SEAL,BGV,2048,5,standard,encrypt,idle_power_w,12.6709,,,,,,,cell_reading_not_used_for_correction
SEAL,BGV,2048,5,standard,encrypt,peak_memory_mb,4.881510416666667,0.01926907368092284,4.8336433840653905,4.929377449267943,4.890625,4.875,4.892578125,n=3_invocations_inner_loop_1
SEAL,BGV,2048,5,standard,keygen,latency_ms,10.3654735,0.5209845218786459,10.262098868017425,10.468848131982575,10.5151,10.311525,10.6233,HIGH_VARIANCE
SEAL,BGV,2048,5,standard,keygen,energy_net_j_per_op,0.056417966747433324,0.017649935936200022,0.04982737235546891,0.06300856113939773,0.05826219547999997,0.04344270713487498,0.06660306593000001,HIGH_VARIANCE;idle_baseline_13.54W_pooled_median
SEAL,BGV,2048,5,standard,keygen,energy_pkg_j_per_op,0.19713946666666668,0.01826894302046666,0.19031773123074036,0.203961202102593,0.198575,0.18215399999999998,0.20714675,HIGH_VARIANCE
SEAL,BGV,2048,5,standard,keygen,idle_power_w,13.5779,,,,,,,cell_reading_not_used_for_correction
SEAL,BGV,2048,5,standard,keygen,peak_memory_mb,4.799479166666667,0.08027636792603308,4.600061613739263,4.998896719594071,4.83984375,4.7734375,4.845703125,n=3_invocations_inner_loop_1
SEAL,BGV,2048,5,standard,multiply,latency_ms,,,,,,,,skipped_depth0_undefined_at_this_config
SEAL,BGV,2048,5,standard,relinearize,latency_ms,,,,,,,,skipped_depth0_undefined_at_this_config
SEAL,BGV,4096,1,standard,add,latency_ms,0.01990361,0.0010995535624364402,0.01968543471822364,0.02012178528177636,0.0194475,0.019182025,0.020645,HIGH_VARIANCE
SEAL,BGV,4096,1,standard,add,energy_net_j_per_op,0.00019124008836315717,3.0355314734890612e-05,0.00017990522755792544,0.0002025749491683889,0.0001792809984521886,0.0001727695627139181,0.00019525367387980447,HIGH_VARIANCE;idle_baseline_13.54W_pooled_median
SEAL,BGV,4096,1,standard,add,energy_pkg_j_per_op,0.0004528098554184905,4.724546154941831e-05,0.0004351681101419689,0.00047045160069501216,0.00043582132908873855,0.00042504456824512534,0.00045530202944687624,HIGH_VARIANCE
SEAL,BGV,4096,1,standard,add,idle_power_w,13.1717,,,,,,,cell_reading_not_used_for_correction
SEAL,BGV,4096,1,standard,add,peak_memory_mb,9.165364583333334,0.06701619391905089,8.998887128721046,9.331842037945622,9.17578125,9.134765625,9.201171875,n=3_invocations_inner_loop_1
SEAL,BGV,4096,1,standard,decrypt,latency_ms,0.17592507,0.0032130022753358153,0.1752875406419793,0.17656259935802068,0.1752155,0.17469275,0.17594675,
SEAL,BGV,4096,1,standard,decrypt,energy_net_j_per_op,0.0012387013038313156,0.00022234047495296236,0.0011556780060341689,0.0013217246016284624,0.0011929815395570174,0.0011071596910732454,0.0012667055173749995,HIGH_VARIANCE;idle_baseline_13.54W_pooled_median
SEAL,BGV,4096,1,standard,decrypt,energy_pkg_j_per_op,0.003492724210526316,0.0002277334737437461,0.0034076871338851616,0.0035777612871674704,0.003447049122807018,0.0033607096491228075,0.0035208105263157896,HIGH_VARIANCE
SEAL,BGV,4096,1,standard,decrypt,idle_power_w,13.3047,,,,,,,cell_reading_not_used_for_correction
SEAL,BGV,4096,1,standard,decrypt,peak_memory_mb,9.057291666666666,0.09377712281266062,8.824336379388294,9.290246953945038,9.03515625,9.005859375,9.09765625,n=3_invocations_inner_loop_1
SEAL,BGV,4096,1,standard,encrypt,latency_ms,1.2933728,0.011321344824996036,1.2911263995683488,1.2956192004316511,1.2889599999999999,1.28512,1.3000775,
SEAL,BGV,4096,1,standard,encrypt,energy_net_j_per_op,0.00870183070024957,0.001786102924922248,0.008034888907202012,0.00936877249329713,0.00822538898680128,0.0077907702164519204,0.008820612443060896,HIGH_VARIANCE;idle_baseline_13.54W_pooled_median
SEAL,BGV,4096,1,standard,encrypt,energy_pkg_j_per_op,0.024873082905982905,0.001838039007311839,0.024186747861051898,0.02555941795091391,0.02437955128205128,0.023876326923076924,0.02503641666666667,HIGH_VARIANCE
SEAL,BGV,4096,1,standard,encrypt,idle_power_w,12.9962,,,,,,,cell_reading_not_used_for_correction
SEAL,BGV,4096,1,standard,encrypt,peak_memory_mb,8.942708333333334,0.06350910624092292,8.7849429674807,9.100473699185969,8.9296875,8.908203125,8.970703125,n=3_invocations_inner_loop_1
SEAL,BGV,4096,1,standard,keygen,latency_ms,41.63836,0.9028775172254049,41.45920951251151,41.81751048748849,41.88695,41.033325000000005,42.2808,
SEAL,BGV,4096,1,standard,keygen,energy_net_j_per_op,0.30495397616449993,0.12106135283025438,0.25974892409344535,0.3501590282355545,0.2666897113525,0.22125586598499986,0.35616511395375006,HIGH_VARIANCE;idle_baseline_13.54W_pooled_median
SEAL,BGV,4096,1,standard,keygen,energy_pkg_j_per_op,0.8717297333333334,0.12265954412503301,0.8259279068250951,0.9175315598415716,0.8348415,0.7859777499999999,0.909862,HIGH_VARIANCE
SEAL,BGV,4096,1,standard,keygen,idle_power_w,12.9078,,,,,,,cell_reading_not_used_for_correction
SEAL,BGV,4096,1,standard,keygen,peak_memory_mb,8.260416666666666,0.04946203102401713,8.13754617010014,8.383287163233192,8.26953125,8.23828125,8.287109375,n=3_invocations_inner_loop_1
SEAL,BGV,4096,1,standard,multiply,latency_ms,0.16181436,0.010070903406579098,0.15981607427428762,0.16381264572571236,0.1583905,0.15768,0.1603785,HIGH_VARIANCE
SEAL,BGV,4096,1,standard,multiply,energy_net_j_per_op,0.0012055282854829125,0.00023877992715252785,0.0011163663953495065,0.0012946901756163184,0.001158966847230906,0.0010857267490502827,0.0012399047523739075,HIGH_VARIANCE;idle_baseline_13.54W_pooled_median
SEAL,BGV,4096,1,standard,multiply,energy_pkg_j_per_op,0.003133911003236246,0.00024782148482175215,0.0030413729399832996,0.0032264490664891923,0.003086435275080906,0.0030150234627831715,0.0031672208737864075,HIGH_VARIANCE
SEAL,BGV,4096,1,standard,multiply,idle_power_w,13.3702,,,,,,,cell_reading_not_used_for_correction
SEAL,BGV,4096,1,standard,multiply,peak_memory_mb,9.354166666666666,0.02658929408419549,9.288115198503297,9.420218134830035,9.36328125,9.34375,9.369140625,n=3_invocations_inner_loop_1
SEAL,BGV,4096,1,standard,relinearize,latency_ms,0.73337164,0.024805491668979232,0.7284496922937975,0.7382935877062025,0.726566,0.723889,0.7331697500000001,
SEAL,BGV,4096,1,standard,relinearize,energy_net_j_per_op,0.004767615011364975,0.0009895009566912244,0.004398129281808461,0.0051371007409214894,0.004577619394706522,0.0040707540893278995,0.004967346941192391,HIGH_VARIANCE;idle_baseline_13.54W_pooled_median
SEAL,BGV,4096,1,standard,relinearize,energy_pkg_j_per_op,0.013908993236714975,0.0009708095767186151,0.013546486983144711,0.01427149949028524,0.013743927536231885,0.013248192028985506,0.014134818840579709,HIGH_VARIANCE
SEAL,BGV,4096,1,standard,relinearize,idle_power_w,13.6337,,,,,,,cell_reading_not_used_for_correction
SEAL,BGV,4096,1,standard,relinearize,peak_memory_mb,9.326822916666666,0.026009094212810127,9.262212744884158,9.391433088449174,9.3203125,9.3125,9.337890625,n=3_invocations_inner_loop_1
SEAL,BGV,4096,3,standard,add,latency_ms,0.0111322695,0.0007284161709099969,0.010987735928587072,0.011276803071412928,0.01098375,0.010644775,0.01146355,HIGH_VARIANCE
SEAL,BGV,4096,3,standard,add,energy_net_j_per_op,9.429171064133341e-05,1.0688351549173783e-05,9.030061458104397e-05,9.828280670162285e-05,9.20773445024479e-05,9.041904386229764e-05,9.374415081898195e-05,HIGH_VARIANCE;idle_baseline_13.54W_pooled_median
SEAL,BGV,4096,3,standard,add,energy_pkg_j_per_op,0.00022658392698130008,1.2823181156615485e-05,0.00022179567244465904,0.00023137218151794112,0.00022341317898486198,0.00022146343499554764,0.00022642275155832588,HIGH_VARIANCE
SEAL,BGV,4096,3,standard,add,idle_power_w,17.3422,,,,,,,cell_reading_not_used_for_correction
SEAL,BGV,4096,3,standard,add,peak_memory_mb,6.91796875,0.0542673593337883,6.78316115616183,7.05277634383817,6.890625,6.88671875,6.935546875,n=3_invocations_inner_loop_1
SEAL,BGV,4096,3,standard,decrypt,latency_ms,0.100645913,0.0012553705656506446,0.10039682024431133,0.10089500575568867,0.10031300000000001,0.09988440000000001,0.10107150000000001,
SEAL,BGV,4096,3,standard,decrypt,energy_net_j_per_op,0.0006833685196130297,9.261594217776927e-05,0.0006487851584422174,0.0007179518807838421,0.000668584789505694,0.0006345602798506764,0.0007195909221708072,HIGH_VARIANCE;idle_baseline_13.54W_pooled_median
SEAL,BGV,4096,3,standard,decrypt,energy_pkg_j_per_op,0.0020057067739771965,9.518795588634479e-05,0.001970163007103776,0.002041250540850617,0.0019905090543259557,0.0019532228370221327,0.002046590543259557,
SEAL,BGV,4096,3,standard,decrypt,idle_power_w,15.8549,,,,,,,cell_reading_not_used_for_correction
SEAL,BGV,4096,3,standard,decrypt,peak_memory_mb,6.772135416666667,0.0820622461280663,6.568281496349,6.975989336984334,6.76953125,6.73046875,6.8125,n=3_invocations_inner_loop_1
SEAL,BGV,4096,3,standard,encrypt,latency_ms,0.93929166,0.008565093340042266,0.9375921596602768,0.9409911603397232,0.9368245,0.93530925,0.9400835,
SEAL,BGV,4096,3,standard,encrypt,energy_net_j_per_op,0.006164153158974444,0.0007538800675034775,0.005882649715389035,0.006445656602559854,0.0060402571176342585,0.00572793577350463,0.006377314960848148,HIGH_VARIANCE;idle_baseline_13.54W_pooled_median
SEAL,BGV,4096,3,standard,encrypt,energy_pkg_j_per_op,0.01814471111111111,0.0007718587618181514,0.017856494312737704,0.018432927909484517,0.018017166666666667,0.017720888888888887,0.01834302314814815,
SEAL,BGV,4096,3,standard,encrypt,idle_power_w,12.8281,,,,,,,cell_reading_not_used_for_correction
SEAL,BGV,4096,3,standard,encrypt,peak_memory_mb,6.8359375,0.075442218421203,6.648528640161784,7.023346359838216,6.8515625,6.802734375,6.876953125,n=3_invocations_inner_loop_1
SEAL,BGV,4096,3,standard,keygen,latency_ms,24.846594,0.7609731349297743,24.69560042059705,24.99758757940295,25.0409,24.57775,25.310025,
SEAL,BGV,4096,3,standard,keygen,energy_net_j_per_op,0.1345484534368333,0.03371745504367361,0.12195814880766023,0.14713875806600638,0.12925684805749996,0.11386318635,0.15497485336624992,HIGH_VARIANCE;idle_baseline_13.54W_pooled_median
SEAL,BGV,4096,3,standard,keygen,energy_pkg_j_per_op,0.4722417,0.035792629216323875,0.4588765125999174,0.48560688740008257,0.470977,0.44462925,0.49319549999999995,HIGH_VARIANCE
SEAL,BGV,4096,3,standard,keygen,idle_power_w,13.1771,,,,,,,cell_reading_not_used_for_correction
SEAL,BGV,4096,3,standard,keygen,peak_memory_mb,6.33984375,0.04752158226795484,6.221793595366128,6.457893904633872,6.36328125,6.32421875,6.3671875,n=3_invocations_inner_loop_1
SEAL,BGV,4096,3,standard,multiply,latency_ms,,,,,,,,skipped_depth0_undefined_at_this_config
SEAL,BGV,4096,3,standard,relinearize,latency_ms,,,,,,,,skipped_depth0_undefined_at_this_config
SEAL,BGV,4096,5,standard,add,latency_ms,0.01115729,0.001129735875496498,0.010933125892502452,0.011381454107497548,0.01078415,0.0105162,0.011437975,HIGH_VARIANCE
SEAL,BGV,4096,5,standard,add,energy_net_j_per_op,0.00015032723487887897,0.00010500908703905971,0.00011111619736312863,0.00018953827239462931,0.00012195724952092814,0.0001046853471952348,0.00014616730903703034,HIGH_VARIANCE;idle_baseline_13.54W_pooled_median
SEAL,BGV,4096,5,standard,add,energy_pkg_j_per_op,0.00030744064405771235,0.0001551903832960702,0.000249491602569118,0.0003653896855463067,0.00026580310129406515,0.00024748549754573853,0.0002951019634091923,HIGH_VARIANCE
SEAL,BGV,4096,5,standard,add,idle_power_w,21.5449,,,,,,,cell_reading_not_used_for_correction
SEAL,BGV,4096,5,standard,add,peak_memory_mb,6.846354166666667,0.07332243867344317,6.6642111316404655,7.028497201692868,6.88671875,6.82421875,6.888671875,n=3_invocations_inner_loop_1
SEAL,BGV,4096,5,standard,decrypt,latency_ms,0.10088180100000001,0.001883795149465701,0.10050801517311139,0.10125558682688862,0.1003345,0.09999465000000002,0.10138124999999999,
SEAL,BGV,4096,5,standard,decrypt,energy_net_j_per_op,0.0007588835187715322,0.0002569502064758591,0.0006629367348321855,0.0008548303027108788,0.0006660137541559677,0.0006233982990908871,0.0007382822807258465,HIGH_VARIANCE;idle_baseline_13.54W_pooled_median
SEAL,BGV,4096,5,standard,decrypt,energy_pkg_j_per_op,0.0020518832661290324,0.0002777645976698152,0.0019481642607849787,0.002155602271473086,0.0019489949596774195,0.0019079037298387097,0.0020285841733870967,HIGH_VARIANCE
SEAL,BGV,4096,5,standard,decrypt,idle_power_w,13.0948,,,,,,,cell_reading_not_used_for_correction
SEAL,BGV,4096,5,standard,decrypt,peak_memory_mb,6.8515625,0.09235617513700695,6.622137042429143,7.080987957570857,6.86328125,6.80859375,6.900390625,n=3_invocations_inner_loop_1
SEAL,BGV,4096,5,standard,encrypt,latency_ms,1.0219876,0.022831202941977855,1.017457394009742,1.0265178059902582,1.017705,1.0077125,1.028625,
SEAL,BGV,4096,5,standard,encrypt,energy_net_j_per_op,0.006262011762958332,0.0005675528188811643,0.006050084057453747,0.0064739394684629175,0.0062337720183795915,0.0058184272574395395,0.006631535216794132,HIGH_VARIANCE;idle_baseline_13.54W_pooled_median
SEAL,BGV,4096,5,standard,encrypt,energy_pkg_j_per_op,0.01820923333333333,0.0005739320469649765,0.01799492358491447,0.018423543081752192,0.01818862244897959,0.01776513775510204,0.018593510204081634,
SEAL,BGV,4096,5,standard,encrypt,idle_power_w,12.8711,,,,,,,cell_reading_not_used_for_correction
SEAL,BGV,4096,5,standard,encrypt,peak_memory_mb,6.83984375,0.11301153235538619,6.559107540613293,7.120579959386707,6.79296875,6.775390625,6.880859375,n=3_invocations_inner_loop_1
SEAL,BGV,4096,5,standard,keygen,latency_ms,22.449729,0.7517918364229031,22.30055718941054,22.598900810589463,22.6251,22.3411,22.928350000000002,
SEAL,BGV,4096,5,standard,keygen,energy_net_j_per_op,0.26294620798516666,0.05565848135973771,0.2421629894828043,0.283729426487529,0.24944179075499998,0.2286614434525,0.28339212342875,HIGH_VARIANCE;idle_baseline_13.54W_pooled_median
SEAL,BGV,4096,5,standard,keygen,energy_pkg_j_per_op,0.5699132666666666,0.05647432675725367,0.5488254064862259,0.5910011268471074,0.555277,0.534728,0.591549,HIGH_VARIANCE
SEAL,BGV,4096,5,standard,keygen,idle_power_w,21.5399,,,,,,,cell_reading_not_used_for_correction
SEAL,BGV,4096,5,standard,keygen,peak_memory_mb,6.033854166666667,0.028793417171218725,5.962327353221483,6.105380980111851,6.0234375,6.017578125,6.044921875,n=3_invocations_inner_loop_1
SEAL,BGV,4096,5,standard,multiply,latency_ms,,,,,,,,skipped_depth0_undefined_at_this_config
SEAL,BGV,4096,5,standard,relinearize,latency_ms,,,,,,,,skipped_depth0_undefined_at_this_config
SEAL,BGV,8192,1,standard,add,latency_ms,0.057699738,0.001581160341589094,0.057386001484704276,0.058013474515295725,0.05770665,0.057240125,0.05807422499999999,
SEAL,BGV,8192,1,standard,add,energy_net_j_per_op,0.0006850320448911759,0.00011679346694618052,0.0006414206476002178,0.000728643442182134,0.0006465686668146683,0.0006239239506174509,0.0007121433519319162,HIGH_VARIANCE;idle_baseline_13.54W_pooled_median
SEAL,BGV,8192,1,standard,add,energy_pkg_j_per_op,0.0015010618223760092,0.00013967734167881122,0.0014489054458270833,0.0015532181989249352,0.0014517277970011533,0.0014238823529411765,0.0015332128027681661,HIGH_VARIANCE
SEAL,BGV,8192,1,standard,add,idle_power_w,33.5148,,,,,,,cell_reading_not_used_for_correction
SEAL,BGV,8192,1,standard,add,peak_memory_mb,17.920572916666668,0.024808019379241732,17.85894638017286,17.982199453160476,17.90625,17.90625,17.927734375,n=3_invocations_inner_loop_1
SEAL,BGV,8192,1,standard,decrypt,latency_ms,0.52700823,0.010066871836013774,0.5250107442253533,0.5290057157746466,0.5237485,0.5223234999999999,0.526719,
SEAL,BGV,8192,1,standard,decrypt,energy_net_j_per_op,0.00370083925130228,0.0005081318506160821,0.003511099699999985,0.003890578802604575,0.0036161231343513145,0.0034401280340184207,0.0037851517026986827,HIGH_VARIANCE;idle_baseline_13.54W_pooled_median
SEAL,BGV,8192,1,standard,decrypt,energy_pkg_j_per_op,0.01037032596491228,0.0005263101232978721,0.010173798535034943,0.010566853394789617,0.010282684210526315,0.010130665789473685,0.010422936842105263,HIGH_VARIANCE
SEAL,BGV,8192,1,standard,decrypt,idle_power_w,13.44,,,,,,,cell_reading_not_used_for_correction
SEAL,BGV,8192,1,standard,decrypt,peak_memory_mb,17.953125,0.07928821535228296,17.75616215414601,18.15008784585399,17.9375,17.91015625,17.98828125,n=3_invocations_inner_loop_1
SEAL,BGV,8192,1,standard,encrypt,latency_ms,3.4213682,0.10381506999633255,3.4007690378283146,3.441967362171685,3.391235,3.3777225,3.41987,
SEAL,BGV,8192,1,standard,encrypt,energy_net_j_per_op,0.03214659788732222,0.011460804027209212,0.027867063331380358,0.036426132443264085,0.028608968186083324,0.022814488987666665,0.036308159603000004,HIGH_VARIANCE;idle_baseline_13.54W_pooled_median
SEAL,BGV,8192,1,standard,encrypt,energy_pkg_j_per_op,0.07678561555555556,0.012803566061998674,0.07200468541561751,0.08156654569549361,0.07369006666666666,0.06557861666666667,0.08423459999999999,HIGH_VARIANCE
SEAL,BGV,8192,1,standard,encrypt,idle_power_w,13.0121,,,,,,,cell_reading_not_used_for_correction
SEAL,BGV,8192,1,standard,encrypt,peak_memory_mb,17.2578125,0.04436647145156464,17.147600075129873,17.368024924870127,17.27734375,17.2421875,17.283203125,n=3_invocations_inner_loop_1
SEAL,BGV,8192,1,standard,keygen,latency_ms,66.481094,1.270054289448075,66.22908767494421,66.73310032505579,66.5376,65.450325,67.2017,
SEAL,BGV,8192,1,standard,keygen,energy_net_j_per_op,0.41066394291883324,0.10278759631016282,0.3722824236740042,0.44904546216366226,0.3981963786424999,0.3485967215200001,0.4390901641899999,HIGH_VARIANCE;idle_baseline_13.54W_pooled_median
SEAL,BGV,8192,1,standard,keygen,energy_pkg_j_per_op,1.3108361,0.1044340184503082,1.2718397966243462,1.3498324033756537,1.2949994999999999,1.2378545,1.3376115,HIGH_VARIANCE
SEAL,BGV,8192,1,standard,keygen,idle_power_w,19.3333,,,,,,,cell_reading_not_used_for_correction
SEAL,BGV,8192,1,standard,keygen,peak_memory_mb,16.078125,0.09858929268846846,15.833215620057784,16.323034379942214,16.10546875,16.037109375,16.1328125,n=3_invocations_inner_loop_1
SEAL,BGV,8192,1,standard,multiply,latency_ms,0.4454177,0.006886450208543404,0.44405127887599527,0.4467841211240048,0.4443995,0.443299,0.4452385,
SEAL,BGV,8192,1,standard,multiply,energy_net_j_per_op,0.005278280502184955,0.0007375803023360193,0.00500286349094079,0.005553697513429119,0.005287801665386061,0.004852050053422565,0.005860371035063384,HIGH_VARIANCE;idle_baseline_13.54W_pooled_median
SEAL,BGV,8192,1,standard,multiply,energy_pkg_j_per_op,0.011334282300884955,0.0007918004779864161,0.01103861914331683,0.01162994545845308,0.011305438053097345,0.010879526548672566,0.011926353982300885,HIGH_VARIANCE
SEAL,BGV,8192,1,standard,multiply,idle_power_w,23.4221,,,,,,,cell_reading_not_used_for_correction
SEAL,BGV,8192,1,standard,multiply,peak_memory_mb,19.266927083333332,0.09570976805175548,19.02917083913309,19.504683327533574,19.265625,19.21875,19.314453125,n=3_invocations_inner_loop_1
SEAL,BGV,8192,1,standard,relinearize,latency_ms,2.4190173,0.03678544554232658,2.411718269538326,2.4263163304616744,2.43152,2.3799725,2.442665,
SEAL,BGV,8192,1,standard,relinearize,energy_net_j_per_op,0.02026495294091587,0.009953359237591967,0.016548307520241105,0.023981598361590632,0.01499139070038095,0.01405969022961904,0.022471812911833325,HIGH_VARIANCE;idle_baseline_13.54W_pooled_median
SEAL,BGV,8192,1,standard,relinearize,energy_pkg_j_per_op,0.05130558253968254,0.011074433116582214,0.04717032125283361,0.055440843826531465,0.0454132619047619,0.044588226190476185,0.05304533333333333,HIGH_VARIANCE
SEAL,BGV,8192,1,standard,relinearize,idle_power_w,13.9615,,,,,,,cell_reading_not_used_for_correction
SEAL,BGV,8192,1,standard,relinearize,peak_memory_mb,19.278645833333332,0.1410763878206443,18.928192658110554,19.62909900855611,19.23046875,19.19921875,19.333984375,n=3_invocations_inner_loop_1
SEAL,BGV,8192,3,standard,add,latency_ms,0.038218244,0.002237890499723236,0.03777419797346549,0.038662290026534506,0.038347149999999997,0.036930125,0.038911825000000004,HIGH_VARIANCE
SEAL,BGV,8192,3,standard,add,energy_net_j_per_op,0.0003894224616715537,6.756812642467857e-05,0.00036419210861533157,0.0004146528147277758,0.00037558359652442504,0.00035512401625170453,0.00038542111375617456,HIGH_VARIANCE;idle_baseline_13.54W_pooled_median
SEAL,BGV,8192,3,standard,add,energy_pkg_j_per_op,0.0009024599949070538,0.00010315046733720633,0.000863942977393875,0.0009409770124202326,0.0008745840336134453,0.0008602790297937357,0.0008973460656990069,HIGH_VARIANCE
SEAL,BGV,8192,3,standard,add,idle_power_w,12.5876,,,,,,,cell_reading_not_used_for_correction
SEAL,BGV,8192,3,standard,add,peak_memory_mb,13.44140625,0.11841801868143842,13.147239584042683,13.735572915957317,13.375,13.373046875,13.4765625,n=3_invocations_inner_loop_1
SEAL,BGV,8192,3,standard,decrypt,latency_ms,0.39309297,0.015743332174243983,0.3899691513425409,0.3962167886574591,0.388863,0.38563525000000004,0.39411025,
SEAL,BGV,8192,3,standard,decrypt,energy_net_j_per_op,0.0028456713410666664,0.0014255540009309707,0.00231336072883898,0.0033779819532943527,0.00248398650225,0.002313527332025,0.0026545696381374993,HIGH_VARIANCE;idle_baseline_13.54W_pooled_median
SEAL,BGV,8192,3,standard,decrypt,energy_pkg_j_per_op,0.00762733984375,0.0014918276600022276,0.007070282240519692,0.008184397446980308,0.0072442734375000005,0.007092798828125001,0.00743380078125,HIGH_VARIANCE
SEAL,BGV,8192,3,standard,decrypt,idle_power_w,15.3508,,,,,,,cell_reading_not_used_for_correction
SEAL,BGV,8192,3,standard,decrypt,peak_memory_mb,13.372395833333334,0.0509811769543018,13.245751569071736,13.499040097594932,13.3671875,13.345703125,13.396484375,n=3_invocations_inner_loop_1
SEAL,BGV,8192,3,standard,encrypt,latency_ms,2.6152176,0.022732936418822403,2.6107068922198433,2.6197283077801563,2.609025,2.6058425,2.615625,
SEAL,BGV,8192,3,standard,encrypt,energy_net_j_per_op,0.027753137865499995,0.005074240071607749,0.0258583854833778,0.02964789024762219,0.026927481256749985,0.025510385214499998,0.028461967295,HIGH_VARIANCE;idle_baseline_13.54W_pooled_median
SEAL,BGV,8192,3,standard,encrypt,energy_pkg_j_per_op,0.063860865,0.0053658240183005156,0.061857233382802586,0.06586449661719743,0.06286985,0.061257075,0.0646405,HIGH_VARIANCE
SEAL,BGV,8192,3,standard,encrypt,idle_power_w,20.2817,,,,,,,cell_reading_not_used_for_correction
SEAL,BGV,8192,3,standard,encrypt,peak_memory_mb,12.8828125,0.09858929268846846,12.637903120057784,13.127721879942216,12.8984375,12.837890625,12.935546875,n=3_invocations_inner_loop_1
SEAL,BGV,8192,3,standard,keygen,latency_ms,45.213267,0.9194781588801203,45.03082258505366,45.39571141494634,45.36905,44.72259999999999,45.69425,
SEAL,BGV,8192,3,standard,keygen,energy_net_j_per_op,0.2966054534801666,0.0425245079895051,0.28072654123426655,0.31248436572606664,0.2878695845924999,0.27642930153499995,0.30739292894249987,HIGH_VARIANCE;idle_baseline_13.54W_pooled_median
SEAL,BGV,8192,3,standard,keygen,energy_pkg_j_per_op,0.9047597333333333,0.04377940779748911,0.8884122337981154,0.9211072328685511,0.8968119999999999,0.8850825,0.910739,
SEAL,BGV,8192,3,standard,keygen,idle_power_w,13.1529,,,,,,,cell_reading_not_used_for_correction
SEAL,BGV,8192,3,standard,keygen,peak_memory_mb,12.072916666666666,0.13645808484392133,11.733935992032656,12.411897341300676,11.99609375,11.994140625,12.11328125,n=3_invocations_inner_loop_1
SEAL,BGV,8192,3,standard,multiply,latency_ms,0.30561687,0.005401178067633288,0.3045451590919665,0.30668858090803347,0.304605,0.30377849999999995,0.30575825,
SEAL,BGV,8192,3,standard,multiply,energy_net_j_per_op,0.002446113629779634,0.0002316524831890461,0.0023596131709615917,0.0025326140885976764,0.002453350024292683,0.0022916174862573162,0.002585656679005792,HIGH_VARIANCE;idle_baseline_13.54W_pooled_median
SEAL,BGV,8192,3,standard,multiply,energy_pkg_j_per_op,0.0062782081300813,0.0002325226526654506,0.006191382744640749,0.006365033515521852,0.006279829268292683,0.006117920731707317,0.006420224085365854,
SEAL,BGV,8192,3,standard,multiply,idle_power_w,13.6166,,,,,,,cell_reading_not_used_for_correction
SEAL,BGV,8192,3,standard,multiply,peak_memory_mb,14.11328125,0.0723447624119224,13.933566897444926,14.292995602555074,14.0859375,14.072265625,14.140625,n=3_invocations_inner_loop_1
SEAL,BGV,8192,3,standard,relinearize,latency_ms,1.6099548,0.054812444017317045,1.5990788219422958,1.620830778057704,1.5931250000000001,1.587215,1.6057525000000001,
SEAL,BGV,8192,3,standard,relinearize,energy_net_j_per_op,0.010418805472516664,0.0015590752567437337,0.009836637203980845,0.011000973741052484,0.010171698425499998,0.009238289517249998,0.01097651840375,HIGH_VARIANCE;idle_baseline_13.54W_pooled_median
SEAL,BGV,8192,3,standard,relinearize,energy_pkg_j_per_op,0.029358266666666667,0.0015777504719184296,0.028769124958179338,0.029947408375153996,0.029037171875,0.0281687734375,0.0299085390625,HIGH_VARIANCE
SEAL,BGV,8192,3,standard,relinearize,idle_power_w,13.6208,,,,,,,cell_reading_not_used_for_correction
SEAL,BGV,8192,3,standard,relinearize,peak_memory_mb,14.141927083333334,0.07227442232488498,13.962387465241116,14.321466701425551,14.1796875,14.119140625,14.18359375,n=3_invocations_inner_loop_1
SEAL,BGV,8192,5,standard,add,latency_ms,0.022140261,0.002221861408859879,0.021699395492846454,0.02258112650715355,0.0216601,0.020743200000000003,0.022666075,HIGH_VARIANCE
SEAL,BGV,8192,5,standard,add,energy_net_j_per_op,0.00019507552217274684,2.0221271955023732e-05,0.00018752477513168651,0.00020262626921380717,0.00019356342038873723,0.00018107807599404324,0.00020351588736760505,HIGH_VARIANCE;idle_baseline_13.54W_pooled_median
SEAL,BGV,8192,5,standard,add,energy_pkg_j_per_op,0.0004515691751512469,2.2922287047399645e-05,0.0004430098524992172,0.0004601284978032766,0.0004472538733953076,0.00043721193005754764,0.0004577534307215582,HIGH_VARIANCE
SEAL,BGV,8192,5,standard,add,idle_power_w,13.1119,,,,,,,cell_reading_not_used_for_correction
SEAL,BGV,8192,5,standard,add,peak_memory_mb,9.2578125,0.04800080362283011,9.138571893526207,9.377053106473793,9.27734375,9.240234375,9.28515625,n=3_invocations_inner_loop_1
SEAL,BGV,8192,5,standard,decrypt,latency_ms,0.21388327,0.004848114180604849,0.21292129896596174,0.21484524103403824,0.21271849999999998,0.211981,0.21347824999999998,
SEAL,BGV,8192,5,standard,decrypt,energy_net_j_per_op,0.001419517374583732,0.00014691812365236,0.0013646572456109554,0.0014743775035565086,0.0014293038326049143,0.0013103538305565166,0.0015233632341568378,HIGH_VARIANCE;idle_baseline_13.54W_pooled_median
SEAL,BGV,8192,5,standard,decrypt,energy_pkg_j_per_op,0.004117393732193732,0.00014978960021414976,0.004061461376251226,0.0041733260881362385,0.004129378205128206,0.0040047190170940175,0.004218738247863248,
SEAL,BGV,8192,5,standard,decrypt,idle_power_w,13.02,,,,,,,cell_reading_not_used_for_correction
SEAL,BGV,8192,5,standard,decrypt,peak_memory_mb,9.225260416666666,0.06859149578680168,9.054869695277308,9.395651138056024,9.21875,9.189453125,9.2578125,n=3_invocations_inner_loop_1
SEAL,BGV,8192,5,standard,encrypt,latency_ms,2.1015389,0.09649568048002476,2.082392063503667,2.120685736496333,2.06954,2.0549850000000003,2.0960799999999997,
SEAL,BGV,8192,5,standard,encrypt,energy_net_j_per_op,0.012501184880027775,0.002233354648914764,0.01166723654856577,0.01333513321148978,0.011953166278416664,0.0113132430555,0.012528830607999997,HIGH_VARIANCE;idle_baseline_13.54W_pooled_median
SEAL,BGV,8192,5,standard,encrypt,energy_pkg_j_per_op,0.03688418194444444,0.0022937993688372936,0.03602766318362874,0.037740700705260144,0.03626125,0.03589731249999999,0.0368099375,HIGH_VARIANCE
SEAL,BGV,8192,5,standard,encrypt,idle_power_w,12.731,,,,,,,cell_reading_not_used_for_correction
SEAL,BGV,8192,5,standard,encrypt,peak_memory_mb,9.006510416666666,0.0828026723728367,8.800817175591595,9.212203657741737,9.01953125,8.96875,9.05078125,n=3_invocations_inner_loop_1
SEAL,BGV,8192,5,standard,keygen,latency_ms,26.161731,0.758324199970973,26.011263026761938,26.31219897323806,26.281950000000002,25.846175,26.648325,
SEAL,BGV,8192,5,standard,keygen,energy_net_j_per_op,0.1476152849933333,0.014744660963256578,0.1421095381052357,0.1531210318814309,0.14563616450999997,0.13676348477249994,0.15840150219625002,HIGH_VARIANCE;idle_baseline_13.54W_pooled_median
SEAL,BGV,8192,5,standard,keygen,energy_pkg_j_per_op,0.49934703333333336,0.018096318083280483,0.4925897571083098,0.5061043095583568,0.49678500000000003,0.48908424999999994,0.51637675,
SEAL,BGV,8192,5,standard,keygen,idle_power_w,13.1973,,,,,,,cell_reading_not_used_for_correction
SEAL,BGV,8192,5,standard,keygen,peak_memory_mb,8.173177083333334,0.07557693677568464,7.985433564550285,8.360920602116382,8.21484375,8.150390625,8.216796875,n=3_invocations_inner_loop_1
SEAL,BGV,8192,5,standard,multiply,latency_ms,,,,,,,,skipped_depth0_undefined_at_this_config
SEAL,BGV,8192,5,standard,relinearize,latency_ms,,,,,,,,skipped_depth0_undefined_at_this_config
SEAL,CKKS,16384,1,standard,add,latency_ms,0.35232759,0.19377120655942892,0.3138791787215428,0.39077600127845724,0.28761349999999997,0.2867095,0.32526174999999996,HIGH_VARIANCE
SEAL,CKKS,16384,1,standard,add,energy_net_j_per_op,0.0038940083003804688,0.000999026851648612,0.003520965543188753,0.004267051057572184,0.0034671438522063374,0.0031898158794551055,0.004799296188772887,HIGH_VARIANCE;idle_baseline_13.54W_pooled_median
SEAL,CKKS,16384,1,standard,add,energy_pkg_j_per_op,0.00835293427230047,0.0010797713936769105,0.007949741007605666,0.008756127536995274,0.00792437676056338,0.007519160211267605,0.00920369014084507,HIGH_VARIANCE
SEAL,CKKS,16384,1,standard,add,idle_power_w,15.1169,,,,,,,cell_reading_not_used_for_correction
SEAL,CKKS,16384,1,standard,add,peak_memory_mb,95.21744791666667,0.03544442080420885,95.12939909427578,95.30549673905756,95.203125,95.197265625,95.23046875,n=3_invocations_inner_loop_1
SEAL,CKKS,16384,1,standard,decrypt,latency_ms,0.70898302,0.007448014543894277,0.7075051723286343,0.7104608676713657,0.707273,0.70661675,0.70870075,
SEAL,CKKS,16384,1,standard,decrypt,energy_net_j_per_op,0.006801589273219553,0.0011614955343464122,0.006367879712877474,0.007235298833561632,0.006577052813594013,0.006419961751643307,0.007018858300618484,HIGH_VARIANCE;idle_baseline_13.54W_pooled_median
SEAL,CKKS,16384,1,standard,decrypt,energy_pkg_j_per_op,0.01712199577464789,0.0012904585431176175,0.01664013063541585,0.017603860913879926,0.016885978873239435,0.016673975352112676,0.017324545774647888,HIGH_VARIANCE
SEAL,CKKS,16384,1,standard,decrypt,idle_power_w,12.4334,,,,,,,cell_reading_not_used_for_correction
SEAL,CKKS,16384,1,standard,decrypt,peak_memory_mb,91.24479166666667,0.0878978584986337,91.02644128158812,91.46314205174522,91.24609375,91.201171875,91.2890625,n=3_invocations_inner_loop_1
SEAL,CKKS,16384,1,standard,encrypt,latency_ms,11.25293,0.06599895392498217,11.239834375683508,11.266025624316491,11.234950000000001,11.2157,11.2589,
SEAL,CKKS,16384,1,standard,encrypt,energy_net_j_per_op,0.07621201215049998,0.011378341707934655,0.07196326953062654,0.08046075477037343,0.07252987929249999,0.06991636030624998,0.07916967984374998,HIGH_VARIANCE;idle_baseline_13.54W_pooled_median
SEAL,CKKS,16384,1,standard,encrypt,energy_pkg_j_per_op,0.233798,0.011861381932862694,0.22936888719583742,0.2382271128041626,0.2298985,0.2270978,0.23684915,HIGH_VARIANCE
SEAL,CKKS,16384,1,standard,encrypt,idle_power_w,14.3051,,,,,,,cell_reading_not_used_for_correction
SEAL,CKKS,16384,1,standard,encrypt,peak_memory_mb,91.21614583333333,0.06130863211975809,91.06384674822881,91.36844491843785,91.1953125,91.181640625,91.240234375,n=3_invocations_inner_loop_1
SEAL,CKKS,16384,1,standard,keygen,latency_ms,266.09874,1.811023097309886,265.73939372706036,266.4580862729397,266.05150000000003,264.749,267.19350000000003,
SEAL,CKKS,16384,1,standard,keygen,energy_net_j_per_op,1.9500757798949997,0.2134781826913961,1.8703617164140656,2.0297898433759336,1.936830972925,1.8100619298249994,2.1167658164625003,HIGH_VARIANCE;idle_baseline_13.54W_pooled_median
SEAL,CKKS,16384,1,standard,keygen,energy_pkg_j_per_op,5.5609744,0.21095118847988473,5.482203931665197,5.6397448683348035,5.5528895,5.3997684999999995,5.74284025,
SEAL,CKKS,16384,1,standard,keygen,idle_power_w,12.9245,,,,,,,cell_reading_not_used_for_correction
SEAL,CKKS,16384,1,standard,keygen,peak_memory_mb,87.98307291666667,0.09760415277036542,87.74061075994636,88.22553507338698,87.9609375,87.9296875,88.025390625,n=3_invocations_inner_loop_1
SEAL,CKKS,16384,1,standard,multiply,latency_ms,2.2849221,0.13799973168832796,2.2575399593069645,2.312304240693036,2.2275799999999997,2.2262575,2.26243,HIGH_VARIANCE
SEAL,CKKS,16384,1,standard,multiply,energy_net_j_per_op,0.02782880085309697,0.011481083605923635,0.023541693778012268,0.03211590792818167,0.025074894860181815,0.02366867967984091,0.027979488045579544,HIGH_VARIANCE;idle_baseline_13.54W_pooled_median
SEAL,CKKS,16384,1,standard,multiply,energy_pkg_j_per_op,0.060630363636363635,0.012690779891505131,0.05589154854462933,0.06536917872809794,0.05766206818181818,0.05630288636363636,0.06056957954545455,HIGH_VARIANCE
SEAL,CKKS,16384,1,standard,multiply,idle_power_w,20.2026,,,,,,,cell_reading_not_used_for_correction
SEAL,CKKS,16384,1,standard,multiply,peak_memory_mb,98.23177083333333,0.027436598314720673,98.16361454477759,98.29992712188907,98.234375,98.21875,98.24609375,n=3_invocations_inner_loop_1
SEAL,CKKS,16384,1,standard,relinearize,latency_ms,17.958671,1.4938315022214832,17.66226242104783,18.255079578952166,17.4018,17.1991,17.959775,HIGH_VARIANCE
SEAL,CKKS,16384,1,standard,relinearize,energy_net_j_per_op,0.11455480776188887,0.01673017892668255,0.10830765628160456,0.12080195924217317,0.10991266661999996,0.10650844381291663,0.11666265565166663,HIGH_VARIANCE;idle_baseline_13.54W_pooled_median
SEAL,CKKS,16384,1,standard,relinearize,energy_pkg_j_per_op,0.3529419555555556,0.01730158014791755,0.34648143935271103,0.3594024717584001,0.3480223333333333,0.34494016666666666,0.3540860833333333,
SEAL,CKKS,16384,1,standard,relinearize,idle_power_w,12.8972,,,,,,,cell_reading_not_used_for_correction
SEAL,CKKS,16384,1,standard,relinearize,peak_memory_mb,98.83723958333333,0.09768228819537006,98.59458332745714,99.07989583920951,98.83984375,98.7890625,98.88671875,n=3_invocations_inner_loop_1
SEAL,CKKS,2048,1,standard,add,latency_ms,0.0054197087,0.00043292304514484423,0.005333807375509119,0.005505610024490882,0.005293015,0.0052324599999999995,0.0053811825,HIGH_VARIANCE
SEAL,CKKS,2048,1,standard,add,energy_net_j_per_op,5.15809861428854e-05,7.393394169807583e-06,4.882024738840769e-05,5.434172489736311e-05,4.9693888127185123e-05,4.7597518521448135e-05,5.3332192653366516e-05,HIGH_VARIANCE;idle_baseline_13.54W_pooled_median
SEAL,CKKS,2048,1,standard,add,energy_pkg_j_per_op,0.00012346113158465209,7.832648242115308e-06,0.00012053637266397868,0.00012638589050532548,0.00012097664209841752,0.00011869721439410363,0.00012536949924127466,HIGH_VARIANCE
SEAL,CKKS,2048,1,standard,add,idle_power_w,15.5053,,,,,,,cell_reading_not_used_for_correction
SEAL,CKKS,2048,1,standard,add,peak_memory_mb,5.803385416666667,0.08008606413896761,5.604440604553401,6.0023302287799325,5.8046875,5.763671875,5.84375,n=3_invocations_inner_loop_1
SEAL,CKKS,2048,1,standard,decrypt,latency_ms,0.01290197,0.0005099164909843353,0.012800791505469542,0.013003148494530459,0.012770400000000001,0.0125696,0.012949800000000001,
SEAL,CKKS,2048,1,standard,decrypt,energy_net_j_per_op,0.0001066248345449759,1.8973525368614196e-05,9.954000373639987e-05,0.00011370966535355194,0.00010380511529504643,9.484323071291279e-05,0.00011166792698917956,HIGH_VARIANCE;idle_baseline_13.54W_pooled_median
SEAL,CKKS,2048,1,standard,decrypt,energy_pkg_j_per_op,0.00027275708634330923,1.9205638086186146e-05,0.00026558558322157226,0.0002799285894650462,0.0002679144736842105,0.0002628344298245614,0.00027532488390092876,HIGH_VARIANCE
SEAL,CKKS,2048,1,standard,decrypt,idle_power_w,13.5059,,,,,,,cell_reading_not_used_for_correction
SEAL,CKKS,2048,1,standard,decrypt,peak_memory_mb,5.651041666666667,0.01926907368092284,5.6031746340653905,5.698908699267943,5.66015625,5.64453125,5.662109375,n=3_invocations_inner_loop_1
SEAL,CKKS,2048,1,standard,encrypt,latency_ms,0.47676424,0.017601180063813563,0.47327178401494563,0.4802566959850544,0.47227149999999996,0.46706575,0.47934499999999997,
SEAL,CKKS,2048,1,standard,encrypt,energy_net_j_per_op,0.0030557391067596025,0.0005168252891537291,0.0028627533721578206,0.0032487248413613844,0.003002343033546428,0.0028408593261297615,0.003109959997164881,HIGH_VARIANCE;idle_baseline_13.54W_pooled_median
SEAL,CKKS,2048,1,standard,encrypt,energy_pkg_j_per_op,0.008604407936507937,0.0005223478023294239,0.008409360061596023,0.008799455811419851,0.008542957142857143,0.008380704761904764,0.008666471428571429,HIGH_VARIANCE
SEAL,CKKS,2048,1,standard,encrypt,idle_power_w,12.843,,,,,,,cell_reading_not_used_for_correction
SEAL,CKKS,2048,1,standard,encrypt,peak_memory_mb,5.651041666666667,0.06314768569261532,5.494174119227885,5.807909214105449,5.6875,5.6328125,5.6875,n=3_invocations_inner_loop_1
SEAL,CKKS,2048,1,standard,keygen,latency_ms,20.607976,0.6890672036422527,20.47125011737508,20.74470188262492,20.758699999999997,20.543049999999997,20.999699999999997,
SEAL,CKKS,2048,1,standard,keygen,energy_net_j_per_op,0.15619757373566664,0.0737694558433321,0.12865160621846078,0.1837435412528725,0.13809577186249997,0.10738514826374995,0.17918386507875,HIGH_VARIANCE;idle_baseline_13.54W_pooled_median
SEAL,CKKS,2048,1,standard,keygen,energy_pkg_j_per_op,0.43460733333333335,0.07638843923695175,0.40608342134488234,0.46313124532178435,0.418519,0.3842765,0.4621225,HIGH_VARIANCE
SEAL,CKKS,2048,1,standard,keygen,idle_power_w,14.1452,,,,,,,cell_reading_not_used_for_correction
SEAL,CKKS,2048,1,standard,keygen,peak_memory_mb,5.087239583333333,0.021513947450336336,5.033795975143338,5.140683191523328,5.0859375,5.076171875,5.09765625,n=3_invocations_inner_loop_1
SEAL,CKKS,2048,1,standard,multiply,latency_ms,,,,,,,,skipped_depth0_undefined_at_this_config
SEAL,CKKS,2048,1,standard,relinearize,latency_ms,,,,,,,,skipped_depth0_undefined_at_this_config
SEAL,CKKS,2048,3,standard,add,latency_ms,0.0057340121,0.0006396652203677097,0.005607088642640612,0.005860935557359387,0.005532945,0.00533799,0.005850795000000001,HIGH_VARIANCE
SEAL,CKKS,2048,3,standard,add,energy_net_j_per_op,6.142022337640687e-05,2.088093351128904e-05,5.3623154662053683e-05,6.921729209076005e-05,5.658137786776604e-05,4.6697060843613524e-05,6.649778072318807e-05,HIGH_VARIANCE;idle_baseline_13.54W_pooled_median
SEAL,CKKS,2048,3,standard,add,energy_pkg_j_per_op,0.00013646705657492354,2.6256606206128715e-05,0.00012666267868711428,0.0001462714344627328,0.0001301497133027523,0.00011866287270642202,0.00014106909403669725,HIGH_VARIANCE
SEAL,CKKS,2048,3,standard,add,idle_power_w,20.3385,,,,,,,cell_reading_not_used_for_correction
SEAL,CKKS,2048,3,standard,add,peak_memory_mb,5.6796875,0.08450510801868726,5.469765174335244,5.889609825664756,5.65625,5.6328125,5.71484375,n=3_invocations_inner_loop_1
SEAL,CKKS,2048,3,standard,decrypt,latency_ms,0.012876400999999999,0.0005391722761161994,0.012769417522990479,0.01298338447700952,0.012725150000000001,0.01252525,0.01292975,
SEAL,CKKS,2048,3,standard,decrypt,energy_net_j_per_op,0.00012003197106179624,1.5365766090574536e-05,0.0001142942997075862,0.0001257696424160063,0.00011774892746330329,0.00010714788526640701,0.00012852129373022267,HIGH_VARIANCE;idle_baseline_13.54W_pooled_median
SEAL,CKKS,2048,3,standard,decrypt,energy_pkg_j_per_op,0.00029014923618262957,1.752106960851397e-05,0.0002836067612682446,0.0002966917110970145,0.00028633895468589086,0.0002761416709577755,0.000299860517507724,HIGH_VARIANCE
SEAL,CKKS,2048,3,standard,decrypt,idle_power_w,16.297,,,,,,,cell_reading_not_used_for_correction
SEAL,CKKS,2048,3,standard,decrypt,peak_memory_mb,5.58203125,0.03726325005534944,5.489464205275124,5.674598294724876,5.578125,5.5625,5.599609375,n=3_invocations_inner_loop_1
SEAL,CKKS,2048,3,standard,encrypt,latency_ms,0.47906864,0.025877692151762954,0.4739339444564537,0.4842033355435463,0.4723255,0.4683565,0.47932625,HIGH_VARIANCE
SEAL,CKKS,2048,3,standard,encrypt,energy_net_j_per_op,0.002791755273250396,0.00048194319732784095,0.0026117947257993605,0.002971715820701432,0.002744590337804761,0.002447394594835118,0.0030231106869267853,HIGH_VARIANCE;idle_baseline_13.54W_pooled_median
SEAL,CKKS,2048,3,standard,encrypt,energy_pkg_j_per_op,0.008397505396825397,0.0004992588035275208,0.008211079095757714,0.00858393169789308,0.008308490476190476,0.008045219047619047,0.008557083333333333,HIGH_VARIANCE
SEAL,CKKS,2048,3,standard,encrypt,idle_power_w,13.5265,,,,,,,cell_reading_not_used_for_correction
SEAL,CKKS,2048,3,standard,encrypt,peak_memory_mb,5.653645833333333,0.20556427991526965,5.142995853407011,6.164295813259655,5.6171875,5.54296875,5.74609375,n=3_invocations_inner_loop_1
SEAL,CKKS,2048,3,standard,keygen,latency_ms,20.613427,0.7219425264422774,20.470177940096214,20.75667605990379,20.83465,20.403225,21.059199999999997,
SEAL,CKKS,2048,3,standard,keygen,energy_net_j_per_op,0.2326309712675,0.09502348912874731,0.19714861729065913,0.26811332524434084,0.2223322495075,0.17743397572625,0.2745861695074999,HIGH_VARIANCE;idle_baseline_13.54W_pooled_median
SEAL,CKKS,2048,3,standard,keygen,energy_pkg_j_per_op,0.5120483,0.09755944331504449,0.4756190051674584,0.5484775948325415,0.5075115,0.45224349999999996,0.5471825,HIGH_VARIANCE
SEAL,CKKS,2048,3,standard,keygen,idle_power_w,14.3659,,,,,,,cell_reading_not_used_for_correction
SEAL,CKKS,2048,3,standard,keygen,peak_memory_mb,5.18359375,0.06286514429465266,5.027428074303027,5.339759425696973,5.203125,5.158203125,5.21875,n=3_invocations_inner_loop_1
SEAL,CKKS,2048,3,standard,multiply,latency_ms,,,,,,,,skipped_depth0_undefined_at_this_config
SEAL,CKKS,2048,3,standard,relinearize,latency_ms,,,,,,,,skipped_depth0_undefined_at_this_config
SEAL,CKKS,2048,5,standard,add,latency_ms,0.0060767376,0.0006207653965743264,0.005953564277715895,0.0061999109222841044,0.0059980499999999996,0.00566109,0.0062335725,HIGH_VARIANCE
SEAL,CKKS,2048,5,standard,add,energy_net_j_per_op,5.189647557839952e-05,6.425360776353484e-06,4.949720643362434e-05,5.4295744723174704e-05,5.0986195643509595e-05,4.821147761805298e-05,5.271858610612586e-05,HIGH_VARIANCE;idle_baseline_13.54W_pooled_median
SEAL,CKKS,2048,5,standard,add,energy_pkg_j_per_op,0.00012278606959128285,6.886101198846183e-06,0.00012021475714529638,0.00012535738203726932,0.00012168112771904242,0.00011946120427755501,0.00012394498116417548,HIGH_VARIANCE
SEAL,CKKS,2048,5,standard,add,idle_power_w,13.0177,,,,,,,cell_reading_not_used_for_correction
SEAL,CKKS,2048,5,standard,add,peak_memory_mb,5.11328125,0.16955105011102115,4.6920930923523425,5.5344694076476575,5.02734375,5.015625,5.16796875,n=3_invocations_inner_loop_1
SEAL,CKKS,2048,5,standard,decrypt,latency_ms,0.014560356,0.0017168796785359472,0.014219689823801474,0.014901022176198526,0.01405255,0.01369995,0.0147328,HIGH_VARIANCE
SEAL,CKKS,2048,5,standard,decrypt,energy_net_j_per_op,0.000146920338154973,4.624520275417901e-05,0.00012965209565093998,0.00016418858065900602,0.0001383327109466045,0.00012379574531173773,0.00015764324623994682,HIGH_VARIANCE;idle_baseline_13.54W_pooled_median
SEAL,CKKS,2048,5,standard,decrypt,energy_pkg_j_per_op,0.00032236887012230636,5.3006583354823255e-05,0.0003025758866090356,0.0003421618536355771,0.00031212492719860223,0.00029706668608037276,0.0003321947437390798,HIGH_VARIANCE
SEAL,CKKS,2048,5,standard,decrypt,idle_power_w,21.1744,,,,,,,cell_reading_not_used_for_correction
SEAL,CKKS,2048,5,standard,decrypt,peak_memory_mb,4.942708333333333,0.04355658511374409,4.834507777657218,5.050908889009448,4.92578125,4.91796875,4.958984375,n=3_invocations_inner_loop_1
SEAL,CKKS,2048,5,standard,encrypt,latency_ms,0.26938999,0.002767000511055578,0.2688409570680915,0.2699390229319085,0.268627,0.2679375,0.26979975,
SEAL,CKKS,2048,5,standard,encrypt,energy_net_j_per_op,0.002008126298781684,0.00035937237548676175,0.0018739344483935912,0.002142318149169777,0.0019185715061924725,0.0018067303008088705,0.0020769025613418006,HIGH_VARIANCE;idle_baseline_13.54W_pooled_median
SEAL,CKKS,2048,5,standard,encrypt,energy_pkg_j_per_op,0.0054368136200716845,0.0003724235381424201,0.005297748385456141,0.005575878854687228,0.005346779569892473,0.005230991935483871,0.0055320698924731185,HIGH_VARIANCE
SEAL,CKKS,2048,5,standard,encrypt,idle_power_w,12.59,,,,,,,cell_reading_not_used_for_correction
SEAL,CKKS,2048,5,standard,encrypt,peak_memory_mb,5.01171875,0.04225255400934363,4.906757587167622,5.116679912832378,5.0,4.98828125,5.029296875,n=3_invocations_inner_loop_1
SEAL,CKKS,2048,5,standard,keygen,latency_ms,9.0582259,0.3701766388682952,8.984774823807625,9.131676976192376,9.092915000000001,9.032755,9.202835,
SEAL,CKKS,2048,5,standard,keygen,energy_net_j_per_op,0.07295215778836665,0.03316202119036991,0.06056925556858038,0.08533506000815293,0.06724485813200001,0.0498302585265,0.08966485920449999,HIGH_VARIANCE;idle_baseline_13.54W_pooled_median
SEAL,CKKS,2048,5,standard,keygen,energy_pkg_j_per_op,0.19525713333333333,0.03420489265540554,0.18248481650865284,0.20802945015801383,0.190252,0.1665795,0.21244049999999998,HIGH_VARIANCE
SEAL,CKKS,2048,5,standard,keygen,idle_power_w,13.2633,,,,,,,cell_reading_not_used_for_correction
SEAL,CKKS,2048,5,standard,keygen,peak_memory_mb,4.640625,0.05284277054089329,4.5093562809059975,4.7718937190940025,4.63671875,4.61328125,4.666015625,n=3_invocations_inner_loop_1
SEAL,CKKS,2048,5,standard,multiply,latency_ms,,,,,,,,skipped_depth0_undefined_at_this_config
SEAL,CKKS,2048,5,standard,relinearize,latency_ms,,,,,,,,skipped_depth0_undefined_at_this_config
SEAL,CKKS,4096,1,standard,add,latency_ms,0.020612006,0.001181754388060823,0.020377520291059808,0.02084649170894019,0.0202016,0.019714549999999997,0.02152345,HIGH_VARIANCE
SEAL,CKKS,4096,1,standard,add,energy_net_j_per_op,0.00019510024098113516,5.868488827442411e-05,0.00017318694356450174,0.0002170135383977686,0.00017798150075734947,0.0001708922677354039,0.00018973303238607275,HIGH_VARIANCE;idle_baseline_13.54W_pooled_median
SEAL,CKKS,4096,1,standard,add,energy_pkg_j_per_op,0.0004550924292388019,9.278350249264933e-05,0.00042044650001813615,0.0004897383584594676,0.0004308437757625721,0.00042398660346248967,0.000442335737840066,HIGH_VARIANCE
SEAL,CKKS,4096,1,standard,add,idle_power_w,12.727,,,,,,,cell_reading_not_used_for_correction
SEAL,CKKS,4096,1,standard,add,peak_memory_mb,8.986979166666666,0.1128313624004684,8.706690524259495,9.267267809073838,8.92578125,8.921875,9.021484375,n=3_invocations_inner_loop_1
SEAL,CKKS,4096,1,standard,decrypt,latency_ms,0.050914803,0.001868197853464102,0.05054411201502392,0.05128549398497608,0.0506604,0.04994775,0.051376649999999996,
SEAL,CKKS,4096,1,standard,decrypt,energy_net_j_per_op,0.0004361688286167522,0.00011259948209341423,0.0003941234910072876,0.00047821416622621685,0.0004052781817306308,0.0003864910145458126,0.0004372220718234485,HIGH_VARIANCE;idle_baseline_13.54W_pooled_median
SEAL,CKKS,4096,1,standard,decrypt,energy_pkg_j_per_op,0.0010808738555442522,0.0001155563262251882,0.0010377244141905459,0.0011240232968979585,0.0010468336724313327,0.0010312187182095625,0.0010815256866734486,HIGH_VARIANCE
SEAL,CKKS,4096,1,standard,decrypt,idle_power_w,13.4878,,,,,,,cell_reading_not_used_for_correction
SEAL,CKKS,4096,1,standard,decrypt,peak_memory_mb,8.743489583333334,0.08399194491078198,8.534842025497204,8.952137141169464,8.72265625,8.697265625,8.779296875,n=3_invocations_inner_loop_1
SEAL,CKKS,4096,1,standard,encrypt,latency_ms,1.2424278,0.07065999381845603,1.2284073242466427,1.2564482757533573,1.219775,1.2075425,1.2475275,HIGH_VARIANCE
SEAL,CKKS,4096,1,standard,encrypt,energy_net_j_per_op,0.0065197605122658524,0.0011437349115641384,0.00609268287746332,0.006946838147068385,0.006273267963085364,0.0057978368843353625,0.006708923150695122,HIGH_VARIANCE;idle_baseline_13.54W_pooled_median
SEAL,CKKS,4096,1,standard,encrypt,energy_pkg_j_per_op,0.021275469918699188,0.0011560792232372143,0.020843782842163875,0.0217071569952345,0.02101678048780488,0.020536158536585365,0.021536567073170733,HIGH_VARIANCE
SEAL,CKKS,4096,1,standard,encrypt,idle_power_w,19.3333,,,,,,,cell_reading_not_used_for_correction
SEAL,CKKS,4096,1,standard,encrypt,peak_memory_mb,8.71875,0.08567075077914574,8.50593205719556,8.93156794280444,8.75390625,8.6875,8.767578125,n=3_invocations_inner_loop_1
SEAL,CKKS,4096,1,standard,keygen,latency_ms,40.229688,0.9199573357784183,40.047148505961225,40.41222749403878,40.39149999999999,39.7396,40.8531,
SEAL,CKKS,4096,1,standard,keygen,energy_net_j_per_op,0.2514798192556666,0.07088759505066279,0.225009956243726,0.2779496822676072,0.2390834598849999,0.2129578296,0.2622533445824999,HIGH_VARIANCE;idle_baseline_13.54W_pooled_median
SEAL,CKKS,4096,1,standard,keygen,energy_pkg_j_per_op,0.7965337,0.07486722582064405,0.7685778184365171,0.824489581563483,0.7818045,0.75158575,0.81409825,HIGH_VARIANCE
SEAL,CKKS,4096,1,standard,keygen,idle_power_w,12.7036,,,,,,,cell_reading_not_used_for_correction
SEAL,CKKS,4096,1,standard,keygen,peak_memory_mb,8.044270833333334,0.05758683434243745,7.901217206442966,8.187324460223701,8.0234375,8.01171875,8.06640625,n=3_invocations_inner_loop_1
SEAL,CKKS,4096,1,standard,multiply,latency_ms,0.15981624,0.005622521511193923,0.15870060975068298,0.16093187024931702,0.15890300000000002,0.15851325,0.15936150000000002,
SEAL,CKKS,4096,1,standard,multiply,energy_net_j_per_op,0.0012479401746059956,0.000296923868527842,0.0011370669799477442,0.001358813369264247,0.0011873873270551916,0.0011186420093108223,0.0012247283302143771,HIGH_VARIANCE;idle_baseline_13.54W_pooled_median
SEAL,CKKS,4096,1,standard,multiply,energy_pkg_j_per_op,0.0032101046858359957,0.0003489309477046714,0.003079811728658252,0.0033403976430137396,0.0031329121405750796,0.0030653450479233226,0.003169678115015974,HIGH_VARIANCE
SEAL,CKKS,4096,1,standard,multiply,idle_power_w,15.0401,,,,,,,cell_reading_not_used_for_correction
SEAL,CKKS,4096,1,standard,multiply,peak_memory_mb,8.912760416666666,0.09180380071391835,8.68470713323121,9.140813700102122,8.9140625,8.8671875,8.958984375,n=3_invocations_inner_loop_1
SEAL,CKKS,4096,1,standard,relinearize,latency_ms,0.62272867,0.028148182933282844,0.6171434598267425,0.6283138801732575,0.6114525,0.60820375,0.62262975,
SEAL,CKKS,4096,1,standard,relinearize,energy_net_j_per_op,0.003882215344622592,0.0005137162815537551,0.003690390532537868,0.004074040156707316,0.0038990250619688254,0.003567608898657251,0.004144474577206789,HIGH_VARIANCE;idle_baseline_13.54W_pooled_median
SEAL,CKKS,4096,1,standard,relinearize,energy_pkg_j_per_op,0.011342092592592593,0.000532405262285521,0.011143289200412873,0.011540895984772313,0.011337827160493828,0.011014253086419751,0.01159429012345679,
SEAL,CKKS,4096,1,standard,relinearize,idle_power_w,13.5541,,,,,,,cell_reading_not_used_for_correction
SEAL,CKKS,4096,1,standard,relinearize,peak_memory_mb,9.143229166666666,0.14322324798377123,8.78744289515081,9.499015438182521,9.0625,9.060546875,9.185546875,n=3_invocations_inner_loop_1
SEAL,CKKS,4096,3,standard,add,latency_ms,0.010425960599999999,0.0005504370385628665,0.010316741949730252,0.010535179250269746,0.0103943,0.010057125,0.0105859,HIGH_VARIANCE
SEAL,CKKS,4096,3,standard,add,energy_net_j_per_op,0.00013255522235572955,4.704357806859943e-05,0.00011498886160985576,0.00015012158310160335,0.00011720048547773145,9.79521341759742e-05,0.00015394883811946516,HIGH_VARIANCE;idle_baseline_13.54W_pooled_median
SEAL,CKKS,4096,3,standard,add,energy_pkg_j_per_op,0.0002801370239088129,6.387432482113203e-05,0.00025628595903932195,0.0003039880887783038,0.0002591426188490409,0.00023641550250208507,0.0003013240200166806,HIGH_VARIANCE
SEAL,CKKS,4096,3,standard,add,idle_power_w,19.6226,,,,,,,cell_reading_not_used_for_correction
SEAL,CKKS,4096,3,standard,add,peak_memory_mb,6.796875,0.029491540762776366,6.723613951413565,6.870136048586435,6.79296875,6.78125,6.810546875,n=3_invocations_inner_loop_1
SEAL,CKKS,4096,3,standard,decrypt,latency_ms,0.025340352,0.0014663646727299123,0.025049393435916185,0.025631310564083815,0.02494845,0.02469935,0.02587245,HIGH_VARIANCE
SEAL,CKKS,4096,3,standard,decrypt,energy_net_j_per_op,0.0002454407063571248,5.301889353091729e-05,0.00022564312614855594,0.00026523828656569364,0.00023074805311320922,0.00020726207559167042,0.00027044578243853596,HIGH_VARIANCE;idle_baseline_13.54W_pooled_median
SEAL,CKKS,4096,3,standard,decrypt,energy_pkg_j_per_op,0.0005852254474839581,5.8618381901412296e-05,0.0005633369839551408,0.0006071139110127754,0.000571200861195542,0.0005453383991894631,0.0006129209726443769,HIGH_VARIANCE
SEAL,CKKS,4096,3,standard,decrypt,idle_power_w,17.7794,,,,,,,cell_reading_not_used_for_correction
SEAL,CKKS,4096,3,standard,decrypt,peak_memory_mb,6.712239583333333,0.0022552744890219755,6.706637170924805,6.717841995741861,6.7109375,6.7109375,6.712890625,n=3_invocations_inner_loop_1
SEAL,CKKS,4096,3,standard,encrypt,latency_ms,0.89445496,0.008065991566942021,0.8928544922801521,0.8960554277198479,0.892849,0.89031425,0.895685,
SEAL,CKKS,4096,3,standard,encrypt,energy_net_j_per_op,0.005886452672221904,0.0011556674095321543,0.005454919369451262,0.006317985974992547,0.0054926345265285705,0.005264612731492856,0.005876052170510715,HIGH_VARIANCE;idle_baseline_13.54W_pooled_median
SEAL,CKKS,4096,3,standard,encrypt,energy_pkg_j_per_op,0.016926061904761903,0.0011846916736717842,0.016483690763646634,0.017368433045877173,0.01654020535714286,0.01626911160714286,0.016932504464285715,HIGH_VARIANCE
SEAL,CKKS,4096,3,standard,encrypt,idle_power_w,13.5226,,,,,,,cell_reading_not_used_for_correction
SEAL,CKKS,4096,3,standard,encrypt,peak_memory_mb,6.723958333333333,0.013718299157360336,6.689880189055462,6.7580364776112045,6.72265625,6.716796875,6.73046875,n=3_invocations_inner_loop_1
SEAL,CKKS,4096,3,standard,keygen,latency_ms,23.151798,0.8142179693498058,22.990239490292986,23.313356509707013,23.34585,22.870175,23.699375,
SEAL,CKKS,4096,3,standard,keygen,energy_net_j_per_op,0.1581323978843333,0.05862559258362981,0.13624124184252578,0.18002355392614083,0.1413546355575,0.13219183394624998,0.166804065215,HIGH_VARIANCE;idle_baseline_13.54W_pooled_median
SEAL,CKKS,4096,3,standard,keygen,energy_pkg_j_per_op,0.47445513333333333,0.061842861720450094,0.4513626292522347,0.497547637414432,0.462813,0.43603899999999995,0.488436,HIGH_VARIANCE
SEAL,CKKS,4096,3,standard,keygen,idle_power_w,12.5976,,,,,,,cell_reading_not_used_for_correction
SEAL,CKKS,4096,3,standard,keygen,peak_memory_mb,6.12890625,0.1154163023647981,5.842196260744826,6.415616239255174,6.1640625,6.08203125,6.193359375,n=3_invocations_inner_loop_1
SEAL,CKKS,4096,3,standard,multiply,latency_ms,,,,,,,,skipped_depth0_undefined_at_this_config
SEAL,CKKS,4096,3,standard,relinearize,latency_ms,,,,,,,,skipped_depth0_undefined_at_this_config
SEAL,CKKS,4096,5,standard,add,latency_ms,0.0109088576,0.0010787494925528682,0.010694810297036136,0.011122904902963865,0.0105835,0.010399125,0.011145525,HIGH_VARIANCE
SEAL,CKKS,4096,5,standard,add,energy_net_j_per_op,9.916369551086255e-05,1.0286853234709216e-05,9.532252138509222e-05,0.00010300486963663288,9.601534773148688e-05,9.399999168444591e-05,0.00010043030474390859,HIGH_VARIANCE;idle_baseline_13.54W_pooled_median
SEAL,CKKS,4096,5,standard,add,energy_pkg_j_per_op,0.00023149653141361256,1.138923148720525e-05,0.00022724372248333154,0.00023574934034389358,0.00022890652268760906,0.00022493400959860385,0.00023262941753926698,
SEAL,CKKS,4096,5,standard,add,idle_power_w,13.8345,,,,,,,cell_reading_not_used_for_correction
SEAL,CKKS,4096,5,standard,add,peak_memory_mb,6.875,0.08313983067887798,6.668469211262062,7.081530788737938,6.890625,6.837890625,6.919921875,n=3_invocations_inner_loop_1
SEAL,CKKS,4096,5,standard,decrypt,latency_ms,0.025068833,0.0007528099795191587,0.024919459167731466,0.025218206832268532,0.02472995,0.024531175,0.025755,
SEAL,CKKS,4096,5,standard,decrypt,energy_net_j_per_op,0.0002994363356101023,0.0001058590136555321,0.00025990793027996713,0.00033896474094023747,0.0002572329294531642,0.00023147607130656945,0.000325767646555686,HIGH_VARIANCE;idle_baseline_13.54W_pooled_median
SEAL,CKKS,4096,5,standard,decrypt,energy_pkg_j_per_op,0.0006431865497076024,0.00012162041791036811,0.0005977727393047862,0.0006886003601104185,0.0005933295739348371,0.0005627642857142857,0.0006708954887218045,HIGH_VARIANCE
SEAL,CKKS,4096,5,standard,decrypt,idle_power_w,15.4579,,,,,,,cell_reading_not_used_for_correction
SEAL,CKKS,4096,5,standard,decrypt,peak_memory_mb,6.735677083333333,0.06080882515018551,6.584619587570526,6.8867345790961405,6.7421875,6.70703125,6.767578125,n=3_invocations_inner_loop_1
SEAL,CKKS,4096,5,standard,encrypt,latency_ms,0.86493053,0.00999095862829099,0.8629481070527146,0.8669129529472853,0.8629534999999999,0.86165775,0.8652519999999999,
SEAL,CKKS,4096,5,standard,encrypt,energy_net_j_per_op,0.005361403172779884,0.0007564926163246945,0.005078924187432052,0.005643882158127716,0.00525898996947931,0.004844012421612931,0.005645002277323275,HIGH_VARIANCE;idle_baseline_13.54W_pooled_median
SEAL,CKKS,4096,5,standard,encrypt,energy_pkg_j_per_op,0.016651669540229886,0.0007819258729782643,0.016359693620769868,0.016943645459689904,0.016557827586206896,0.016076801724137932,0.017075668103448276,
SEAL,CKKS,4096,5,standard,encrypt,idle_power_w,13.7469,,,,,,,cell_reading_not_used_for_correction
SEAL,CKKS,4096,5,standard,encrypt,peak_memory_mb,6.834635416666667,0.14332974688160804,6.478584587222435,7.190686246110899,6.7578125,6.751953125,6.87890625,n=3_invocations_inner_loop_1
SEAL,CKKS,4096,5,standard,keygen,latency_ms,20.76313,0.7523142564813262,20.61385452993696,20.91240547006304,21.023600000000002,20.598725,21.229475,
SEAL,CKKS,4096,5,standard,keygen,energy_net_j_per_op,0.10886290713399999,0.020840577311800498,0.10108090767219205,0.11664490659580792,0.11162451910500001,0.09387513364249994,0.12095587888374998,HIGH_VARIANCE;idle_baseline_13.54W_pooled_median
SEAL,CKKS,4096,5,standard,keygen,energy_pkg_j_per_op,0.3913265,0.02522603417346234,0.3819069440335596,0.4007460559664404,0.4000035,0.37330225,0.4085255,HIGH_VARIANCE
SEAL,CKKS,4096,5,standard,keygen,idle_power_w,13.5977,,,,,,,cell_reading_not_used_for_correction
SEAL,CKKS,4096,5,standard,keygen,peak_memory_mb,5.990885416666667,0.05876710466873311,5.844899835748688,6.136870997584646,5.99609375,5.962890625,6.021484375,n=3_invocations_inner_loop_1
SEAL,CKKS,4096,5,standard,multiply,latency_ms,,,,,,,,skipped_depth0_undefined_at_this_config
SEAL,CKKS,4096,5,standard,relinearize,latency_ms,,,,,,,,skipped_depth0_undefined_at_this_config
SEAL,CKKS,8192,1,standard,add,latency_ms,0.058538171,0.004170066321888476,0.05771073937148693,0.05936560262851307,0.0579385,0.057417075,0.05843400000000001,HIGH_VARIANCE
SEAL,CKKS,8192,1,standard,add,energy_net_j_per_op,0.0006355136316749269,0.0001247163919664052,0.0005889437655603425,0.0006820834977895112,0.0005805495560996492,0.0005637281090563888,0.0006187588327061183,HIGH_VARIANCE;idle_baseline_13.54W_pooled_median
SEAL,CKKS,8192,1,standard,add,energy_pkg_j_per_op,0.0014014153216374268,0.0001342131949270689,0.0013512992910177481,0.0014515313522571055,0.0013420614035087718,0.0013205888888888889,0.0013834315789473684,HIGH_VARIANCE
SEAL,CKKS,8192,1,standard,add,idle_power_w,13.2174,,,,,,,cell_reading_not_used_for_correction
SEAL,CKKS,8192,1,standard,add,peak_memory_mb,17.459635416666668,0.09377712281266062,17.226680129388296,17.69259070394504,17.4375,17.408203125,17.5,n=3_invocations_inner_loop_1
SEAL,CKKS,8192,1,standard,decrypt,latency_ms,0.14863115,0.0007674658203161466,0.14847886813095654,0.14878343186904344,0.14854450000000002,0.148198,0.1489475,
SEAL,CKKS,8192,1,standard,decrypt,energy_net_j_per_op,0.0012645174055940505,0.0002180129007573021,0.0011831100505588393,0.0013459247606292617,0.0012120158377109053,0.0011489399355318992,0.00126513294548112,HIGH_VARIANCE;idle_baseline_13.54W_pooled_median
SEAL,CKKS,8192,1,standard,decrypt,energy_pkg_j_per_op,0.0031888029673590506,0.0002237149805540695,0.003105266420735442,0.0032723395139826594,0.0031382359050445103,0.0030729005934718107,0.003195782640949555,HIGH_VARIANCE
SEAL,CKKS,8192,1,standard,decrypt,idle_power_w,13.0614,,,,,,,cell_reading_not_used_for_correction
SEAL,CKKS,8192,1,standard,decrypt,peak_memory_mb,16.565104166666668,0.10606985340841824,16.301612043734988,16.828596289598348,16.5078125,16.50390625,16.59765625,n=3_invocations_inner_loop_1
SEAL,CKKS,8192,1,standard,encrypt,latency_ms,2.9753109,0.06374669774128848,2.9626621721734083,2.987959627826592,2.964795,2.9454100000000003,2.9934275,
SEAL,CKKS,8192,1,standard,encrypt,energy_net_j_per_op,0.020598811958894115,0.0025285199976233636,0.019654647074865975,0.021542976842922255,0.019911207198867645,0.01942214840314705,0.021731300012845584,HIGH_VARIANCE;idle_baseline_13.54W_pooled_median
SEAL,CKKS,8192,1,standard,encrypt,energy_pkg_j_per_op,0.057875088235294116,0.002578207386805019,0.056912369775226054,0.05883780669536218,0.05709317647058824,0.056541867647058826,0.05918239705882353,
SEAL,CKKS,8192,1,standard,encrypt,idle_power_w,13.1896,,,,,,,cell_reading_not_used_for_correction
SEAL,CKKS,8192,1,standard,encrypt,peak_memory_mb,16.579427083333332,0.042132004394175616,16.47476538234613,16.684088784320533,16.59765625,16.564453125,16.603515625,n=3_invocations_inner_loop_1
SEAL,CKKS,8192,1,standard,keygen,latency_ms,65.289162,1.6765700628703617,64.95649412607304,65.62182987392697,65.04235,64.17155,65.972775,
SEAL,CKKS,8192,1,standard,keygen,energy_net_j_per_op,0.4391494739156666,0.12420660869581461,0.39276996400273745,0.4855289838285958,0.39073404918749993,0.3586271432299999,0.4877805891849999,HIGH_VARIANCE;idle_baseline_13.54W_pooled_median
SEAL,CKKS,8192,1,standard,keygen,energy_pkg_j_per_op,1.3064215,0.12456974219834477,1.2599063938087636,1.3529366061912362,1.2775979999999998,1.21732125,1.35684775,HIGH_VARIANCE
SEAL,CKKS,8192,1,standard,keygen,idle_power_w,13.5235,,,,,,,cell_reading_not_used_for_correction
SEAL,CKKS,8192,1,standard,keygen,peak_memory_mb,15.180989583333334,0.11484197844438607,14.895706293787615,15.466272872879053,15.1484375,15.1171875,15.228515625,n=3_invocations_inner_loop_1
SEAL,CKKS,8192,1,standard,multiply,latency_ms,0.45126305,0.011207046401165597,0.4490393288553592,0.4534867711446408,0.4468015,0.44588275,0.45028674999999996,
SEAL,CKKS,8192,1,standard,multiply,energy_net_j_per_op,0.004099922978023798,0.001443900183607557,0.003560761788598589,0.004639084167449007,0.003693165226479954,0.003381865332441553,0.003945012946205292,HIGH_VARIANCE;idle_baseline_13.54W_pooled_median
SEAL,CKKS,8192,1,standard,multiply,energy_pkg_j_per_op,0.009997632132132133,0.0015397772351765646,0.009422669863276783,0.010572594400987482,0.009570954954954955,0.009252668918918919,0.009791583333333333,HIGH_VARIANCE
SEAL,CKKS,8192,1,standard,multiply,idle_power_w,15.1689,,,,,,,cell_reading_not_used_for_correction
SEAL,CKKS,8192,1,standard,multiply,peak_memory_mb,17.87109375,0.04059494080239556,17.770250326646497,17.971937173353503,17.89453125,17.859375,17.89453125,n=3_invocations_inner_loop_1
SEAL,CKKS,8192,1,standard,relinearize,latency_ms,2.1785712,0.07800379570251695,2.163093554627898,2.1940488453721017,2.156835,2.1335550000000003,2.2009025,
SEAL,CKKS,8192,1,standard,relinearize,energy_net_j_per_op,0.014403955368588404,0.003673717509371709,0.013032166705873326,0.015775744031303482,0.013354498012554346,0.011981470244885868,0.014673856283239127,HIGH_VARIANCE;idle_baseline_13.54W_pooled_median
SEAL,CKKS,8192,1,standard,relinearize,energy_pkg_j_per_op,0.04022352028985507,0.004116367106894479,0.03868644355099148,0.041760597028718656,0.03896530434782609,0.037635358695652175,0.04041445652173913,HIGH_VARIANCE
SEAL,CKKS,8192,1,standard,relinearize,idle_power_w,12.859,,,,,,,cell_reading_not_used_for_correction
SEAL,CKKS,8192,1,standard,relinearize,peak_memory_mb,18.255208333333332,0.12514233432833924,17.944337541291837,18.566079125374827,18.21875,18.185546875,18.306640625,n=3_invocations_inner_loop_1
SEAL,CKKS,8192,3,standard,add,latency_ms,0.038118988,0.001560787209257501,0.0378092939561572,0.038428682043842796,0.0377386,0.0369342,0.038897075,
SEAL,CKKS,8192,3,standard,add,energy_net_j_per_op,0.0003896023588471585,4.9508211232496176e-05,0.00037111568895302813,0.00040808902874128885,0.0003732631991457317,0.00036276036139259137,0.00039836523347875003,HIGH_VARIANCE;idle_baseline_13.54W_pooled_median
SEAL,CKKS,8192,3,standard,add,energy_pkg_j_per_op,0.0008958020325203252,5.480780478436363e-05,0.0008753364618716039,0.0009162676031690465,0.0008794108231707316,0.000863490282012195,0.0009006983612804879,HIGH_VARIANCE
SEAL,CKKS,8192,3,standard,add,idle_power_w,17.3712,,,,,,,cell_reading_not_used_for_correction
SEAL,CKKS,8192,3,standard,add,peak_memory_mb,13.109375,0.04800080362283011,12.990134393526207,13.228615606473793,13.12890625,13.091796875,13.13671875,n=3_invocations_inner_loop_1
SEAL,CKKS,8192,3,standard,decrypt,latency_ms,0.101579377,0.0029523805801542117,0.10099356064053235,0.10216519335946765,0.100759,0.10014925,0.10176675,
SEAL,CKKS,8192,3,standard,decrypt,energy_net_j_per_op,0.0008671429051892504,0.0002210358026561195,0.000784606780034203,0.0009496790303442978,0.0007899170267973528,0.0007530272431537525,0.0008992367776743481,HIGH_VARIANCE;idle_baseline_13.54W_pooled_median
SEAL,CKKS,8192,3,standard,decrypt,energy_pkg_j_per_op,0.002155041041244084,0.00022919734717740848,0.002069457345279363,0.002240624737208805,0.0020725659229208927,0.002033321501014199,0.0021842763691683567,HIGH_VARIANCE
SEAL,CKKS,8192,3,standard,decrypt,idle_power_w,13.5027,,,,,,,cell_reading_not_used_for_correction
SEAL,CKKS,8192,3,standard,decrypt,peak_memory_mb,12.59765625,0.00390625,12.587952587063475,12.607359912936525,12.59765625,12.595703125,12.599609375,n=3_invocations_inner_loop_1
SEAL,CKKS,8192,3,standard,encrypt,latency_ms,2.3335455,0.010917714118150224,2.331379188657419,2.335711811342581,2.33167,2.3280424999999996,2.336875,
SEAL,CKKS,8192,3,standard,encrypt,energy_net_j_per_op,0.014365237734610603,0.0014769413414443223,0.013813738774083553,0.014916736695137652,0.014242051215045449,0.013381733903977264,0.015174248233999998,HIGH_VARIANCE;idle_baseline_13.54W_pooled_median
SEAL,CKKS,8192,3,standard,encrypt,energy_pkg_j_per_op,0.04422434393939394,0.001460752200499094,0.043678890103444674,0.0447697977753432,0.04406477272727273,0.04336410227272727,0.04497054545454546,
SEAL,CKKS,8192,3,standard,encrypt,idle_power_w,13.0404,,,,,,,cell_reading_not_used_for_correction
SEAL,CKKS,8192,3,standard,encrypt,peak_memory_mb,12.64453125,0.10825317547305482,12.375615454390658,12.913447045609342,12.58203125,12.58203125,12.67578125,n=3_invocations_inner_loop_1
SEAL,CKKS,8192,3,standard,keygen,latency_ms,43.089751,1.0882672649206995,42.87381516450878,43.30568683549122,43.12479999999999,42.4927,43.757575,
SEAL,CKKS,8192,3,standard,keygen,energy_net_j_per_op,0.3375409363596666,0.11258476036792246,0.29550109593284424,0.37958077678648894,0.31132012549749993,0.27061924072249993,0.35164923662,HIGH_VARIANCE;idle_baseline_13.54W_pooled_median
SEAL,CKKS,8192,3,standard,keygen,energy_pkg_j_per_op,0.9203996666666666,0.1153909255699297,0.8773119869326578,0.9634873464006755,0.888435,0.8640680000000001,0.9387099999999999,HIGH_VARIANCE
SEAL,CKKS,8192,3,standard,keygen,idle_power_w,12.9586,,,,,,,cell_reading_not_used_for_correction
SEAL,CKKS,8192,3,standard,keygen,peak_memory_mb,11.337239583333334,0.07638025716699201,11.147500506071621,11.526978660595047,11.31640625,11.294921875,11.369140625,n=3_invocations_inner_loop_1
SEAL,CKKS,8192,3,standard,multiply,latency_ms,0.29645746,0.0037930766899921245,0.29570483129330505,0.29721008870669496,0.2956925,0.29518525,0.296371,
SEAL,CKKS,8192,3,standard,multiply,energy_net_j_per_op,0.0024736731692617943,0.0004909505531719041,0.0022903492198626213,0.0026569971186609673,0.0023307385534538454,0.002280591651954659,0.0024879368106309166,HIGH_VARIANCE;idle_baseline_13.54W_pooled_median
SEAL,CKKS,8192,3,standard,multiply,energy_pkg_j_per_op,0.006327905128205128,0.0004985363720645562,0.006141748587479103,0.0065140616689311525,0.006182556213017751,0.006127528106508876,0.006331102071005917,HIGH_VARIANCE
SEAL,CKKS,8192,3,standard,multiply,idle_power_w,12.9231,,,,,,,cell_reading_not_used_for_correction
SEAL,CKKS,8192,3,standard,multiply,peak_memory_mb,13.131510416666666,0.05915529526875285,12.984560516839831,13.2784603164935,13.10546875,13.09765625,13.15234375,n=3_invocations_inner_loop_1
SEAL,CKKS,8192,3,standard,relinearize,latency_ms,1.257571,0.009621649567721761,1.2556618559825503,1.2594801440174497,1.2543449999999998,1.2521425000000002,1.2626600000000001,
SEAL,CKKS,8192,3,standard,relinearize,energy_net_j_per_op,0.008160785947116665,0.0017529214934679494,0.007506234304200559,0.00881533759003277,0.007951595600249998,0.0069636846567499985,0.008411266782624997,HIGH_VARIANCE;idle_baseline_13.54W_pooled_median
SEAL,CKKS,8192,3,standard,relinearize,energy_pkg_j_per_op,0.023756148333333334,0.001775902054735668,0.023093015607813717,0.02441928105885295,0.0235122,0.022561150000000002,0.02398663125,HIGH_VARIANCE
SEAL,CKKS,8192,3,standard,relinearize,idle_power_w,13.3508,,,,,,,cell_reading_not_used_for_correction
SEAL,CKKS,8192,3,standard,relinearize,peak_memory_mb,13.494791666666666,0.1620662279427251,13.092196838033017,13.897386495300315,13.5234375,13.421875,13.58203125,n=3_invocations_inner_loop_1
SEAL,CKKS,8192,5,standard,add,latency_ms,0.0196959,0.0017448556284232813,0.019349682788401153,0.020042117211598844,0.0190285,0.018784025,0.020541325,HIGH_VARIANCE
SEAL,CKKS,8192,5,standard,add,energy_net_j_per_op,0.00018444213278719513,2.0566870862007574e-05,0.00017676233699341016,0.0001921219285809801,0.00017985614021822174,0.000172244887519034,0.0001868113031249128,HIGH_VARIANCE;idle_baseline_13.54W_pooled_median
SEAL,CKKS,8192,5,standard,add,energy_pkg_j_per_op,0.0004434539188656952,3.921387871029533e-05,0.0004288112159091831,0.0004580966218222073,0.0004337591571484837,0.00042710220559275306,0.00044180602599448607,HIGH_VARIANCE
SEAL,CKKS,8192,5,standard,add,idle_power_w,13.651,,,,,,,cell_reading_not_used_for_correction
SEAL,CKKS,8192,5,standard,add,peak_memory_mb,9.0390625,0.04800080362283011,8.919821893526207,9.158303106473793,9.05859375,9.021484375,9.06640625,n=3_invocations_inner_loop_1
SEAL,CKKS,8192,5,standard,decrypt,latency_ms,0.051237311,0.0013885688221028738,0.05096178882047391,0.05151283317952609,0.05108925,0.050453325,0.051528825,
SEAL,CKKS,8192,5,standard,decrypt,energy_net_j_per_op,0.00043569118171221574,0.00011363850071180863,0.0003932578681744367,0.0004781244952499948,0.0003943814784434015,0.0003724926224892008,0.0004337755216367417,HIGH_VARIANCE;idle_baseline_13.54W_pooled_median
SEAL,CKKS,8192,5,standard,decrypt,energy_pkg_j_per_op,0.0010854357240437159,0.00011727126476122753,0.0010416459141164896,0.001129225533970942,0.0010396618852459016,0.0010193391393442622,0.0010895478995901638,HIGH_VARIANCE
SEAL,CKKS,8192,5,standard,decrypt,idle_power_w,12.8072,,,,,,,cell_reading_not_used_for_correction
SEAL,CKKS,8192,5,standard,decrypt,peak_memory_mb,8.822916666666666,0.03989987876574105,8.723799873130423,8.92203346020291,8.83984375,8.80859375,8.845703125,n=3_invocations_inner_loop_1
SEAL,CKKS,8192,5,standard,encrypt,latency_ms,1.7653172,0.027776240121966313,1.759805791349866,1.770828608650134,1.76074,1.7582825,1.7635525,
SEAL,CKKS,8192,5,standard,encrypt,energy_net_j_per_op,0.0130160939969477,0.004012288460005907,0.011517880863537788,0.01451430713035761,0.011473636060060344,0.010812788524568965,0.012624783589452584,HIGH_VARIANCE;idle_baseline_13.54W_pooled_median
SEAL,CKKS,8192,5,standard,encrypt,energy_pkg_j_per_op,0.0356624908045977,0.004062483117620696,0.03414553467800195,0.03717944693119345,0.034019017241379304,0.03348026724137931,0.03516641379310345,HIGH_VARIANCE
SEAL,CKKS,8192,5,standard,encrypt,idle_power_w,13.2822,,,,,,,cell_reading_not_used_for_correction
SEAL,CKKS,8192,5,standard,encrypt,peak_memory_mb,8.807291666666666,0.0667881177251675,8.641380784728756,8.973202548604576,8.83984375,8.78515625,8.845703125,n=3_invocations_inner_loop_1
SEAL,CKKS,8192,5,standard,keygen,latency_ms,24.851554,0.7273282560192752,24.707236294503875,24.995871705496125,25.04365,24.712600000000002,25.246174999999997,
SEAL,CKKS,8192,5,standard,keygen,energy_net_j_per_op,0.15648176920749998,0.035440285039479005,0.14324814928530225,0.16971538912969772,0.14550561711249999,0.13670328905249998,0.16695375411624996,HIGH_VARIANCE;idle_baseline_13.54W_pooled_median
SEAL,CKKS,8192,5,standard,keygen,energy_pkg_j_per_op,0.4879351,0.03864544711048076,0.47350465289118593,0.5023655471088141,0.475905,0.46286299999999997,0.5043380000000001,HIGH_VARIANCE
SEAL,CKKS,8192,5,standard,keygen,idle_power_w,12.888,,,,,,,cell_reading_not_used_for_correction
SEAL,CKKS,8192,5,standard,keygen,peak_memory_mb,7.713541666666667,0.0921356227621588,7.484664091567586,7.942419241765748,7.72265625,7.669921875,7.76171875,n=3_invocations_inner_loop_1
SEAL,CKKS,8192,5,standard,multiply,latency_ms,,,,,,,,skipped_depth0_undefined_at_this_config
SEAL,CKKS,8192,5,standard,relinearize,latency_ms,,,,,,,,skipped_depth0_undefined_at_this_config
