library,scheme,N,category,scenario,operation,metric,mean,std,ci_low,ci_high,median,iqr_low,iqr_high,flag
SEAL,BFV,2048,1,constrained,add,latency_ms,0.0048980405,0.0005299155706095972,0.004792893754188685,0.005003187245811315,0.00479516,0.0046382925,0.00495589,HIGH_VARIANCE
SEAL,BFV,2048,1,constrained,add,energy_net_j_per_op,6.675258751403888e-05,6.5398480888172635e-06,6.431056810420879e-05,6.919460692386898e-05,6.545924879753452e-05,6.150622276721948e-05,6.986835882259414e-05,HIGH_VARIANCE;idle_baseline_13.54W_pooled_median
SEAL,BFV,2048,1,constrained,add,energy_pkg_j_per_op,0.0001474523091144389,7.460947037310186e-06,0.0001446663457046801,0.00015023827252419767,0.0001456313921242374,0.0001428269273433167,0.00015142995008319464,HIGH_VARIANCE
SEAL,BFV,2048,1,constrained,add,idle_power_w,12.4074,,,,,,,cell_reading_not_used_for_correction
SEAL,BFV,2048,1,constrained,add,peak_memory_mb,5.502604166666667,0.05389115126712207,5.368731125474367,5.636477207858967,5.5234375,5.482421875,5.533203125,n=3_invocations_inner_loop_1
SEAL,BFV,2048,1,constrained,decrypt,latency_ms,0.074762084,0.0014856268669562436,0.07446730339868533,0.07505686460131468,0.0740103,0.07361355,0.07608645,
SEAL,BFV,2048,1,constrained,decrypt,energy_net_j_per_op,0.000804368777442817,7.965455993454068e-05,0.0007746252759424936,0.0008341122789431404,0.0007945711145501174,0.000749607092299457,0.0008680684259865577,HIGH_VARIANCE;idle_baseline_13.54W_pooled_median
SEAL,BFV,2048,1,constrained,decrypt,energy_pkg_j_per_op,0.0019040830361966505,8.359680708304828e-05,0.0018728674754184573,0.0019352985969748437,0.0018918063209076175,0.0018519983792544571,0.001974309967585089,
SEAL,BFV,2048,1,constrained,decrypt,idle_power_w,13.8408,,,,,,,cell_reading_not_used_for_correction
SEAL,BFV,2048,1,constrained,decrypt,peak_memory_mb,5.490885416666667,0.0843545017538829,5.281337217703937,5.700433615629397,5.5,5.451171875,5.53515625,n=3_invocations_inner_loop_1
SEAL,BFV,2048,1,constrained,encrypt,latency_ms,0.35033353,0.003691762723847775,0.34960100418221063,0.3510660558177894,0.3502495,0.34790225,0.35295525,
SEAL,BFV,2048,1,constrained,encrypt,energy_net_j_per_op,0.0048185876714926254,0.001131650039270282,0.004396022602166557,0.0052411527408186935,0.004874156663421969,0.004247835909804544,0.005543505398689393,HIGH_VARIANCE;idle_baseline_13.54W_pooled_median
SEAL,BFV,2048,1,constrained,encrypt,energy_pkg_j_per_op,0.009986079292929294,0.0011776684062712903,0.009546330682961462,0.010425827902897125,0.00996167803030303,0.009235892045454545,0.010724496212121213,HIGH_VARIANCE
SEAL,BFV,2048,1,constrained,encrypt,idle_power_w,18.4985,,,,,,,cell_reading_not_used_for_correction
SEAL,BFV,2048,1,constrained,encrypt,peak_memory_mb,5.450520833333333,0.03252603124165832,5.3697216925123605,5.5313199741543055,5.4609375,5.4375,5.46875,n=3_invocations_inner_loop_1
SEAL,BFV,2048,1,constrained,keygen,latency_ms,21.914682,0.6628677481910845,21.78315465773793,22.046209342262067,22.1019,21.653650000000003,22.334125,
SEAL,BFV,2048,1,constrained,keygen,energy_net_j_per_op,0.36542636428616665,0.1701207500647712,0.30190223222209017,0.4289504963502431,0.3209824177075,0.24435804034875003,0.42642031671249997,HIGH_VARIANCE;idle_baseline_13.54W_pooled_median
SEAL,BFV,2048,1,constrained,keygen,energy_pkg_j_per_op,0.6637280666666666,0.16993169302702155,0.6002745296606832,0.7271816036726501,0.6192610000000001,0.5382292500000001,0.712606,HIGH_VARIANCE
SEAL,BFV,2048,1,constrained,keygen,idle_power_w,13.1643,,,,,,,cell_reading_not_used_for_correction
SEAL,BFV,2048,1,constrained,keygen,peak_memory_mb,5.19140625,0.08128379705736255,4.989486104375545,5.393326395624455,5.1484375,5.14453125,5.216796875,n=3_invocations_inner_loop_1
SEAL,BFV,2048,1,constrained,multiply,latency_ms,,,,,,,,skipped_depth0_undefined_at_this_config
SEAL,BFV,2048,1,constrained,relinearize,latency_ms,,,,,,,,skipped_depth0_undefined_at_this_config
SEAL,BFV,2048,3,constrained,add,latency_ms,0.0098398766,0.0006012440458592938,0.009720576737216559,0.009959176462783442,0.009652939999999999,0.0095594425,0.0098018775,HIGH_VARIANCE
SEAL,BFV,2048,3,constrained,add,energy_net_j_per_op,0.0001380869699231093,3.185727883057042e-05,0.0001261912665073604,0.0001499826733388582,0.00012714642057482062,0.00012029903757507492,0.00015029613030775318,HIGH_VARIANCE;idle_baseline_13.54W_pooled_median
SEAL,BFV,2048,3,constrained,add,energy_pkg_j_per_op,0.000294943195579776,5.438957077184885e-05,0.00027463379607792866,0.0003152525950816233,0.0002777761126248865,0.0002699355699364214,0.0002987417688465032,HIGH_VARIANCE
SEAL,BFV,2048,3,constrained,add,idle_power_w,17.9265,,,,,,,cell_reading_not_used_for_correction
SEAL,BFV,2048,3,constrained,add,peak_memory_mb,5.260416666666667,0.005966895436140417,5.245594076691679,5.275239256641655,5.26171875,5.2578125,5.263671875,n=3_invocations_inner_loop_1
SEAL,BFV,2048,3,constrained,decrypt,latency_ms,0.1246384,0.0034940521091440728,0.123945104257531,0.125331695742469,0.124438,0.12249,0.12593375,
SEAL,BFV,2048,3,constrained,decrypt,energy_net_j_per_op,0.0010771978662057406,0.0004427489615655441,0.0009118726869138903,0.0012425230454975909,0.0009443872855861111,0.0008610622840868386,0.0011356710860293646,HIGH_VARIANCE;idle_baseline_13.54W_pooled_median
SEAL,BFV,2048,3,constrained,decrypt,energy_pkg_j_per_op,0.0028097740740740743,0.00046400847067821653,0.002636510463615087,0.0029830376845330613,0.002664861111111111,0.0025842632275132277,0.0028702890211640213,HIGH_VARIANCE
SEAL,BFV,2048,3,constrained,decrypt,idle_power_w,9.04002,,,,,,,cell_reading_not_used_for_correction
SEAL,BFV,2048,3,constrained,decrypt,peak_memory_mb,5.227864583333333,0.03157384284630766,5.149430809613942,5.306298357052724,5.24609375,5.21875,5.24609375,n=3_invocations_inner_loop_1
SEAL,BFV,2048,3,constrained,encrypt,latency_ms,0.33646017,0.006486692497464842,0.3351730694786802,0.3377472705213198,0.3352195,0.33345075,0.33878775000000005,
SEAL,BFV,2048,3,constrained,encrypt,energy_net_j_per_op,0.004841800470341425,0.0014474949719117264,0.004301296964903093,0.005382303975779757,0.004416281675078987,0.003945777118676268,0.005275765846189311,HIGH_VARIANCE;idle_baseline_13.54W_pooled_median
SEAL,BFV,2048,3,constrained,encrypt,energy_pkg_j_per_op,0.010269665700483092,0.0017555761371328697,0.0096141227973316,0.010925208603634586,0.00983195652173913,0.009266028985507246,0.011011795289855072,HIGH_VARIANCE
SEAL,BFV,2048,3,constrained,encrypt,idle_power_w,22.9574,,,,,,,cell_reading_not_used_for_correction
SEAL,BFV,2048,3,constrained,encrypt,peak_memory_mb,5.131510416666667,0.01926907368092284,5.0836433840653905,5.179377449267943,5.140625,5.125,5.142578125,n=3_invocations_inner_loop_1
SEAL,BFV,2048,3,constrained,keygen,latency_ms,14.555719999999999,0.6177774971295052,14.4331395417887,14.678300458211298,14.7392,14.446874999999999,14.882774999999999,
SEAL,BFV,2048,3,constrained,keygen,energy_net_j_per_op,0.1716964191233333,0.03444593688186396,0.15883409490526312,0.1845587433414035,0.15953320791999998,0.15018858077874997,0.19877819715,HIGH_VARIANCE;idle_baseline_13.54W_pooled_median
SEAL,BFV,2048,3,constrained,keygen,energy_pkg_j_per_op,0.3685341,0.035288939923447546,0.35535699327289677,0.3817112067271032,0.35886799999999996,0.34346125,0.3971315,HIGH_VARIANCE
SEAL,BFV,2048,3,constrained,keygen,idle_power_w,10.9797,,,,,,,cell_reading_not_used_for_correction
SEAL,BFV,2048,3,constrained,keygen,peak_memory_mb,4.87109375,0.09480203983993435,4.635592427682762,5.106595072317238,4.8203125,4.81640625,4.900390625,n=3_invocations_inner_loop_1
SEAL,BFV,2048,3,constrained,multiply,latency_ms,,,,,,,,skipped_depth0_undefined_at_this_config
SEAL,BFV,2048,3,constrained,relinearize,latency_ms,,,,,,,,skipped_depth0_undefined_at_this_config
SEAL,BFV,2048,5,constrained,add,latency_ms,0.0051565489,0.0005133679242987214,0.0050546855662205745,0.005258412233779426,0.0050200999999999996,0.004877035,0.0053022575,HIGH_VARIANCE
SEAL,BFV,2048,5,constrained,add,energy_net_j_per_op,7.583028783253126e-05,3.2934964389000346e-05,6.353217001576904e-05,8.812840564929347e-05,6.45483908347949e-05,5.742356038058075e-05,7.987563017363524e-05,HIGH_VARIANCE;idle_baseline_13.54W_pooled_median
SEAL,BFV,2048,5,constrained,add,energy_pkg_j_per_op,0.0001590879904097646,3.893198273918903e-05,0.000144550549138791,0.0001736254316807382,0.0001461856473408893,0.0001367392109851787,0.00016627201394943332,HIGH_VARIANCE
SEAL,BFV,2048,5,constrained,add,idle_power_w,18.7523,,,,,,,cell_reading_not_used_for_correction
SEAL,BFV,2048,5,constrained,add,peak_memory_mb,4.794270833333333,0.05083130545818525,4.667998870507155,4.920542796159511,4.796875,4.76953125,4.8203125,n=3_invocations_inner_loop_1
SEAL,BFV,2048,5,constrained,decrypt,latency_ms,0.076170696,0.001841458219873422,0.0758053107384489,0.07653608126155109,0.0753817,0.07473147499999999,0.07774305,
SEAL,BFV,2048,5,constrained,decrypt,energy_net_j_per_op,0.0007965808092843063,7.088518866873272e-05,0.0007701118448301458,0.0008230497737384668,0.0007792258291479837,0.000742525718164395,0.0008537596876157662,HIGH_VARIANCE;idle_baseline_13.54W_pooled_median
SEAL,BFV,2048,5,constrained,decrypt,energy_pkg_j_per_op,0.0018829362365591399,7.292700991603818e-05,0.0018557048435210723,0.0019101676295972074,0.0018651298387096773,0.001824733870967742,0.0019478185483870968,
SEAL,BFV,2048,5,constrained,decrypt,idle_power_w,12.2451,,,,,,,cell_reading_not_used_for_correction
SEAL,BFV,2048,5,constrained,decrypt,peak_memory_mb,4.82421875,0.014084184669781208,4.789231695722541,4.859205804277459,4.828125,4.818359375,4.83203125,n=3_invocations_inner_loop_1
SEAL,BFV,2048,5,constrained,encrypt,latency_ms,0.25705171,0.004018797564514223,0.25625429337474964,0.25784912662525034,0.2562325,0.2550165,0.258141,
SEAL,BFV,2048,5,constrained,encrypt,energy_net_j_per_op,0.00275435356800811,0.00033791901743583457,0.002628172533170302,0.002880534602845918,0.0027373553260217906,0.002579461354054011,0.0028782952228414435,HIGH_VARIANCE;idle_baseline_13.54W_pooled_median
SEAL,BFV,2048,5,constrained,encrypt,energy_pkg_j_per_op,0.006386607130124777,0.0003464955233701151,0.006257223575339166,0.006515990684910388,0.006356874331550802,0.00620262165775401,0.006522287433155079,HIGH_VARIANCE
SEAL,BFV,2048,5,constrained,encrypt,idle_power_w,20.8196,,,,,,,cell_reading_not_used_for_correction
SEAL,BFV,2048,5,constrained,encrypt,peak_memory_mb,4.708333333333333,0.022888536238602795,4.651475057296256,4.76519160937041,4.69921875,4.6953125,4.716796875,n=3_invocations_inner_loop_1
SEAL,BFV,2048,5,constrained,keygen,latency_ms,10.1690225,0.55942954793592,10.058019540776723,10.280025459223278,10.3081,10.037899999999999,10.531125,HIGH_VARIANCE
SEAL,BFV,2048,5,constrained,keygen,energy_net_j_per_op,0.07296322955128332,0.027534828562430183,0.06268155559148968,0.08324490351107695,0.07258025695499999,0.061718088767499985,0.08630686405249999,HIGH_VARIANCE;idle_baseline_13.54W_pooled_median
SEAL,BFV,2048,5,constrained,keygen,energy_pkg_j_per_op,0.21300423333333332,0.02832443390636593,0.20242771589249708,0.22358075077416956,0.20974399999999999,0.20108125,0.22713075,HIGH_VARIANCE
SEAL,BFV,2048,5,constrained,keygen,idle_power_w,19.2927,,,,,,,cell_reading_not_used_for_correction
SEAL,BFV,2048,5,constrained,keygen,peak_memory_mb,4.630208333333333,0.07537476895003282,4.442967027270089,4.817449639396577,4.60546875,4.587890625,4.66015625,n=3_invocations_inner_loop_1
SEAL,BFV,2048,5,constrained,multiply,latency_ms,,,,,,,,skipped_depth0_undefined_at_this_config
SEAL,BFV,2048,5,constrained,relinearize,latency_ms,,,,,,,,skipped_depth0_undefined_at_this_config
SEAL,BFV,4096,1,constrained,add,latency_ms,0.019780047,0.0009286577742678306,0.019595781150207523,0.019964312849792474,0.0195812,0.019317125,0.0198531,
SEAL,BFV,4096,1,constrained,add,energy_net_j_per_op,0.0002674309701555843,9.44212663274858e-05,0.00023217348986843018,0.00030268845044273846,0.00023701246593159218,0.00021146255814603676,0.0002866456252733824,HIGH_VARIANCE;idle_baseline_13.54W_pooled_median
SEAL,BFV,4096,1,constrained,add,energy_pkg_j_per_op,0.000568997806661251,0.00011516080194022194,0.0005259960565027881,0.000611999556819714,0.0005322142567018684,0.0005112821892770106,0.0005942529447603575,HIGH_VARIANCE
SEAL,BFV,4096,1,constrained,add,idle_power_w,19.9846,,,,,,,cell_reading_not_used_for_correction
SEAL,BFV,4096,1,constrained,add,peak_memory_mb,8.936197916666666,0.039127550003428956,8.83899969413475,9.033396139198581,8.921875,8.9140625,8.951171875,n=3_invocations_inner_loop_1
SEAL,BFV,4096,1,constrained,decrypt,latency_ms,0.26882364,0.029519504955171316,0.26296632978655093,0.274680950213449,0.2632,0.26164375,0.265564,HIGH_VARIANCE
SEAL,BFV,4096,1,constrained,decrypt,energy_net_j_per_op,0.0030482596880523076,0.0004002007183777635,0.0028988222838750508,0.0031976970922295645,0.0029773010639697795,0.002793408647799313,0.0031257038186137363,HIGH_VARIANCE;idle_baseline_13.54W_pooled_median
SEAL,BFV,4096,1,constrained,decrypt,energy_pkg_j_per_op,0.0068235423076923075,0.00041817317017164846,0.006667393879722625,0.00697969073566199,0.0067609285714285705,0.006536061813186813,0.006909774725274726,HIGH_VARIANCE
SEAL,BFV,4096,1,constrained,decrypt,idle_power_w,17.1943,,,,,,,cell_reading_not_used_for_correction
SEAL,BFV,4096,1,constrained,decrypt,peak_memory_mb,8.895833333333334,0.041768268052982914,8.792075203508423,8.999591463158245,8.88671875,8.873046875,8.9140625,n=3_invocations_inner_loop_1
SEAL,BFV,4096,1,constrained,encrypt,latency_ms,0.89279672,0.016168246803178285,0.88958858906157,0.89600485093843,0.8879859999999999,0.8840745,0.8938854999999999,
SEAL,BFV,4096,1,constrained,encrypt,energy_net_j_per_op,0.005992269010065554,0.0009692118104127707,0.005630359372238997,0.006354178647892111,0.005839553585965739,0.0053857659541138875,0.006321844072646296,HIGH_VARIANCE;idle_baseline_13.54W_pooled_median
SEAL,BFV,4096,1,constrained,encrypt,energy_pkg_j_per_op,0.018092522222222223,0.0009759872705606796,0.017728082585997076,0.01845696185844737,0.017934074074074075,0.017473449074074075,0.018456662037037035,HIGH_VARIANCE
SEAL,BFV,4096,1,constrained,encrypt,idle_power_w,18.755,,,,,,,cell_reading_not_used_for_correction
SEAL,BFV,4096,1,constrained,encrypt,peak_memory_mb,8.649739583333334,0.07825510000685791,8.455343138269505,8.844136028397163,8.62109375,8.60546875,8.6796875,n=3_invocations_inner_loop_1
SEAL,BFV,4096,1,constrained,keygen,latency_ms,41.704602,0.9853589389566718,41.5090854089925,41.900118591007505,41.990849999999995,40.8169,42.431325,
SEAL,BFV,4096,1,constrained,keygen,energy_net_j_per_op,0.4728555936216666,0.1383622140467855,0.42119029380115913,0.5245208934421741,0.4279600405675,0.39344011107375,0.47701316359125,HIGH_VARIANCE;idle_baseline_13.54W_pooled_median
SEAL,BFV,4096,1,constrained,keygen,energy_pkg_j_per_op,1.0438043666666668,0.14178993953380067,0.9908591331141857,1.096749600219148,1.0030839999999999,0.956955,1.05759275,HIGH_VARIANCE
SEAL,BFV,4096,1,constrained,keygen,idle_power_w,19.5916,,,,,,,cell_reading_not_used_for_correction
SEAL,BFV,4096,1,constrained,keygen,peak_memory_mb,8.092447916666666,0.0022552744890219755,8.086845504258138,8.098050329075194,8.09375,8.091796875,8.09375,n=3_invocations_inner_loop_1
SEAL,BFV,4096,1,constrained,multiply,latency_ms,2.7333199,0.01351024523287883,2.7306391742388834,2.736000625761117,2.733145,2.7247275,2.7398474999999998,
SEAL,BFV,4096,1,constrained,multiply,energy_net_j_per_op,0.024924272669088886,0.0026208807115797772,0.02394561972767406,0.02590292561050371,0.024935865496888886,0.023377590354708332,0.02634337939048611,HIGH_VARIANCE;idle_baseline_13.54W_pooled_median
SEAL,BFV,4096,1,constrained,multiply,energy_pkg_j_per_op,0.06392538888888889,0.002840554918084924,0.06286470825067758,0.0649860695271002,0.06366694444444444,0.06185575,0.06573802777777778,
SEAL,BFV,4096,1,constrained,multiply,idle_power_w,11.0196,,,,,,,cell_reading_not_used_for_correction
SEAL,BFV,4096,1,constrained,multiply,peak_memory_mb,10.434895833333334,0.0509811769543018,10.308251569071736,10.561540097594932,10.4296875,10.408203125,10.458984375,n=3_invocations_inner_loop_1
SEAL,BFV,4096,1,constrained,relinearize,latency_ms,0.55048708,0.00945126402072733,0.5486117441716154,0.5523624158283846,0.5482395,0.544406,0.555311,
SEAL,BFV,4096,1,constrained,relinearize,energy_net_j_per_op,0.004860065134615115,0.0005177134596708699,0.004666747751691745,0.0050533825175384855,0.004823220505874418,0.0046043504166453485,0.005095967522838371,HIGH_VARIANCE;idle_baseline_13.54W_pooled_median
SEAL,BFV,4096,1,constrained,relinearize,energy_pkg_j_per_op,0.012751808527131783,0.0005396876918708103,0.012550285831054407,0.012953331223209158,0.012776005813953488,0.012448973837209302,0.013069183139534883,
SEAL,BFV,4096,1,constrained,relinearize,idle_power_w,10.9076,,,,,,,cell_reading_not_used_for_correction
SEAL,BFV,4096,1,constrained,relinearize,peak_memory_mb,10.3671875,0.0450490726354328,10.255279399786941,10.479095600213059,10.3828125,10.349609375,10.392578125,n=3_invocations_inner_loop_1
SEAL,BFV,4096,3,constrained,add,latency_ms,0.0098763153,0.0005172425085464107,0.009773683164646113,0.009978947435353889,0.009815285,0.00960597,0.00995517,HIGH_VARIANCE
SEAL,BFV,4096,3,constrained,add,energy_net_j_per_op,0.0001462321312152591,5.00282569888608e-05,0.0001275512730443072,0.00016491298938621103,0.00013214824400563954,0.0001177569255027035,0.00015031498210618769,HIGH_VARIANCE;idle_baseline_13.54W_pooled_median
SEAL,BFV,4096,3,constrained,add,energy_pkg_j_per_op,0.00030183858665559245,6.204295136093481e-05,0.00027867136787483506,0.00032500580543634984,0.00028313797757475084,0.0002662102886212625,0.00030346418189368775,HIGH_VARIANCE
SEAL,BFV,4096,3,constrained,add,idle_power_w,24.0708,,,,,,,cell_reading_not_used_for_correction
SEAL,BFV,4096,3,constrained,add,peak_memory_mb,6.81640625,0.00390625,6.806702587063476,6.826109912936524,6.81640625,6.814453125,6.818359375,n=3_invocations_inner_loop_1
SEAL,BFV,4096,3,constrained,decrypt,latency_ms,0.15446196,0.002826353548695249,0.15390115013775024,0.15502276986224978,0.15433750000000002,0.15324425,0.15534975,
SEAL,BFV,4096,3,constrained,decrypt,energy_net_j_per_op,0.0016531054569492538,0.00019552835433494457,0.0015800939695303734,0.0017261169443681342,0.0016314666833372377,0.0014933412509917834,0.0017473669536840907,HIGH_VARIANCE;idle_baseline_13.54W_pooled_median
SEAL,BFV,4096,3,constrained,decrypt,energy_pkg_j_per_op,0.003926029254079254,0.00019832788470848539,0.003851972404838853,0.004000086103319656,0.0038668356643356645,0.003759138111888112,0.004073259615384616,HIGH_VARIANCE
SEAL,BFV,4096,3,constrained,decrypt,idle_power_w,12.0654,,,,,,,cell_reading_not_used_for_correction
SEAL,BFV,4096,3,constrained,decrypt,peak_memory_mb,6.796875,0.03471950944263902,6.710626957260069,6.883123042739931,6.80859375,6.783203125,6.81640625,n=3_invocations_inner_loop_1
SEAL,BFV,4096,3,constrained,encrypt,latency_ms,0.68436807,0.011946491422090453,0.6819976269208307,0.6867385130791693,0.681249,0.67810075,0.68649275,
SEAL,BFV,4096,3,constrained,encrypt,energy_net_j_per_op,0.007095434746014419,0.0007478259587217243,0.006816191943800717,0.0073746775482281205,0.006941964812055434,0.0066152791648148536,0.00735235568148116,HIGH_VARIANCE;idle_baseline_13.54W_pooled_median
SEAL,BFV,4096,3,constrained,encrypt,energy_pkg_j_per_op,0.017051971014492753,0.0007950277173004452,0.016755102785959982,0.017348839243025525,0.016914376811594203,0.01647923913043478,0.01739472463768116,
SEAL,BFV,4096,3,constrained,encrypt,idle_power_w,16.9032,,,,,,,cell_reading_not_used_for_correction
SEAL,BFV,4096,3,constrained,encrypt,peak_memory_mb,6.631510416666667,0.05966895436140417,6.483284516916793,6.779736316416541,6.64453125,6.60546875,6.6640625,n=3_invocations_inner_loop_1
SEAL,BFV,4096,3,constrained,keygen,latency_ms,24.807016,0.8230516219950524,24.643704701960672,24.97032729803933,25.0454,24.519924999999997,25.302325,
SEAL,BFV,4096,3,constrained,keygen,energy_net_j_per_op,0.18245360490949997,0.026914479349679055,0.17240357315268065,0.19250363666631928,0.18313325548249995,0.16908646554624998,0.19829590273499997,HIGH_VARIANCE;idle_baseline_13.54W_pooled_median
SEAL,BFV,4096,3,constrained,keygen,energy_pkg_j_per_op,0.5202322333333333,0.030528031371617078,0.5088328790760277,0.531631587590639,0.5216864999999999,0.50709525,0.534049,HIGH_VARIANCE
SEAL,BFV,4096,3,constrained,keygen,idle_power_w,13.0701,,,,,,,cell_reading_not_used_for_correction
SEAL,BFV,4096,3,constrained,keygen,peak_memory_mb,6.13671875,0.07452650011069888,5.951584660550248,6.321852839449752,6.12890625,6.09765625,6.171875,n=3_invocations_inner_loop_1
SEAL,BFV,4096,3,constrained,multiply,latency_ms,,,,,,,,skipped_depth0_undefined_at_this_config
SEAL,BFV,4096,3,constrained,relinearize,latency_ms,,,,,,,,skipped_depth0_undefined_at_this_config
SEAL,BFV,4096,5,constrained,add,latency_ms,0.0100840601,0.0012484229496064346,0.00983634590206414,0.01033177429793586,0.009805015,0.009566265000000001,0.0100183,HIGH_VARIANCE
SEAL,BFV,4096,5,constrained,add,energy_net_j_per_op,9.478932179164555e-05,1.1382371124169101e-05,9.053907456302262e-05,9.903956902026848e-05,9.179942103817085e-05,8.869967221660455e-05,9.752551729699133e-05,HIGH_VARIANCE;idle_baseline_13.54W_pooled_median
SEAL,BFV,4096,5,constrained,add,energy_pkg_j_per_op,0.00023679386919151223,1.599378385645898e-05,0.00023082169214952783,0.00024276604623349663,0.00023342052780016119,0.00022542516116035456,0.00024183657332796133,HIGH_VARIANCE
SEAL,BFV,4096,5,constrained,add,idle_power_w,14.4471,,,,,,,cell_reading_not_used_for_correction
SEAL,BFV,4096,5,constrained,add,peak_memory_mb,6.809895833333333,0.011276372445109878,6.781883771290693,6.837907895375973,6.81640625,6.806640625,6.81640625,n=3_invocations_inner_loop_1
SEAL,BFV,4096,5,constrained,decrypt,latency_ms,0.16038305,0.003912376155138066,0.15960674969119926,0.16115935030880074,0.160146,0.15793,0.16193849999999999,
SEAL,BFV,4096,5,constrained,decrypt,energy_net_j_per_op,0.0017398720513942102,0.000565455533915339,0.0015287274849663949,0.0019510166178220256,0.0015450865472105258,0.0013961878770460522,0.0017951915978848677,HIGH_VARIANCE;idle_baseline_13.54W_pooled_median
SEAL,BFV,4096,5,constrained,decrypt,energy_pkg_j_per_op,0.0040592269736842105,0.0005889954469958261,0.003839292459253389,0.004279161488115032,0.003876661184210526,0.003714845394736842,0.00414449177631579,HIGH_VARIANCE
SEAL,BFV,4096,5,constrained,decrypt,idle_power_w,29.0584,,,,,,,cell_reading_not_used_for_correction
SEAL,BFV,4096,5,constrained,decrypt,peak_memory_mb,6.82421875,0.030508787796510367,6.7484307196949,6.9000067803051,6.80859375,6.806640625,6.833984375,n=3_invocations_inner_loop_1
SEAL,BFV,4096,5,constrained,encrypt,latency_ms,0.67884403,0.005304979194267983,0.677791407035492,0.6798966529645081,0.678223,0.6751245,0.682015,
SEAL,BFV,4096,5,constrained,encrypt,energy_net_j_per_op,0.004825391596970771,0.000794906513636277,0.004528568626629999,0.005122214567311542,0.0046242651536261194,0.004489530892777797,0.004877830092734887,HIGH_VARIANCE;idle_baseline_13.54W_pooled_median
SEAL,BFV,4096,5,constrained,encrypt,energy_pkg_j_per_op,0.014202267164179105,0.0008765959002138232,0.013874940875582272,0.014529593452775939,0.014001261194029852,0.013807526119402985,0.014264511194029852,HIGH_VARIANCE
SEAL,BFV,4096,5,constrained,encrypt,idle_power_w,14.7335,,,,,,,cell_reading_not_used_for_correction
SEAL,BFV,4096,5,constrained,encrypt,peak_memory_mb,6.669270833333333,0.0566518487442893,6.5285398394272685,6.810001827239398,6.66796875,6.640625,6.697265625,n=3_invocations_inner_loop_1
SEAL,BFV,4096,5,constrained,keygen,latency_ms,22.509262,0.7014469449083173,22.37007970812744,22.648444291872558,22.69135,22.396600000000003,22.90315,
SEAL,BFV,4096,5,constrained,keygen,energy_net_j_per_op,0.3123196501868333,0.06985438328310888,0.286235594789468,0.3384037055841986,0.30230452162499993,0.27581278764375,0.31808019129125004,HIGH_VARIANCE;idle_baseline_13.54W_pooled_median
SEAL,BFV,4096,5,constrained,keygen,energy_pkg_j_per_op,0.618807,0.0729842427589918,0.5915542358671495,0.6460597641328505,0.6063915,0.5834615,0.6277375000000001,HIGH_VARIANCE
SEAL,BFV,4096,5,constrained,keygen,idle_power_w,13.5502,,,,,,,cell_reading_not_used_for_correction
SEAL,BFV,4096,5,constrained,keygen,peak_memory_mb,6.065104166666667,0.054873196629441345,5.928791589555181,6.201416743778153,6.0703125,6.0390625,6.09375,n=3_invocations_inner_loop_1
SEAL,BFV,4096,5,constrained,multiply,latency_ms,,,,,,,,skipped_depth0_undefined_at_this_config
SEAL,BFV,4096,5,constrained,relinearize,latency_ms,,,,,,,,skipped_depth0_undefined_at_this_config
SEAL,BFV,8192,1,constrained,add,latency_ms,0.05778735,0.0031307747572939656,0.05716613636549785,0.058408563634502156,0.0565466,0.0557548,0.059446625,HIGH_VARIANCE
SEAL,BFV,8192,1,constrained,add,energy_net_j_per_op,0.0007511049541487938,0.00014537085316958102,0.0006968225854695116,0.000805387322828076,0.000733761026539419,0.0006753144507087699,0.0007800791397376108,HIGH_VARIANCE;idle_baseline_13.54W_pooled_median
SEAL,BFV,8192,1,constrained,add,energy_pkg_j_per_op,0.0016261310701956271,0.00016350622746515216,0.0015650768414619735,0.0016871852989292808,0.0015875080552359036,0.0015462508630609897,0.0016603785960874569,HIGH_VARIANCE
SEAL,BFV,8192,1,constrained,add,idle_power_w,15.4478,,,,,,,cell_reading_not_used_for_correction
SEAL,BFV,8192,1,constrained,add,peak_memory_mb,17.6484375,0.0546875,17.512586218888654,17.784288781111346,17.671875,17.62890625,17.6796875,n=3_invocations_inner_loop_1
SEAL,BFV,8192,1,constrained,decrypt,latency_ms,0.7400865,0.006502693997276996,0.7387962244339623,0.7413767755660376,0.7385995000000001,0.7351915,0.7438122500000001,
SEAL,BFV,8192,1,constrained,decrypt,energy_net_j_per_op,0.005724900021242195,0.0029911633433244945,0.004607981272798954,0.006841818769685436,0.004977464426506744,0.004703890847622023,0.0053250728078884915,HIGH_VARIANCE;idle_baseline_13.54W_pooled_median
SEAL,BFV,8192,1,constrained,decrypt,energy_pkg_j_per_op,0.016095567195767196,0.003130677337291132,0.01492655306581318,0.01726458132572121,0.01532931746031746,0.015043841269841271,0.015709261904761903,HIGH_VARIANCE
SEAL,BFV,8192,1,constrained,decrypt,idle_power_w,14.5103,,,,,,,cell_reading_not_used_for_correction
SEAL,BFV,8192,1,constrained,decrypt,peak_memory_mb,17.606770833333332,0.04527431940290028,17.494303189130758,17.719238477535907,17.61328125,17.5859375,17.630859375,n=3_invocations_inner_loop_1
SEAL,BFV,8192,1,constrained,encrypt,latency_ms,2.1801938,0.02254297632021417,2.1757207844246222,2.184666815575378,2.1766550000000002,2.1677150000000003,2.18571,
SEAL,BFV,8192,1,constrained,encrypt,energy_net_j_per_op,0.019280784226866667,0.0033305255350777963,0.018037145553439063,0.02052442290029427,0.018276796885,0.017118368230874998,0.0204944917955,HIGH_VARIANCE;idle_baseline_13.54W_pooled_median
SEAL,BFV,8192,1,constrained,encrypt,energy_pkg_j_per_op,0.050788875000000004,0.0036806666829986403,0.049414491473207235,0.05216325852679277,0.0496438,0.048455775000000006,0.05263687499999999,HIGH_VARIANCE
SEAL,BFV,8192,1,constrained,encrypt,idle_power_w,18.635,,,,,,,cell_reading_not_used_for_correction
SEAL,BFV,8192,1,constrained,encrypt,peak_memory_mb,16.868489583333332,0.06105924004006956,16.71681002249898,17.020169144167685,16.859375,16.8359375,16.896484375,n=3_invocations_inner_loop_1
SEAL,BFV,8192,1,constrained,keygen,latency_ms,66.190696,0.9649840695728056,65.99922222511428,66.38216977488572,66.1661,65.47255,66.86314999999999,
SEAL,BFV,8192,1,constrained,keygen,energy_net_j_per_op,1.1161036422914998,0.24541028569126222,1.024465935590824,1.2077413489921756,1.1047365041874997,0.9036940396225001,1.22939573936,HIGH_VARIANCE;idle_baseline_13.54W_pooled_median
SEAL,BFV,8192,1,constrained,keygen,energy_pkg_j_per_op,2.0343130333333335,0.2585435507851338,1.937771284850935,2.130854781815732,2.013247,1.8179070000000002,2.16062025,HIGH_VARIANCE
SEAL,BFV,8192,1,constrained,keygen,idle_power_w,25.8416,,,,,,,cell_reading_not_used_for_correction
SEAL,BFV,8192,1,constrained,keygen,peak_memory_mb,15.9609375,0.09480203983993435,15.725436177682761,16.196438822317237,15.98828125,15.921875,16.013671875,n=3_invocations_inner_loop_1
SEAL,BFV,8192,1,constrained,multiply,latency_ms,7.9844624,0.15489284751841723,7.953728298627446,8.015196501372554,7.94997,7.933515,7.9729425,
SEAL,BFV,8192,1,constrained,multiply,energy_net_j_per_op,0.07041305953225555,0.013686816135215205,0.0653023183946864,0.07552380066982468,0.06831886798441665,0.0626962973365833,0.07674981491783332,HIGH_VARIANCE;idle_baseline_13.54W_pooled_median
SEAL,BFV,8192,1,constrained,multiply,energy_pkg_j_per_op,0.18665330555555557,0.014257734527627906,0.18132937998667145,0.19197723112443968,0.18434841666666668,0.1778847083333333,0.1938929166666667,HIGH_VARIANCE
SEAL,BFV,8192,1,constrained,multiply,idle_power_w,17.4985,,,,,,,cell_reading_not_used_for_correction
SEAL,BFV,8192,1,constrained,multiply,peak_memory_mb,22.256510416666668,0.004510548978043951,22.24530559184961,22.267715241483724,22.25390625,22.25390625,22.2578125,n=3_invocations_inner_loop_1
SEAL,BFV,8192,1,constrained,relinearize,latency_ms,1.8887633,0.021236726147992994,1.8845494727980954,1.8929771272019045,1.886625,1.8769975,1.8926725,
SEAL,BFV,8192,1,constrained,relinearize,energy_net_j_per_op,0.017768931348105553,0.005424440086337915,0.015743412131390338,0.019794450564820768,0.01638432938566666,0.015656018486083327,0.017455393940125,HIGH_VARIANCE;idle_baseline_13.54W_pooled_median
SEAL,BFV,8192,1,constrained,relinearize,energy_pkg_j_per_op,0.04553627222222222,0.006915397812284352,0.04295402024099171,0.04811852420345274,0.04360260416666667,0.042818739583333335,0.044648708333333335,HIGH_VARIANCE
SEAL,BFV,8192,1,constrained,relinearize,idle_power_w,24.7503,,,,,,,cell_reading_not_used_for_correction
SEAL,BFV,8192,1,constrained,relinearize,peak_memory_mb,22.286458333333332,0.041768268052982914,22.18270020350842,22.390216463158243,22.27734375,22.263671875,22.3046875,n=3_invocations_inner_loop_1
SEAL,BFV,8192,3,constrained,add,latency_ms,0.038566557,0.0014074044930730547,0.038287297414710555,0.03884581658528945,0.038102250000000004,0.037811075,0.038731075000000004,
SEAL,BFV,8192,3,constrained,add,energy_net_j_per_op,0.0005011860185776696,0.00014202661929379275,0.000448152407350361,0.0005542196298049781,0.00047303173197608793,0.00042651031416590304,0.000496129571897629,HIGH_VARIANCE;idle_baseline_13.54W_pooled_median
SEAL,BFV,8192,3,constrained,add,energy_pkg_j_per_op,0.0010818600202173363,0.00020028391358810067,0.0010070727777896104,0.0011566472626450622,0.0010345883244882487,0.0010085523123578469,0.001071649166034875,HIGH_VARIANCE
SEAL,BFV,8192,3,constrained,add,idle_power_w,12.4326,,,,,,,cell_reading_not_used_for_correction
SEAL,BFV,8192,3,constrained,add,peak_memory_mb,13.21875,0.0450490726354328,13.106841899786941,13.330658100213059,13.21484375,13.1953125,13.240234375,n=3_invocations_inner_loop_1
SEAL,BFV,8192,3,constrained,decrypt,latency_ms,0.52000463,0.004549210617849609,0.5191019679175726,0.5209072920824274,0.5191465,0.51678225,0.5223745,
SEAL,BFV,8192,3,constrained,decrypt,energy_net_j_per_op,0.004033497555847857,0.0007673625391661229,0.003746959674604949,0.004320035437090765,0.0038488064639619042,0.003694324234884524,0.00402536666445,HIGH_VARIANCE;idle_baseline_13.54W_pooled_median
SEAL,BFV,8192,3,constrained,decrypt,energy_pkg_j_per_op,0.011281492857142857,0.0007664936448659115,0.010995279426363842,0.011567706287921873,0.011103101190476191,0.010946622023809525,0.011258,HIGH_VARIANCE
SEAL,BFV,8192,3,constrained,decrypt,idle_power_w,9.10554,,,,,,,cell_reading_not_used_for_correction
SEAL,BFV,8192,3,constrained,decrypt,peak_memory_mb,13.21484375,0.08459534307698326,13.004697268024008,13.424990231975992,13.26171875,13.189453125,13.263671875,n=3_invocations_inner_loop_1
SEAL,BFV,8192,3,constrained,encrypt,latency_ms,1.8014241,0.016315699887475915,1.7981867111706273,1.8046614888293726,1.797315,1.7923375,1.8046475,
SEAL,BFV,8192,3,constrained,encrypt,energy_net_j_per_op,0.016596918554454318,0.0020753634669754117,0.015821965099882134,0.017371872009026502,0.01624521092514815,0.015525162933763888,0.017033581436277773,HIGH_VARIANCE;idle_baseline_13.54W_pooled_median
SEAL,BFV,8192,3,constrained,encrypt,energy_pkg_j_per_op,0.041747454320987656,0.0020927480657653044,0.040966009350542246,0.04252889929143307,0.04133337037037037,0.04074394444444445,0.042136925925925925,HIGH_VARIANCE
SEAL,BFV,8192,3,constrained,encrypt,idle_power_w,10.9411,,,,,,,cell_reading_not_used_for_correction
SEAL,BFV,8192,3,constrained,encrypt,peak_memory_mb,12.5390625,0.0723447624119224,12.359348147444926,12.718776852555074,12.56640625,12.51171875,12.580078125,n=3_invocations_inner_loop_1
SEAL,BFV,8192,3,constrained,keygen,latency_ms,44.793766,0.8337057084650871,44.62834070006292,44.959191299937075,45.06185,44.088375,45.379625000000004,
SEAL,BFV,8192,3,constrained,keygen,energy_net_j_per_op,0.3864473012188333,0.08808055701276578,0.35355748070119486,0.41933712173647175,0.3687920104749999,0.3285182860987499,0.41874706256124994,HIGH_VARIANCE;idle_baseline_13.54W_pooled_median
SEAL,BFV,8192,3,constrained,keygen,energy_pkg_j_per_op,0.9964745666666667,0.09207269142543294,0.9620940586605751,1.0308550746727583,0.9835465,0.93486525,1.03743375,HIGH_VARIANCE
SEAL,BFV,8192,3,constrained,keygen,idle_power_w,17.6467,,,,,,,cell_reading_not_used_for_correction
SEAL,BFV,8192,3,constrained,keygen,peak_memory_mb,11.873697916666666,0.04627436365603349,11.758746024821464,11.988649808511868,11.8984375,11.859375,11.900390625,n=3_invocations_inner_loop_1
SEAL,BFV,8192,3,constrained,multiply,latency_ms,5.7030688,0.06074883826099564,5.691014912533335,5.715122687466664,5.68682,5.67382,5.70074,
SEAL,BFV,8192,3,constrained,multiply,energy_net_j_per_op,0.07160132811191666,0.018783753585751135,0.06458735925164523,0.0786152969721881,0.06341937654983332,0.05824671009334721,0.07933453800795832,HIGH_VARIANCE;idle_baseline_13.54W_pooled_median
SEAL,BFV,8192,3,constrained,multiply,energy_pkg_j_per_op,0.15587013333333333,0.022897326104800875,0.14732013125044924,0.16442013541621742,0.1457868333333333,0.13980094444444444,0.16252102777777777,HIGH_VARIANCE
SEAL,BFV,8192,3,constrained,multiply,idle_power_w,12.8578,,,,,,,cell_reading_not_used_for_correction
SEAL,BFV,8192,3,constrained,multiply,peak_memory_mb,16.479166666666668,0.014788823817188212,16.44242919170996,16.515904141623377,16.47265625,16.470703125,16.484375,n=3_invocations_inner_loop_1
SEAL,BFV,8192,3,constrained,relinearize,latency_ms,1.1381036,0.00810326452733712,1.136495736516167,1.139711463483833,1.13669,1.1324800000000002,1.142015,
SEAL,BFV,8192,3,constrained,relinearize,energy_net_j_per_op,0.012054319283573683,0.003059892423067484,0.010911736674980672,0.013196901892166693,0.012199839011381578,0.00912038692055263,0.014038706734230258,HIGH_VARIANCE;idle_baseline_13.54W_pooled_median
SEAL,BFV,8192,3,constrained,relinearize,energy_pkg_j_per_op,0.028699549122807016,0.0032392753212965434,0.02748998383918582,0.02990911440642821,0.0290155,0.02574407236842105,0.030646105263157895,HIGH_VARIANCE
SEAL,BFV,8192,3,constrained,relinearize,idle_power_w,9.25388,,,,,,,cell_reading_not_used_for_correction
SEAL,BFV,8192,3,constrained,relinearize,peak_memory_mb,16.501302083333332,0.013718299157360336,16.46722393905546,16.535380227611203,16.5,16.494140625,16.5078125,n=3_invocations_inner_loop_1
SEAL,BFV,8192,5,constrained,add,latency_ms,0.020121952,0.0010506371841041142,0.01991348278893336,0.020330421211066638,0.019919600000000003,0.0195589,0.020214425,HIGH_VARIANCE
SEAL,BFV,8192,5,constrained,add,energy_net_j_per_op,0.00025522319234368813,4.5178819098075614e-05,0.00023835314404098266,0.0002720932406463936,0.00024217380025804612,0.00023331955507387706,0.00025165042637896243,HIGH_VARIANCE;idle_baseline_13.54W_pooled_median
SEAL,BFV,8192,5,constrained,add,energy_pkg_j_per_op,0.0005427355969473547,5.46787384076866e-05,0.0005223182204757337,0.0005631529734189758,0.0005274902987970508,0.0005153481761738455,0.0005493145129996119,HIGH_VARIANCE
SEAL,BFV,8192,5,constrained,add,idle_power_w,12.245,,,,,,,cell_reading_not_used_for_correction
SEAL,BFV,8192,5,constrained,add,peak_memory_mb,9.190104166666666,0.041768268052982914,9.086346036841755,9.293862296491577,9.16796875,9.166015625,9.203125,n=3_invocations_inner_loop_1
SEAL,BFV,8192,5,constrained,decrypt,latency_ms,0.32852134,0.005481547962487467,0.3274336819611898,0.32960899803881016,0.3273545,0.324619,0.33128525,
SEAL,BFV,8192,5,constrained,decrypt,energy_net_j_per_op,0.0037916609948825393,0.0017889947949500885,0.0031236393598198776,0.004459682629945201,0.003387070266308673,0.002919471428672873,0.003991141993855357,HIGH_VARIANCE;idle_baseline_13.54W_pooled_median
SEAL,BFV,8192,5,constrained,decrypt,energy_pkg_j_per_op,0.008533982539682539,0.0021426941847116237,0.007733887381915325,0.009334077697449754,0.008055397959183672,0.007553562925170068,0.008845278911564626,HIGH_VARIANCE
SEAL,BFV,8192,5,constrained,decrypt,idle_power_w,20.1604,,,,,,,cell_reading_not_used_for_correction
SEAL,BFV,8192,5,constrained,decrypt,peak_memory_mb,9.162760416666666,0.06991350915968124,8.9890856320023,9.336435201331032,9.1796875,9.1328125,9.201171875,n=3_invocations_inner_loop_1
SEAL,BFV,8192,5,constrained,encrypt,latency_ms,1.4749599,0.08685145291661663,1.4577266874852939,1.492193112514706,1.44958,1.4186899999999998,1.5033825,HIGH_VARIANCE
SEAL,BFV,8192,5,constrained,encrypt,energy_net_j_per_op,0.012643856656449999,0.0023900234151114368,0.011751407246251837,0.01353630606664816,0.012328990883499999,0.011310299721499998,0.013466086314499998,HIGH_VARIANCE;idle_baseline_13.54W_pooled_median
SEAL,BFV,8192,5,constrained,encrypt,energy_pkg_j_per_op,0.03201335,0.0025563895647656427,0.031058778448572143,0.03296792155142786,0.0315533125,0.030518390625,0.032930679687500006,HIGH_VARIANCE
SEAL,BFV,8192,5,constrained,encrypt,idle_power_w,11.7604,,,,,,,cell_reading_not_used_for_correction
SEAL,BFV,8192,5,constrained,encrypt,peak_memory_mb,8.764322916666666,0.05157630812588115,8.63620026461831,8.892445568715022,8.75390625,8.736328125,8.787109375,n=3_invocations_inner_loop_1
SEAL,BFV,8192,5,constrained,keygen,latency_ms,26.101164999999998,0.6165941440360879,25.978819344715465,26.22351065528453,26.17935,25.901500000000002,26.407349999999997,
SEAL,BFV,8192,5,constrained,keygen,energy_net_j_per_op,0.12929212781099997,0.027756333899719297,0.1189277423989379,0.13965651322306205,0.13085589158749997,0.11289626787374997,0.13709480722874995,HIGH_VARIANCE;idle_baseline_13.54W_pooled_median
SEAL,BFV,8192,5,constrained,keygen,energy_pkg_j_per_op,0.4828597666666667,0.028532516068856248,0.4722055500694067,0.4935139832639267,0.4807795,0.468112,0.49065925,HIGH_VARIANCE
SEAL,BFV,8192,5,constrained,keygen,idle_power_w,14.4544,,,,,,,cell_reading_not_used_for_correction
SEAL,BFV,8192,5,constrained,keygen,peak_memory_mb,7.94140625,0.04078244730043184,7.840097034683527,8.042715465316473,7.921875,7.91796875,7.955078125,n=3_invocations_inner_loop_1
SEAL,BFV,8192,5,constrained,multiply,latency_ms,,,,,,,,skipped_depth0_undefined_at_this_config
SEAL,BFV,8192,5,constrained,relinearize,latency_ms,,,,,,,,skipped_depth0_undefined_at_this_config
SEAL,BGV,2048,1,constrained,add,latency_ms,0.0050974086,0.0005403002881526329,0.004990201300930051,0.005204615899069948,0.00495499,0.004827125,0.0051037975,HIGH_VARIANCE
SEAL,BGV,2048,1,constrained,add,energy_net_j_per_op,6.98753695291186e-05,1.6123366452138766e-05,6.385480555069031e-05,7.589593350754689e-05,6.342730928512078e-05,5.907696514655264e-05,7.966396617961945e-05,HIGH_VARIANCE;idle_baseline_13.54W_pooled_median
SEAL,BGV,2048,1,constrained,add,energy_pkg_j_per_op,0.00015081350147301862,2.2257500042904765e-05,0.0001425024143681043,0.00015912458857793294,0.00013991377452037077,0.00013709506359129122,0.00015742932205216643,HIGH_VARIANCE
SEAL,BGV,2048,1,constrained,add,idle_power_w,22.1945,,,,,,,cell_reading_not_used_for_correction
SEAL,BGV,2048,1,constrained,add,peak_memory_mb,5.466145833333333,0.06326838861071012,5.308978443223793,5.623313223442873,5.43359375,5.4296875,5.486328125,n=3_invocations_inner_loop_1
SEAL,BGV,2048,1,constrained,decrypt,latency_ms,0.0465004,0.0038274891792627885,0.04574094310884932,0.04725985689115068,0.0455118,0.045097675000000004,0.04754785,HIGH_VARIANCE
SEAL,BGV,2048,1,constrained,decrypt,energy_net_j_per_op,0.00043414138621109113,0.00015870593293203868,0.00037487961691434844,0.0004934031555078338,0.00040228078950995793,0.0003305131034434606,0.0004700758771160274,HIGH_VARIANCE;idle_baseline_13.54W_pooled_median
SEAL,BGV,2048,1,constrained,decrypt,energy_pkg_j_per_op,0.0011042596109462578,0.00021781019929575975,0.0010229279458807163,0.0011855912760117993,0.0010552171117705243,0.0009778212166172107,0.0011482663204747776,HIGH_VARIANCE
SEAL,BGV,2048,1,constrained,decrypt,idle_power_w,23.1688,,,,,,,cell_reading_not_used_for_correction
SEAL,BGV,2048,1,constrained,decrypt,peak_memory_mb,5.52734375,0.05078125,5.401196131825179,5.653491368174821,5.52734375,5.501953125,5.552734375,n=3_invocations_inner_loop_1
SEAL,BGV,2048,1,constrained,encrypt,latency_ms,0.44363629,0.003770022991905348,0.44288823564715907,0.4443843443528409,0.4434105,0.44095924999999997,0.44584974999999993,
SEAL,BGV,2048,1,constrained,encrypt,energy_net_j_per_op,0.004856484955270616,0.0004974799728949524,0.004670722880477388,0.005042247030063845,0.004835160825634259,0.004615718607373147,0.005079677997742593,HIGH_VARIANCE;idle_baseline_13.54W_pooled_median
SEAL,BGV,2048,1,constrained,encrypt,energy_pkg_j_per_op,0.011163742283950617,0.0005231539669602781,0.010968393382218306,0.011359091185682929,0.011124356481481482,0.01087305324074074,0.011401324074074074,
SEAL,BGV,2048,1,constrained,encrypt,idle_power_w,22.8563,,,,,,,cell_reading_not_used_for_correction
SEAL,BGV,2048,1,constrained,encrypt,peak_memory_mb,5.442708333333333,0.05037901594310704,5.31755991994819,5.567856746718476,5.45703125,5.421875,5.470703125,n=3_invocations_inner_loop_1
SEAL,BGV,2048,1,constrained,keygen,latency_ms,21.940459,0.7174391378959253,21.798103510085536,22.082814489914465,22.1918,21.69165,22.447875,
SEAL,BGV,2048,1,constrained,keygen,energy_net_j_per_op,0.28357887618816663,0.045039939211959756,0.2667606864872091,0.3003970658891242,0.2709500636325,0.26431068841624994,0.29806736671625,HIGH_VARIANCE;idle_baseline_13.54W_pooled_median
SEAL,BGV,2048,1,constrained,keygen,energy_pkg_j_per_op,0.5840721666666666,0.047804467350817774,0.566221685193419,0.6019226481399143,0.57631,0.549234,0.59561175,HIGH_VARIANCE
SEAL,BGV,2048,1,constrained,keygen,idle_power_w,12.0946,,,,,,,cell_reading_not_used_for_correction
SEAL,BGV,2048,1,constrained,keygen,peak_memory_mb,5.1796875,0.05078125,5.053539881825179,5.305835118174821,5.20703125,5.1640625,5.208984375,n=3_invocations_inner_loop_1
SEAL,BGV,2048,1,constrained,multiply,latency_ms,,,,,,,,skipped_depth0_undefined_at_this_config
SEAL,BGV,2048,1,constrained,relinearize,latency_ms,,,,,,,,skipped_depth0_undefined_at_this_config
SEAL,BGV,2048,3,constrained,add,latency_ms,0.0095356083,0.0008119196428679742,0.009374505828129537,0.009696710771870462,0.00924057,0.009140535,0.0094582525,HIGH_VARIANCE
SEAL,BGV,2048,3,constrained,add,energy_net_j_per_op,0.00010452152406177147,1.3399314237158087e-05,9.951813789726647e-05,0.00010952491022627648,0.00010250708245916067,9.506748875530174e-05,0.00010750124582047361,HIGH_VARIANCE;idle_baseline_13.54W_pooled_median
SEAL,BGV,2048,3,constrained,add,energy_pkg_j_per_op,0.00024351297628563817,1.4642175759870464e-05,0.00023804549800141185,0.0002489804545698645,0.00023991716626698643,0.00023249090727418066,0.00024574555355715423,HIGH_VARIANCE
SEAL,BGV,2048,3,constrained,add,idle_power_w,9.43027,,,,,,,cell_reading_not_used_for_correction
SEAL,BGV,2048,3,constrained,add,peak_memory_mb,5.287760416666667,0.029577647634376425,5.21428546675325,5.361235366580084,5.30078125,5.27734375,5.3046875,n=3_invocations_inner_loop_1
SEAL,BGV,2048,3,constrained,decrypt,latency_ms,0.080036914,0.00174044376873407,0.0796915721970795,0.08038225580292051,0.07934715,0.07853465,0.081582975,
SEAL,BGV,2048,3,constrained,decrypt,energy_net_j_per_op,0.0007587006992204644,7.997241062837382e-05,0.0007288385103204909,0.0007885628881204378,0.0007403586877568213,0.0007142890974514732,0.0008128871231574053,HIGH_VARIANCE;idle_baseline_13.54W_pooled_median
SEAL,BGV,2048,3,constrained,decrypt,energy_pkg_j_per_op,0.001907284249713631,8.088227891425737e-05,0.0018770823104120671,0.001937486189015195,0.0018840094501718213,0.0018666602233676974,0.0019583457903780068,
SEAL,BGV,2048,3,constrained,decrypt,idle_power_w,11.2883,,,,,,,cell_reading_not_used_for_correction
SEAL,BGV,2048,3,constrained,decrypt,peak_memory_mb,5.140625,0.0078125,5.12121767412695,5.16003232587305,5.140625,5.13671875,5.14453125,n=3_invocations_inner_loop_1
SEAL,BGV,2048,3,constrained,encrypt,latency_ms,0.36438429,0.0036715198303353147,0.3636557808114563,0.3651127991885437,0.36428150000000004,0.361494,0.36680825,
SEAL,BGV,2048,3,constrained,encrypt,energy_net_j_per_op,0.002656716611521025,0.0004910102489053964,0.002473370371368628,0.0028400628516734223,0.0025221550320519226,0.0023401889940346146,0.002924653059661539,HIGH_VARIANCE;idle_baseline_13.54W_pooled_median
SEAL,BGV,2048,3,constrained,encrypt,energy_pkg_j_per_op,0.007696871025641026,0.0005042587583524569,0.007508577710758199,0.007885164340523852,0.007558576923076923,0.007362659615384616,0.007993725,HIGH_VARIANCE
SEAL,BGV,2048,3,constrained,encrypt,idle_power_w,9.052,,,,,,,cell_reading_not_used_for_correction
SEAL,BGV,2048,3,constrained,encrypt,peak_memory_mb,5.14453125,0.020669932117692115,5.0931842921271215,5.1958782078728785,5.13671875,5.1328125,5.15234375,n=3_invocations_inner_loop_1
SEAL,BGV,2048,3,constrained,keygen,latency_ms,14.393188,0.5520889602741261,14.283641572624036,14.502734427375964,14.5233,14.237725000000001,14.734025,
SEAL,BGV,2048,3,constrained,keygen,energy_net_j_per_op,0.19540840385799998,0.03885886043376716,0.1808982669046048,0.20991854081139516,0.18817593659999998,0.17535226228,0.22078453272499998,HIGH_VARIANCE;idle_baseline_13.54W_pooled_median
SEAL,BGV,2048,3,constrained,keygen,energy_pkg_j_per_op,0.3908911666666667,0.04199027454976173,0.37521174046562816,0.4065705928677052,0.3839145,0.37390049999999997,0.41801550000000004,HIGH_VARIANCE
SEAL,BGV,2048,3,constrained,keygen,idle_power_w,14.3658,,,,,,,cell_reading_not_used_for_correction
SEAL,BGV,2048,3,constrained,keygen,peak_memory_mb,4.9453125,0.0546875,4.809461218888654,5.081163781111346,4.96875,4.92578125,4.9765625,n=3_invocations_inner_loop_1
SEAL,BGV,2048,3,constrained,multiply,latency_ms,,,,,,,,skipped_depth0_undefined_at_this_config
SEAL,BGV,2048,3,constrained,relinearize,latency_ms,,,,,,,,skipped_depth0_undefined_at_this_config
SEAL,BGV,2048,5,constrained,add,latency_ms,0.0049445421,0.0004486205031663198,0.004855526059278816,0.005033558140721184,0.004833955,0.0047092675,0.0050629099999999995,HIGH_VARIANCE
SEAL,BGV,2048,5,constrained,add,energy_net_j_per_op,7.769947826968055e-05,1.9295387565079185e-05,7.049446214175404e-05,8.490449439760705e-05,7.246383182804857e-05,6.428031546373169e-05,8.844060689803005e-05,HIGH_VARIANCE;idle_baseline_13.54W_pooled_median
SEAL,BGV,2048,5,constrained,add,energy_pkg_j_per_op,0.00015933621615028056,2.0813221270419453e-05,0.0001515644316022017,0.0001671080006983594,0.0001535356794340083,0.0001450389424249817,0.0001706088680165894,HIGH_VARIANCE
SEAL,BGV,2048,5,constrained,add,idle_power_w,18.9449,,,,,,,cell_reading_not_used_for_correction
SEAL,BGV,2048,5,constrained,add,peak_memory_mb,4.826822916666667,0.029318568357285683,4.753991555355804,4.89965427797753,4.84375,4.818359375,4.84375,n=3_invocations_inner_loop_1
SEAL,BGV,2048,5,constrained,decrypt,latency_ms,0.046006119,0.0013440324120291332,0.04573943381045702,0.04627280418954298,0.045476600000000006,0.04518032499999999,0.04612070000000001,
SEAL,BGV,2048,5,constrained,decrypt,energy_net_j_per_op,0.00030428178507589264,4.3136930642364145e-05,0.00028817419045312537,0.0003203893796986599,0.00030124387316326725,0.0002827446495933167,0.0003127306524268068,HIGH_VARIANCE;idle_baseline_13.54W_pooled_median
SEAL,BGV,2048,5,constrained,decrypt,energy_pkg_j_per_op,0.0009499359405940594,4.5085136346259925e-05,0.0009331008740057903,0.0009667710071823285,0.0009452490099009901,0.0009304472772277228,0.000959569801980198,
SEAL,BGV,2048,5,constrained,decrypt,idle_power_w,15.7663,,,,,,,cell_reading_not_used_for_correction
SEAL,BGV,2048,5,constrained,decrypt,peak_memory_mb,4.796875,0.07841742148392473,4.602075326033562,4.991674673966438,4.7890625,4.755859375,4.833984375,n=3_invocations_inner_loop_1
SEAL,BGV,2048,5,constrained,encrypt,latency_ms,0.26410239,0.002067869185315105,0.2636920798908835,0.26451270010911654,0.2635435,0.262738,0.26530000000000004,
SEAL,BGV,2048,5,constrained,encrypt,energy_net_j_per_op,0.0037019715895545576,0.0002999634668036803,0.0035899633902468286,0.0038139797888622866,0.003584577450706491,0.003461639094538536,0.003972375748769751,HIGH_VARIANCE;idle_baseline_13.54W_pooled_median
SEAL,BGV,2048,5,constrained,encrypt,energy_pkg_j_per_op,0.007661092817679558,0.00043722121716911565,0.007497831732067765,0.007824353903291352,0.007510138121546961,0.00736314502762431,0.007844258287292818,HIGH_VARIANCE
SEAL,BGV,2048,5,constrained,encrypt,idle_power_w,21.735,,,,,,,cell_reading_not_used_for_correction
SEAL,BGV,2048,5,constrained,encrypt,peak_memory_mb,4.701822916666667,0.03252603124165832,4.6210237758456945,4.7826220574876395,4.69140625,4.68359375,4.71484375,n=3_invocations_inner_loop_1
SEAL,BGV,2048,5,constrained,keygen,latency_ms,10.1803643,0.5855401058873213,10.064180439606467,10.296548160393534,10.37605,10.025425000000002,10.537825000000002,HIGH_VARIANCE
SEAL,BGV,2048,5,constrained,keygen,energy_net_j_per_op,0.13201689029556665,0.0315569374603643,0.12023333619057505,0.14380044440055825,0.133106353215,0.10871661811499997,0.14258514681374998,HIGH_VARIANCE;idle_baseline_13.54W_pooled_median
SEAL,BGV,2048,5,constrained,keygen,energy_pkg_j_per_op,0.2725964,0.032722671902752264,0.2603775535003905,0.28481524649960954,0.274949,0.24843874999999999,0.28675875,HIGH_VARIANCE
SEAL,BGV,2048,5,constrained,keygen,idle_power_w,12.0355,,,,,,,cell_reading_not_used_for_correction
SEAL,BGV,2048,5,constrained,keygen,peak_memory_mb,4.641927083333333,0.03522851369392886,4.554414603937332,4.729439562729334,4.64453125,4.625,4.66015625,n=3_invocations_inner_loop_1
SEAL,BGV,2048,5,constrained,multiply,latency_ms,,,,,,,,skipped_depth0_undefined_at_this_config
SEAL,BGV,2048,5,constrained,relinearize,latency_ms,,,,,,,,skipped_depth0_undefined_at_this_config
SEAL,BGV,4096,1,constrained,add,latency_ms,0.018940055,0.0011457477541044335,0.01871271378840639,0.01916739621159361,0.01872065,0.018156525,0.019344525,HIGH_VARIANCE
SEAL,BGV,4096,1,constrained,add,energy_net_j_per_op,0.0002117380864787136,9.191569596456281e-05,0.0001774162015411541,0.0002460599714162731,0.00017918247561118483,0.00016746845285931753,0.00022277874992298095,HIGH_VARIANCE;idle_baseline_13.54W_pooled_median
SEAL,BGV,4096,1,constrained,add,energy_pkg_j_per_op,0.0004858912985807136,0.00011368975773067031,0.0004434388453575397,0.0005283437518038875,0.0004435111420612813,0.0004337553720652607,0.000488674990051731,HIGH_VARIANCE
SEAL,BGV,4096,1,constrained,add,idle_power_w,11.843,,,,,,,cell_reading_not_used_for_correction
SEAL,BGV,4096,1,constrained,add,peak_memory_mb,8.97265625,0.0333750146301466,8.889748117527034,9.055564382472966,8.96875,8.955078125,8.98828125,n=3_invocations_inner_loop_1
SEAL,BGV,4096,1,constrained,decrypt,latency_ms,0.16479062,0.002108183534168069,0.16437231064944482,0.16520892935055517,0.164734,0.16349149999999998,0.1658325,
SEAL,BGV,4096,1,constrained,decrypt,energy_net_j_per_op,0.0012340156627571343,0.0002941335390389369,0.001124184394253617,0.0013438469312606516,0.0011365225753850877,0.001058590987523026,0.0012163171201848683,HIGH_VARIANCE;idle_baseline_13.54W_pooled_median
SEAL,BGV,4096,1,constrained,decrypt,energy_pkg_j_per_op,0.0035542966081871345,0.0003528586981114695,0.003422537004903838,0.003686056211470431,0.003423573684210527,0.003345573684210526,0.0035752842105263158,HIGH_VARIANCE
SEAL,BGV,4096,1,constrained,decrypt,idle_power_w,14.4449,,,,,,,cell_reading_not_used_for_correction
SEAL,BGV,4096,1,constrained,decrypt,peak_memory_mb,8.83984375,0.04800080362283011,8.720603143526207,8.959084356473793,8.859375,8.822265625,8.8671875,n=3_invocations_inner_loop_1
SEAL,BGV,4096,1,constrained,encrypt,latency_ms,1.2412832,0.047136019829999876,1.2319303910423,1.2506360089577,1.228305,1.218405,1.248945,
SEAL,BGV,4096,1,constrained,encrypt,energy_net_j_per_op,0.007762921599059828,0.000971368465420257,0.007400206653018606,0.00812563654510105,0.007606738808333333,0.007247178853506408,0.00800476858401282,HIGH_VARIANCE;idle_baseline_13.54W_pooled_median
SEAL,BGV,4096,1,constrained,encrypt,energy_pkg_j_per_op,0.024286026495726497,0.000971983059109784,0.023923082056629994,0.024648970934823,0.024143833333333333,0.02378692948717949,0.024483512820512823,
SEAL,BGV,4096,1,constrained,encrypt,idle_power_w,14.5116,,,,,,,cell_reading_not_used_for_correction
SEAL,BGV,4096,1,constrained,encrypt,peak_memory_mb,8.739583333333334,0.09930893211285596,8.492886269958134,8.986280396708533,8.79296875,8.708984375,8.796875,n=3_invocations_inner_loop_1
SEAL,BGV,4096,1,constrained,keygen,latency_ms,41.663477,0.9067351036843868,41.4835610836671,41.8433929163329,41.79875,40.966049999999996,42.40885,
SEAL,BGV,4096,1,constrained,keygen,energy_net_j_per_op,0.5232340213091666,0.07274447788829674,0.4960707868504127,0.5503972557679205,0.5162201959625,0.48455815436374994,0.5495756302275,HIGH_VARIANCE;idle_baseline_13.54W_pooled_median
SEAL,BGV,4096,1,constrained,keygen,energy_pkg_j_per_op,1.0925638333333334,0.07507869772495199,1.0645289868630299,1.120598679803637,1.0782145,1.0456385,1.1251285000000002,HIGH_VARIANCE
SEAL,BGV,4096,1,constrained,keygen,idle_power_w,12.3499,,,,,,,cell_reading_not_used_for_correction
SEAL,BGV,4096,1,constrained,keygen,peak_memory_mb,8.110677083333334,0.08614440055741193,7.896682529252541,8.324671637414127,8.1328125,8.07421875,8.158203125,n=3_invocations_inner_loop_1
SEAL,BGV,4096,1,constrained,multiply,latency_ms,0.14284706,0.0030012618383983528,0.14225154453841005,0.14344257546158995,0.142518,0.14196475,0.1435075,
SEAL,BGV,4096,1,constrained,multiply,energy_net_j_per_op,0.0015589937420273624,0.00032812745581702204,0.001436468936386464,0.0016815185476682607,0.001503686396175,0.0013625093707369741,0.0016156494718629854,HIGH_VARIANCE;idle_baseline_13.54W_pooled_median
SEAL,BGV,4096,1,constrained,multiply,energy_pkg_j_per_op,0.003563440776699029,0.00036423818916284713,0.003427432001623964,0.003699449551774094,0.0035233624595469256,0.003348205501618123,0.0036154296116504853,HIGH_VARIANCE
SEAL,BGV,4096,1,constrained,multiply,idle_power_w,12.4794,,,,,,,cell_reading_not_used_for_correction
SEAL,BGV,4096,1,constrained,multiply,peak_memory_mb,9.162760416666666,0.036920434580098506,9.071044972792032,9.2544758605413,9.17578125,9.1484375,9.18359375,n=3_invocations_inner_loop_1
SEAL,BGV,4096,1,constrained,relinearize,latency_ms,0.66375019,0.016508490035935013,0.6604745474225603,0.6670258325774397,0.6617825,0.6583142500000001,0.66506,
SEAL,BGV,4096,1,constrained,relinearize,energy_net_j_per_op,0.007051496478256037,0.0009031144133232954,0.006714268014126427,0.007388724942385647,0.006955862985496375,0.006360500224910688,0.007472362226087681,HIGH_VARIANCE;idle_baseline_13.54W_pooled_median
SEAL,BGV,4096,1,constrained,relinearize,energy_pkg_j_per_op,0.01688819082125604,0.0008904061292791518,0.01655570770837618,0.0172206739341359,0.0168621884057971,0.016316057971014493,0.017438235507246377,HIGH_VARIANCE
SEAL,BGV,4096,1,constrained,relinearize,idle_power_w,13.4957,,,,,,,cell_reading_not_used_for_correction
SEAL,BGV,4096,1,constrained,relinearize,peak_memory_mb,9.311197916666666,0.04355658511374409,9.202997360990551,9.419398472342781,9.328125,9.294921875,9.3359375,n=3_invocations_inner_loop_1
SEAL,BGV,4096,3,constrained,add,latency_ms,0.0097615499,0.0009125778277406417,0.00958047466045551,0.009942625139544489,0.009429505000000001,0.00929029,0.009758645,HIGH_VARIANCE
SEAL,BGV,4096,3,constrained,add,energy_net_j_per_op,0.000161236527608954,9.200112059209175e-05,0.00012688274459124493,0.00019559031062666305,0.00013129612060720834,0.00011797934276180095,0.00015645031754410953,HIGH_VARIANCE;idle_baseline_13.54W_pooled_median
SEAL,BGV,4096,3,constrained,add,energy_pkg_j_per_op,0.00032534605966162065,0.00013346927937159792,0.00027550781167558474,0.00037518430764765657,0.00028326480409617097,0.0002644537511130899,0.0003090696237756011,HIGH_VARIANCE
SEAL,BGV,4096,3,constrained,add,idle_power_w,12.7741,,,,,,,cell_reading_not_used_for_correction
SEAL,BGV,4096,3,constrained,add,peak_memory_mb,6.713541666666667,0.054873196629441345,6.577229089555181,6.849854243778153,6.71875,6.6875,6.7421875,n=3_invocations_inner_loop_1
SEAL,BGV,4096,3,constrained,decrypt,latency_ms,0.095662208,0.002103626170782252,0.0952448029292133,0.09607961307078669,0.09501380000000001,0.093699125,0.09706815,
SEAL,BGV,4096,3,constrained,decrypt,energy_net_j_per_op,0.0013439582649002748,0.00023121053727328674,0.0012576228313992922,0.0014302936984012574,0.0013749196795279678,0.0011640852624909455,0.0014682520441199446,HIGH_VARIANCE;idle_baseline_13.54W_pooled_median
SEAL,BGV,4096,3,constrained,decrypt,energy_pkg_j_per_op,0.002755404359490275,0.0002505234244982529,0.002661857375380973,0.0028489513435995774,0.0028050462776659964,0.0025432263581488933,0.0028937781690140845,HIGH_VARIANCE
SEAL,BGV,4096,3,constrained,decrypt,idle_power_w,21.0987,,,,,,,cell_reading_not_used_for_correction
SEAL,BGV,4096,3,constrained,decrypt,peak_memory_mb,6.766927083333333,0.052746429949294515,6.635897687536094,6.897956479130572,6.765625,6.740234375,6.79296875,n=3_invocations_inner_loop_1
SEAL,BGV,4096,3,constrained,encrypt,latency_ms,0.88572749,0.010784381404263584,0.8835876347605286,0.8878673452394713,0.8841685,0.878031,0.8924799999999999,
SEAL,BGV,4096,3,constrained,encrypt,energy_net_j_per_op,0.008641683088464197,0.0013380384493654734,0.008142051320252837,0.009141314856675556,0.008392931169759258,0.007603006968404165,0.009615907001699071,HIGH_VARIANCE;idle_baseline_13.54W_pooled_median
SEAL,BGV,4096,3,constrained,encrypt,energy_pkg_j_per_op,0.021304697530864197,0.0013807075582093315,0.02078913285556054,0.021820262206167854,0.02114575925925926,0.020212962962962964,0.022295824074074076,HIGH_VARIANCE
SEAL,BGV,4096,3,constrained,encrypt,idle_power_w,14.311,,,,,,,cell_reading_not_used_for_correction
SEAL,BGV,4096,3,constrained,encrypt,peak_memory_mb,6.688802083333333,0.04302789490067267,6.581914866953342,6.795689299713324,6.66796875,6.6640625,6.703125,n=3_invocations_inner_loop_1
SEAL,BGV,4096,3,constrained,keygen,latency_ms,24.792696,0.7639761105948248,24.64110656507507,24.94428543492493,25.068199999999997,24.666650000000004,25.252875,
SEAL,BGV,4096,3,constrained,keygen,energy_net_j_per_op,0.21149574784999997,0.06002046529767882,0.18908373777677012,0.23390775792322982,0.19054443174999997,0.17961438102999988,0.21805703227,HIGH_VARIANCE;idle_baseline_13.54W_pooled_median
SEAL,BGV,4096,3,constrained,keygen,energy_pkg_j_per_op,0.5512496666666666,0.0609605734911329,0.5284866144247845,0.5740127189085488,0.5283545000000001,0.5169747499999999,0.5608995,HIGH_VARIANCE
SEAL,BGV,4096,3,constrained,keygen,idle_power_w,22.4325,,,,,,,cell_reading_not_used_for_correction
SEAL,BGV,4096,3,constrained,keygen,peak_memory_mb,6.109375,0.05833275204323468,5.96446841081922,6.25428158918078,6.0859375,6.076171875,6.130859375,n=3_invocations_inner_loop_1
SEAL,BGV,4096,3,constrained,multiply,latency_ms,,,,,,,,skipped_depth0_undefined_at_this_config
SEAL,BGV,4096,3,constrained,relinearize,latency_ms,,,,,,,,skipped_depth0_undefined_at_this_config
SEAL,BGV,4096,5,constrained,add,latency_ms,0.0106515116,0.0009290285426019651,0.010467172181726155,0.010835851018273845,0.0103387,0.010181474999999999,0.010614925,HIGH_VARIANCE
SEAL,BGV,4096,5,constrained,add,energy_net_j_per_op,0.00013312887726786292,3.048798322011549e-05,0.00012174447723609382,0.00014451327729963202,0.0001265916295686758,0.00011694413035562417,0.0001336063831599944,HIGH_VARIANCE;idle_baseline_13.54W_pooled_median
SEAL,BGV,4096,5,constrained,add,energy_pkg_j_per_op,0.0002843362263870296,3.745650110341534e-05,0.0002703497390135278,0.0002983227137605314,0.0002772414100847836,0.0002676542280232039,0.00028683138107987505,HIGH_VARIANCE
SEAL,BGV,4096,5,constrained,add,idle_power_w,12.0893,,,,,,,cell_reading_not_used_for_correction
SEAL,BGV,4096,5,constrained,add,peak_memory_mb,6.776041666666667,0.03501127515559571,6.689068837716184,6.86301449561715,6.7578125,6.755859375,6.787109375,n=3_invocations_inner_loop_1
SEAL,BGV,4096,5,constrained,decrypt,latency_ms,0.096278539,0.0018316512276016813,0.09591509965847986,0.09664197834152013,0.09563289999999999,0.09462635,0.09795432500000001,
SEAL,BGV,4096,5,constrained,decrypt,energy_net_j_per_op,0.00127937851460043,0.00015238694375366922,0.0012224762946409986,0.0013362807345598615,0.0012518579016427421,0.0011967764540375,0.0013541286117762096,HIGH_VARIANCE;idle_baseline_13.54W_pooled_median
SEAL,BGV,4096,5,constrained,decrypt,energy_pkg_j_per_op,0.0026846664650537633,0.0001573608494773175,0.0026259069581734654,0.0027434259719340613,0.0026602288306451613,0.002588446572580645,0.0027344818548387098,HIGH_VARIANCE
SEAL,BGV,4096,5,constrained,decrypt,idle_power_w,21.3028,,,,,,,cell_reading_not_used_for_correction
SEAL,BGV,4096,5,constrained,decrypt,peak_memory_mb,6.751302083333333,0.041768268052982914,6.647543953508421,6.855060213158245,6.7421875,6.728515625,6.76953125,n=3_invocations_inner_loop_1
SEAL,BGV,4096,5,constrained,encrypt,latency_ms,0.87731299,0.009105533295521938,0.875506254648179,0.8791197253518209,0.875621,0.8728119999999999,0.87990675,
SEAL,BGV,4096,5,constrained,encrypt,energy_net_j_per_op,0.010837479946606087,0.002486171768700513,0.009909128151138577,0.011765831742073598,0.009397691894269387,0.00892222720734541,0.013383264686716835,HIGH_VARIANCE;idle_baseline_13.54W_pooled_median
SEAL,BGV,4096,5,constrained,encrypt,energy_pkg_j_per_op,0.023646973469387756,0.0026357289245014267,0.022662776114148096,0.024631170824627416,0.02207194897959184,0.021672897959183673,0.026120448979591836,HIGH_VARIANCE
SEAL,BGV,4096,5,constrained,encrypt,idle_power_w,14.3181,,,,,,,cell_reading_not_used_for_correction
SEAL,BGV,4096,5,constrained,encrypt,peak_memory_mb,6.635416666666667,0.06130863211975809,6.483117581562149,6.787715751771185,6.65625,6.611328125,6.669921875,n=3_invocations_inner_loop_1
SEAL,BGV,4096,5,constrained,keygen,latency_ms,22.439978,0.741642672622433,22.29282000369627,22.58713599630373,22.688650000000003,22.249550000000003,22.878375000000002,
SEAL,BGV,4096,5,constrained,keygen,energy_net_j_per_op,0.21638126968349997,0.10866206007790688,0.1758061896176322,0.25695634974936776,0.18491416519249995,0.14229346104124999,0.26101084189249996,HIGH_VARIANCE;idle_baseline_13.54W_pooled_median
SEAL,BGV,4096,5,constrained,keygen,energy_pkg_j_per_op,0.5233677333333333,0.11091048660283734,0.48195307700500684,0.5647823896616598,0.4916045,0.451984,0.56619,HIGH_VARIANCE
SEAL,BGV,4096,5,constrained,keygen,idle_power_w,17.1255,,,,,,,cell_reading_not_used_for_correction
SEAL,BGV,4096,5,constrained,keygen,peak_memory_mb,6.055989583333333,0.028258508351836856,5.9857915570587235,6.126187609607943,6.0703125,6.046875,6.072265625,n=3_invocations_inner_loop_1
SEAL,BGV,4096,5,constrained,multiply,latency_ms,,,,,,,,skipped_depth0_undefined_at_this_config
SEAL,BGV,4096,5,constrained,relinearize,latency_ms,,,,,,,,skipped_depth0_undefined_at_this_config
SEAL,BGV,8192,1,constrained,add,latency_ms,0.057712949,0.005337242707530725,0.05665392425449865,0.058771973745501346,0.05609965,0.05524055,0.05941775,HIGH_VARIANCE
SEAL,BGV,8192,1,constrained,add,energy_net_j_per_op,0.0008290152877477985,0.00021777493776139152,0.0007476967895555816,0.0009103337859400154,0.0007879783418376469,0.0006508398590880132,0.000905519020591175,HIGH_VARIANCE;idle_baseline_13.54W_pooled_median
SEAL,BGV,8192,1,constrained,add,energy_pkg_j_per_op,0.0017180502114571318,0.0002781535722766764,0.001614185960607833,0.0018219144623064305,0.0016509700115340253,0.001528219723183391,0.0017700383506343716,HIGH_VARIANCE
SEAL,BGV,8192,1,constrained,add,idle_power_w,21.0716,,,,,,,cell_reading_not_used_for_correction
SEAL,BGV,8192,1,constrained,add,peak_memory_mb,17.89453125,0.04736076426946149,17.776880589420912,18.012181910579088,17.90234375,17.873046875,17.919921875,n=3_invocations_inner_loop_1
SEAL,BGV,8192,1,constrained,decrypt,latency_ms,0.50852956,0.02950474533219319,0.5026751784159622,0.5143839415840379,0.501876,0.49744775,0.5079785,HIGH_VARIANCE
SEAL,BGV,8192,1,constrained,decrypt,energy_net_j_per_op,0.0036701225072710516,0.0007416783971542775,0.003393175242272733,0.00394706977226937,0.003480461124303946,0.003245920163666447,0.0038122080137427622,HIGH_VARIANCE;idle_baseline_13.54W_pooled_median
SEAL,BGV,8192,1,constrained,decrypt,energy_pkg_j_per_op,0.010524620701754386,0.0007859908834910258,0.010231126882422916,0.010818114521085855,0.01032018947368421,0.010081563157894737,0.010658236842105264,HIGH_VARIANCE
SEAL,BGV,8192,1,constrained,decrypt,idle_power_w,9.0734,,,,,,,cell_reading_not_used_for_correction
SEAL,BGV,8192,1,constrained,decrypt,peak_memory_mb,17.709635416666668,0.09506991841808235,17.473468647071282,17.945802186262053,17.69140625,17.658203125,17.751953125,n=3_invocations_inner_loop_1
SEAL,BGV,8192,1,constrained,encrypt,latency_ms,3.1187615,0.03278059451131342,3.112257118868757,3.1252658811312433,3.109755,3.0993749999999998,3.1243424999999996,
SEAL,BGV,8192,1,constrained,encrypt,energy_net_j_per_op,0.022171592146883332,0.002341647769202655,0.021297206499737147,0.023045977794029518,0.021832765282249995,0.02070817972554166,0.02306550153929167,HIGH_VARIANCE;idle_baseline_13.54W_pooled_median
SEAL,BGV,8192,1,constrained,encrypt,energy_pkg_j_per_op,0.06596030666666666,0.0023215512325256544,0.06509342518964326,0.06682718814369007,0.06550716666666667,0.06456653333333334,0.06689768333333333,
SEAL,BGV,8192,1,constrained,encrypt,idle_power_w,9.053,,,,,,,cell_reading_not_used_for_correction
SEAL,BGV,8192,1,constrained,encrypt,peak_memory_mb,17.153645833333332,0.03501127515559571,17.06667300438285,17.240618662283815,17.171875,17.142578125,17.173828125,n=3_invocations_inner_loop_1
SEAL,BGV,8192,1,constrained,keygen,latency_ms,66.151666,1.160408976774042,65.92141568375119,66.38191631624882,66.43375,65.36805,67.00675000000001,
SEAL,BGV,8192,1,constrained,keygen,energy_net_j_per_op,0.6086056554449999,0.11016584653305898,0.5674690522884046,0.6497422586015952,0.5756330117549999,0.5545511571049997,0.6503041802912499,HIGH_VARIANCE;idle_baseline_13.54W_pooled_median
SEAL,BGV,8192,1,constrained,keygen,energy_pkg_j_per_op,1.5122900666666665,0.11270524807348481,1.4702052353911832,1.55437489794215,1.4859844999999998,1.4515855,1.5503695000000002,HIGH_VARIANCE
SEAL,BGV,8192,1,constrained,keygen,idle_power_w,18.2091,,,,,,,cell_reading_not_used_for_correction
SEAL,BGV,8192,1,constrained,keygen,peak_memory_mb,15.911458333333334,0.10628541842261728,15.647430717220548,16.17548594944612,15.96484375,15.876953125,15.97265625,n=3_invocations_inner_loop_1
SEAL,BGV,8192,1,constrained,multiply,latency_ms,0.42479618,0.00716211307115717,0.42337506138350317,0.4262172986164969,0.42318,0.4214645,0.42557524999999996,
SEAL,BGV,8192,1,constrained,multiply,energy_net_j_per_op,0.005286121470484837,0.0005040676858728137,0.005097899503238475,0.0054743434377312,0.005191251692917478,0.004986824240611503,0.005372050339824558,HIGH_VARIANCE;idle_baseline_13.54W_pooled_median
SEAL,BGV,8192,1,constrained,multiply,energy_pkg_j_per_op,0.011402101769911504,0.0004981374340958813,0.011216094195071169,0.01158810934475184,0.011268508849557522,0.011091115044247786,0.011535758849557522,
SEAL,BGV,8192,1,constrained,multiply,idle_power_w,12.1542,,,,,,,cell_reading_not_used_for_correction
SEAL,BGV,8192,1,constrained,multiply,peak_memory_mb,19.14453125,0.03726325005534944,19.051964205275123,19.237098294724877,19.140625,19.125,19.162109375,n=3_invocations_inner_loop_1
SEAL,BGV,8192,1,constrained,relinearize,latency_ms,2.2263611,0.059916722457849014,2.214472322361564,2.2382498776384363,2.215875,2.2072325,2.2249225,
SEAL,BGV,8192,1,constrained,relinearize,energy_net_j_per_op,0.028282863813446028,0.004832192936613924,0.026478493316915243,0.030087234309976812,0.02765584083340476,0.023805220124880948,0.03197775200404166,HIGH_VARIANCE;idle_baseline_13.54W_pooled_median
SEAL,BGV,8192,1,constrained,relinearize,energy_pkg_j_per_op,0.0623232126984127,0.005112501151449489,0.060414173394278604,0.06423225200254679,0.062415738095238094,0.05725730952380953,0.06636158333333333,HIGH_VARIANCE
SEAL,BGV,8192,1,constrained,relinearize,idle_power_w,27.3699,,,,,,,cell_reading_not_used_for_correction
SEAL,BGV,8192,1,constrained,relinearize,peak_memory_mb,19.092447916666668,0.024808019379241732,19.03082138017286,19.154074453160476,19.078125,19.078125,19.099609375,n=3_invocations_inner_loop_1
SEAL,BGV,8192,3,constrained,add,latency_ms,0.037969978,0.0014916663145813026,0.03767399904124973,0.03826595695875027,0.037479200000000004,0.037066825000000005,0.038194125,
SEAL,BGV,8192,3,constrained,add,energy_net_j_per_op,0.00038893993757817096,6.393417115344767e-05,0.0003650665257209309,0.000412813349435411,0.0003703072496696084,0.0003582831045328981,0.00039407775615782754,HIGH_VARIANCE;idle_baseline_13.54W_pooled_median
SEAL,BGV,8192,3,constrained,add,energy_pkg_j_per_op,0.0009267290043290043,7.707962947264454e-05,0.0008979469976648784,0.0009555110109931303,0.0009004549274255157,0.0008882456073338427,0.0009338821619556914,HIGH_VARIANCE
SEAL,BGV,8192,3,constrained,add,idle_power_w,14.6132,,,,,,,cell_reading_not_used_for_correction
SEAL,BGV,8192,3,constrained,add,peak_memory_mb,13.377604166666666,0.029318568357285683,13.304772805355803,13.450435527977529,13.39453125,13.369140625,13.39453125,n=3_invocations_inner_loop_1
SEAL,BGV,8192,3,constrained,decrypt,latency_ms,0.34810072,0.0039768691840022415,0.3473116228750861,0.34888981712491385,0.3473895,0.34557650000000006,0.34997475,
SEAL,BGV,8192,3,constrained,decrypt,energy_net_j_per_op,0.003445908377046666,0.0009620630509365802,0.0030866681298787266,0.0038051486242146057,0.0030487160184499997,0.0028305405718000005,0.003952449043087499,HIGH_VARIANCE;idle_baseline_13.54W_pooled_median
SEAL,BGV,8192,3,constrained,decrypt,energy_pkg_j_per_op,0.008641031770833333,0.0010704571716639289,0.008241316493797304,0.009040747047869363,0.0083023203125,0.008006013671875,0.00923079296875,HIGH_VARIANCE
SEAL,BGV,8192,3,constrained,decrypt,idle_power_w,18.0654,,,,,,,cell_reading_not_used_for_correction
SEAL,BGV,8192,3,constrained,decrypt,peak_memory_mb,13.2734375,0.05122998847110938,13.146175153666382,13.400699846333618,13.28125,13.25,13.30078125,n=3_invocations_inner_loop_1
SEAL,BGV,8192,3,constrained,encrypt,latency_ms,2.4434075,0.02125320802285214,2.4391904024365467,2.4476245975634536,2.44021,2.4322825,2.4488074999999996,
SEAL,BGV,8192,3,constrained,encrypt,energy_net_j_per_op,0.029727656706399996,0.005442610083942165,0.027695352701074476,0.031759960711725516,0.028442048621499995,0.02633872952162499,0.030832632716625,HIGH_VARIANCE;idle_baseline_13.54W_pooled_median
SEAL,BGV,8192,3,constrained,encrypt,energy_pkg_j_per_op,0.065750715,0.005985050675283837,0.0635158603490408,0.0679855696509592,0.063916525,0.0622381375,0.06658705000000001,HIGH_VARIANCE
SEAL,BGV,8192,3,constrained,encrypt,idle_power_w,15.2396,,,,,,,cell_reading_not_used_for_correction
SEAL,BGV,8192,3,constrained,encrypt,peak_memory_mb,12.795572916666666,0.09892406204803426,12.549831923533615,13.041313909799717,12.83203125,12.7578125,12.8515625,n=3_invocations_inner_loop_1
SEAL,BGV,8192,3,constrained,keygen,latency_ms,44.718509,0.9310053987729848,44.53377733057361,44.90324066942638,44.989149999999995,43.94705,45.4513,
SEAL,BGV,8192,3,constrained,keygen,energy_net_j_per_op,0.3962448328066666,0.07923581313178976,0.3666576939322383,0.42583197168109493,0.4043766304025,0.32815210310125,0.4291919719724999,HIGH_VARIANCE;idle_baseline_13.54W_pooled_median
SEAL,BGV,8192,3,constrained,keygen,energy_pkg_j_per_op,1.0102306666666667,0.08190856656866445,0.9796455052568681,1.0408158280764654,1.0233615,0.94469125,1.0457984999999999,HIGH_VARIANCE
SEAL,BGV,8192,3,constrained,keygen,idle_power_w,18.7574,,,,,,,cell_reading_not_used_for_correction
SEAL,BGV,8192,3,constrained,keygen,peak_memory_mb,11.89453125,0.01953125,11.846012935317376,11.943049564682624,11.89453125,11.884765625,11.904296875,n=3_invocations_inner_loop_1
SEAL,BGV,8192,3,constrained,multiply,latency_ms,0.28585262,0.007152828597488585,0.2844333436245071,0.2872718963754929,0.28422749999999997,0.28307400000000005,0.28534550000000003,
SEAL,BGV,8192,3,constrained,multiply,energy_net_j_per_op,0.002831204583255894,0.0005842100035744813,0.002613056982765711,0.003049352183746077,0.002796215682613414,0.0024829365592009137,0.0030353333140451222,HIGH_VARIANCE;idle_baseline_13.54W_pooled_median
SEAL,BGV,8192,3,constrained,multiply,energy_pkg_j_per_op,0.006868618089430894,0.0006577481502210951,0.006623010893697049,0.007114225285164739,0.006833771341463415,0.006463972560975609,0.00707348018292683,HIGH_VARIANCE
SEAL,BGV,8192,3,constrained,multiply,idle_power_w,17.4557,,,,,,,cell_reading_not_used_for_correction
SEAL,BGV,8192,3,constrained,multiply,peak_memory_mb,14.044270833333334,0.019661027175184243,13.995430134275711,14.093111532390957,14.046875,14.03515625,14.0546875,n=3_invocations_inner_loop_1
SEAL,BGV,8192,3,constrained,relinearize,latency_ms,1.3798691,0.007638406028522287,1.3783534745275108,1.3813847254724894,1.37913,1.3753525,1.3838549999999998,
SEAL,BGV,8192,3,constrained,relinearize,energy_net_j_per_op,0.014627975396083332,0.0016752031228649742,0.014002444269689218,0.015253506522477447,0.014616826389999999,0.013680050635374997,0.01528690733325,HIGH_VARIANCE;idle_baseline_13.54W_pooled_median
SEAL,BGV,8192,3,constrained,relinearize,energy_pkg_j_per_op,0.034911605208333335,0.0016538536689633197,0.03429404609904253,0.03552916431762414,0.0347429375,0.033606703125,0.03591934375,
SEAL,BGV,8192,3,constrained,relinearize,idle_power_w,25.3643,,,,,,,cell_reading_not_used_for_correction
SEAL,BGV,8192,3,constrained,relinearize,peak_memory_mb,14.024739583333334,0.028258508351836856,13.954541557058723,14.094937609607944,14.0390625,14.015625,14.041015625,n=3_invocations_inner_loop_1
SEAL,BGV,8192,5,constrained,add,latency_ms,0.019897706,0.0016116972118831497,0.01957791030713569,0.020217501692864313,0.019404499999999998,0.018936375,0.0201659,HIGH_VARIANCE
SEAL,BGV,8192,5,constrained,add,energy_net_j_per_op,0.00022561004593430527,4.638218138069721e-05,0.00020829065477052564,0.0002429294370980849,0.00021198812493254093,0.0002009241574904288,0.00023110600439709387,HIGH_VARIANCE;idle_baseline_13.54W_pooled_median
SEAL,BGV,8192,5,constrained,add,energy_pkg_j_per_op,0.0005087890954699719,5.43790751990839e-05,0.0004884836150794038,0.00052909457586054,0.0004937945993802568,0.00047623483842408143,0.0005260732625055334,HIGH_VARIANCE
SEAL,BGV,8192,5,constrained,add,idle_power_w,13.2645,,,,,,,cell_reading_not_used_for_correction
SEAL,BGV,8192,5,constrained,add,peak_memory_mb,9.151041666666666,0.03629520798116238,9.06087937176484,9.241203961568493,9.16796875,9.138671875,9.171875,n=3_invocations_inner_loop_1
SEAL,BGV,8192,5,constrained,decrypt,latency_ms,0.20113929,0.0016905657608676991,0.20080384507595148,0.20147473492404852,0.200795,0.20013575,0.201941,
SEAL,BGV,8192,5,constrained,decrypt,energy_net_j_per_op,0.001367874657173091,0.00020789116101361897,0.0012902468218728394,0.0014455024924733425,0.0013092732512803417,0.0012164387014818373,0.0015094557109618587,HIGH_VARIANCE;idle_baseline_13.54W_pooled_median
SEAL,BGV,8192,5,constrained,decrypt,energy_pkg_j_per_op,0.004130551424501425,0.00022038921426789518,0.004048256739418497,0.004212846109584353,0.0040526303418803415,0.0039697371794871796,0.004259849358974359,HIGH_VARIANCE
SEAL,BGV,8192,5,constrained,decrypt,idle_power_w,14.5515,,,,,,,cell_reading_not_used_for_correction
SEAL,BGV,8192,5,constrained,decrypt,peak_memory_mb,9.147135416666666,0.04561010387535676,9.033833637593043,9.26043719574029,9.15625,9.126953125,9.171875,n=3_invocations_inner_loop_1
SEAL,BGV,8192,5,constrained,encrypt,latency_ms,1.8098335,0.010228181940505393,1.807804006800974,1.8118629931990262,1.80933,1.8025325,1.8149875,
SEAL,BGV,8192,5,constrained,encrypt,energy_net_j_per_op,0.028546024927188888,0.008316781177668285,0.025440487797373294,0.031651562057004486,0.027325766083416664,0.02243737971304166,0.03189209868020833,HIGH_VARIANCE;idle_baseline_13.54W_pooled_median
SEAL,BGV,8192,5,constrained,encrypt,energy_pkg_j_per_op,0.056747788888888887,0.00945180702891365,0.05321842614083919,0.060277151636938586,0.05456260416666667,0.0501255625,0.06059030208333333,HIGH_VARIANCE
SEAL,BGV,8192,5,constrained,encrypt,idle_power_w,15.1674,,,,,,,cell_reading_not_used_for_correction
SEAL,BGV,8192,5,constrained,encrypt,peak_memory_mb,8.864583333333334,0.029834477180702083,8.790470383458397,8.938696283208271,8.87109375,8.8515625,8.880859375,n=3_invocations_inner_loop_1
SEAL,BGV,8192,5,constrained,keygen,latency_ms,25.982684,0.7305787507548692,25.837721325828333,26.127646674171665,26.205550000000002,25.7711,26.47405,
SEAL,BGV,8192,5,constrained,keygen,energy_net_j_per_op,0.35126979400599995,0.04762188470919645,0.3334874900115993,0.3690520980004006,0.3517533744725,0.32272669334875,0.3743331132724999,HIGH_VARIANCE;idle_baseline_13.54W_pooled_median
SEAL,BGV,8192,5,constrained,keygen,energy_pkg_j_per_op,0.7085149,0.05158213587811458,0.6892538139160218,0.7277759860839781,0.706819,0.6688495,0.7372779999999999,HIGH_VARIANCE
SEAL,BGV,8192,5,constrained,keygen,idle_power_w,16.7212,,,,,,,cell_reading_not_used_for_correction
SEAL,BGV,8192,5,constrained,keygen,peak_memory_mb,7.970052083333333,0.09697680302794495,7.729148349766631,8.210955816900034,7.9140625,7.9140625,7.998046875,n=3_invocations_inner_loop_1
SEAL,BGV,8192,5,constrained,multiply,latency_ms,,,,,,,,skipped_depth0_undefined_at_this_config
SEAL,BGV,8192,5,constrained,relinearize,latency_ms,,,,,,,,skipped_depth0_undefined_at_this_config
SEAL,CKKS,2048,1,constrained,add,latency_ms,0.0051875486,0.00044735265175063315,0.005098784128505926,0.005276313071494075,0.005095785,0.005004945,0.0052020825,HIGH_VARIANCE
SEAL,CKKS,2048,1,constrained,add,energy_net_j_per_op,6.514409733982442e-05,7.740879101923403e-06,6.225360557926368e-05,6.803458910038515e-05,6.43712236814924e-05,5.964680364745189e-05,6.909244143083181e-05,HIGH_VARIANCE;idle_baseline_13.54W_pooled_median
SEAL,CKKS,2048,1,constrained,add,energy_pkg_j_per_op,0.00014535645639135775,9.005185792003194e-06,0.0001419938647539769,0.0001487190480287386,0.00014393637546065467,0.00013858882505961414,0.0001503056037285931,HIGH_VARIANCE
SEAL,CKKS,2048,1,constrained,add,idle_power_w,12.3794,,,,,,,cell_reading_not_used_for_correction
SEAL,CKKS,2048,1,constrained,add,peak_memory_mb,5.591145833333333,0.07259041596232477,5.4108212435296785,5.7714704231369875,5.625,5.56640625,5.6328125,n=3_invocations_inner_loop_1
SEAL,CKKS,2048,1,constrained,decrypt,latency_ms,0.012158023,0.0006886918229813784,0.01202137160104214,0.01229467439895786,0.0119729,0.011823625,0.012202999999999999,HIGH_VARIANCE
SEAL,CKKS,2048,1,constrained,decrypt,energy_net_j_per_op,0.0001289914493248531,2.279057450309731e-05,0.00012048130894515388,0.00013750158970455233,0.000122502318204386,0.00011304014128753868,0.00014260340459302113,HIGH_VARIANCE;idle_baseline_13.54W_pooled_median
SEAL,CKKS,2048,1,constrained,decrypt,energy_pkg_j_per_op,0.00030689656002751977,2.520749541678741e-05,0.0002974839265465897,0.00031630919350844985,0.0003001705366357069,0.00028987429050567596,0.00031983055985552116,HIGH_VARIANCE
SEAL,CKKS,2048,1,constrained,decrypt,idle_power_w,20.8262,,,,,,,cell_reading_not_used_for_correction
SEAL,CKKS,2048,1,constrained,decrypt,peak_memory_mb,5.509114583333333,0.056110576631289696,5.369728183895489,5.648500982771177,5.53125,5.48828125,5.541015625,n=3_invocations_inner_loop_1
SEAL,CKKS,2048,1,constrained,encrypt,latency_ms,0.41414471,0.004504937478226226,0.41325083266898666,0.4150385873310134,0.41350750000000003,0.41123575,0.41555475000000003,
SEAL,CKKS,2048,1,constrained,encrypt,energy_net_j_per_op,0.004175720440508174,0.00043618453004035573,0.0040128464602321575,0.004338594420784191,0.0041406665038928574,0.0038091648916571425,0.004350189688199999,HIGH_VARIANCE;idle_baseline_13.54W_pooled_median
SEAL,CKKS,2048,1,constrained,encrypt,energy_pkg_j_per_op,0.009973776507936509,0.0004354150249781819,0.009811189865572974,0.010136363150300044,0.009915228571428573,0.009623507142857144,0.010144064285714287,
SEAL,CKKS,2048,1,constrained,encrypt,idle_power_w,12.5886,,,,,,,cell_reading_not_used_for_correction
SEAL,CKKS,2048,1,constrained,encrypt,peak_memory_mb,5.46875,0.0703125,5.294084067142555,5.643415932857445,5.46875,5.43359375,5.50390625,n=3_invocations_inner_loop_1
SEAL,CKKS,2048,1,constrained,keygen,latency_ms,20.625428,0.5931701023477093,20.507730182774743,20.743125817225256,20.76945,20.540875,20.989275,
SEAL,CKKS,2048,1,constrained,keygen,energy_net_j_per_op,0.09484188890833332,0.02169521344924416,0.08674076306810868,0.10294301474855796,0.09374203170249995,0.0784792815975,0.10410734446375002,HIGH_VARIANCE;idle_baseline_13.54W_pooled_median
SEAL,CKKS,2048,1,constrained,keygen,energy_pkg_j_per_op,0.3748443,0.02605919844236619,0.36511363538262337,0.38457496461737667,0.37175349999999996,0.35659125,0.39166100000000004,HIGH_VARIANCE
SEAL,CKKS,2048,1,constrained,keygen,idle_power_w,14.6016,,,,,,,cell_reading_not_used_for_correction
SEAL,CKKS,2048,1,constrained,keygen,peak_memory_mb,5.033854166666667,0.06205079457002008,4.879711447831207,5.187996885502127,5.0,4.998046875,5.052734375,n=3_invocations_inner_loop_1
SEAL,CKKS,2048,1,constrained,multiply,latency_ms,,,,,,,,skipped_depth0_undefined_at_this_config
SEAL,CKKS,2048,1,constrained,relinearize,latency_ms,,,,,,,,skipped_depth0_undefined_at_this_config
SEAL,CKKS,2048,3,constrained,add,latency_ms,0.0052898416,0.0005176477255792922,0.005187129060795542,0.005392554139204459,0.00518821,0.0049915375000000005,0.0053625650000000006,HIGH_VARIANCE
SEAL,CKKS,2048,3,constrained,add,energy_net_j_per_op,7.296548893530841e-05,9.309072595128481e-05,3.820484058983216e-05,0.00010772613728078466,5.3118081585394496e-05,4.909333655874542e-05,5.731984292798738e-05,HIGH_VARIANCE;idle_baseline_13.54W_pooled_median
SEAL,CKKS,2048,3,constrained,add,energy_pkg_j_per_op,0.00015280186544342508,0.00012282028168318138,0.00010694001854456671,0.00019866371234228346,0.0001270315366972477,0.00012390871559633026,0.00013120742545871561,HIGH_VARIANCE
SEAL,CKKS,2048,3,constrained,add,idle_power_w,8.97002,,,,,,,cell_reading_not_used_for_correction
SEAL,CKKS,2048,3,constrained,add,peak_memory_mb,5.565104166666667,0.022888536238602795,5.50824589062959,5.621962442703744,5.57421875,5.556640625,5.578125,n=3_invocations_inner_loop_1
SEAL,CKKS,2048,3,constrained,decrypt,latency_ms,0.012307589,0.0003998733910473123,0.012228245443899558,0.012386932556100443,0.0122109,0.01203785,0.012469075,
SEAL,CKKS,2048,3,constrained,decrypt,energy_net_j_per_op,0.00014770023055496223,1.670202209668393e-05,0.00014146359300779108,0.0001539368681021334,0.00014601199911971934,0.00013998536529438978,0.0001505694412356372,HIGH_VARIANCE;idle_baseline_13.54W_pooled_median
SEAL,CKKS,2048,3,constrained,decrypt,energy_pkg_j_per_op,0.00032566048746996226,1.899458378016209e-05,0.00031856779332128384,0.0003327531816186407,0.00032322888774459317,0.0003195164778578785,0.00032915486611740475,HIGH_VARIANCE
SEAL,CKKS,2048,3,constrained,decrypt,idle_power_w,13.5534,,,,,,,cell_reading_not_used_for_correction
SEAL,CKKS,2048,3,constrained,decrypt,peak_memory_mb,5.513020833333333,0.019661027175184243,5.4641801342757095,5.561861532390957,5.515625,5.50390625,5.5234375,n=3_invocations_inner_loop_1
SEAL,CKKS,2048,3,constrained,encrypt,latency_ms,0.40874949,0.012627031435721019,0.40624401301770274,0.41125496698229724,0.4070685,0.40352774999999996,0.40985625,
SEAL,CKKS,2048,3,constrained,encrypt,energy_net_j_per_op,0.004406073000409444,0.0004942175531957943,0.004221529133152562,0.004590616867666326,0.004282632358335714,0.0040582729115529745,0.004720434284819048,HIGH_VARIANCE;idle_baseline_13.54W_pooled_median
SEAL,CKKS,2048,3,constrained,encrypt,energy_pkg_j_per_op,0.010513837777777778,0.0005500125289738417,0.010308459724165104,0.010719215831390452,0.010389390476190478,0.010129019047619047,0.010879611904761907,HIGH_VARIANCE
SEAL,CKKS,2048,3,constrained,encrypt,idle_power_w,13.8245,,,,,,,cell_reading_not_used_for_correction
SEAL,CKKS,2048,3,constrained,encrypt,peak_memory_mb,5.486979166666667,0.021513947450336336,5.433535558476672,5.540422774856662,5.48828125,5.4765625,5.498046875,n=3_invocations_inner_loop_1
SEAL,CKKS,2048,3,constrained,keygen,latency_ms,20.709335,0.5247931296850661,20.60520465760028,20.81346534239972,20.8293,20.61025,20.993075,
SEAL,CKKS,2048,3,constrained,keygen,energy_net_j_per_op,0.2894342060868333,0.048007463218634236,0.2715079247108065,0.3073604874628601,0.28504083006000003,0.25672020885375,0.31362550215875,HIGH_VARIANCE;idle_baseline_13.54W_pooled_median
SEAL,CKKS,2048,3,constrained,keygen,energy_pkg_j_per_op,0.5712727333333334,0.05066644975478372,0.5523535700671512,0.5901918965995155,0.5686125,0.53933525,0.5984265,HIGH_VARIANCE
SEAL,CKKS,2048,3,constrained,keygen,idle_power_w,22.7513,,,,,,,cell_reading_not_used_for_correction
SEAL,CKKS,2048,3,constrained,keygen,peak_memory_mb,5.05078125,0.03767051078512873,4.957202513537764,5.144359986462236,5.03515625,5.029296875,5.064453125,n=3_invocations_inner_loop_1
SEAL,CKKS,2048,3,constrained,multiply,latency_ms,,,,,,,,skipped_depth0_undefined_at_this_config
SEAL,CKKS,2048,3,constrained,relinearize,latency_ms,,,,,,,,skipped_depth0_undefined_at_this_config
SEAL,CKKS,2048,5,constrained,add,latency_ms,0.0063776213,0.0011143307103193914,0.006156513911491092,0.006598728688508907,0.005975455,0.0055914575,0.006799940000000001,HIGH_VARIANCE
SEAL,CKKS,2048,5,constrained,add,energy_net_j_per_op,7.179609424700747e-05,7.923941416816247e-06,6.883724589465661e-05,7.475494259935833e-05,7.119456913199463e-05,6.627032232436635e-05,7.574357513858722e-05,HIGH_VARIANCE;idle_baseline_13.54W_pooled_median
SEAL,CKKS,2048,5,constrained,add,energy_pkg_j_per_op,0.00015295484262972415,8.53768934057816e-06,0.00014976681703621805,0.00015614286822323025,0.00015175950905334793,0.00014679636043261638,0.00015720850042532508,HIGH_VARIANCE
SEAL,CKKS,2048,5,constrained,add,idle_power_w,12.8889,,,,,,,cell_reading_not_used_for_correction
SEAL,CKKS,2048,5,constrained,add,peak_memory_mb,4.921875,0.044021201834315016,4.812520272406806,5.031229727593194,4.8984375,4.896484375,4.935546875,n=3_invocations_inner_loop_1
SEAL,CKKS,2048,5,constrained,decrypt,latency_ms,0.012920684,0.0010213009474175374,0.012718035734746285,0.013123332265253715,0.012641900000000001,0.012200025,0.0133281,HIGH_VARIANCE
SEAL,CKKS,2048,5,constrained,decrypt,energy_net_j_per_op,0.00017549518332280915,2.95768646869683e-05,0.00016445100054263124,0.00018653936610298706,0.0001764543061289997,0.00015661265144621065,0.0001921386490593892,HIGH_VARIANCE;idle_baseline_13.54W_pooled_median
SEAL,CKKS,2048,5,constrained,decrypt,energy_pkg_j_per_op,0.00036344268103280915,3.0186577440911847e-05,0.00035217082776864905,0.00037471453429696925,0.00035905853232382065,0.000346763977868375,0.0003762358765288294,HIGH_VARIANCE
SEAL,CKKS,2048,5,constrained,decrypt,idle_power_w,16.8057,,,,,,,cell_reading_not_used_for_correction
SEAL,CKKS,2048,5,constrained,decrypt,peak_memory_mb,4.885416666666667,0.01626301562082916,4.84501709625618,4.925816237077154,4.890625,4.87890625,4.89453125,n=3_invocations_inner_loop_1
SEAL,CKKS,2048,5,constrained,encrypt,latency_ms,0.26377763,0.011011278583962732,0.26159275343750604,0.2659625065624939,0.2605825,0.256284,0.2690425,
SEAL,CKKS,2048,5,constrained,encrypt,energy_net_j_per_op,0.0026800006048358243,0.00036344504231266374,0.0025442879956619683,0.0028157132140096803,0.0026319457888088708,0.0024102038528252684,0.0028385622696836025,HIGH_VARIANCE;idle_baseline_13.54W_pooled_median
SEAL,CKKS,2048,5,constrained,encrypt,energy_pkg_j_per_op,0.006336226523297491,0.00040920020997961364,0.0061834286537284,0.006489024392866582,0.006300978494623656,0.0060438293010752694,0.006507270161290323,HIGH_VARIANCE
SEAL,CKKS,2048,5,constrained,encrypt,idle_power_w,13.601,,,,,,,cell_reading_not_used_for_correction
SEAL,CKKS,2048,5,constrained,encrypt,peak_memory_mb,4.87890625,0.017026948998205758,4.836608963877508,4.921203536122492,4.88671875,4.873046875,4.888671875,n=3_invocations_inner_loop_1
SEAL,CKKS,2048,5,constrained,keygen,latency_ms,9.0541556,0.45888266582051823,8.963103323568976,9.145207876431023,9.12521,8.9978825,9.2217275,HIGH_VARIANCE
SEAL,CKKS,2048,5,constrained,keygen,energy_net_j_per_op,0.07614079420256666,0.035397137536005284,0.0629232858229518,0.08935830258218151,0.07187377452599998,0.04559869705599998,0.10383275597037497,HIGH_VARIANCE;idle_baseline_13.54W_pooled_median
SEAL,CKKS,2048,5,constrained,keygen,energy_pkg_j_per_op,0.19864543333333334,0.03717409810485246,0.18476439697253377,0.2125264696941329,0.19567600000000002,0.1688605,0.226036,HIGH_VARIANCE
SEAL,CKKS,2048,5,constrained,keygen,idle_power_w,19.5306,,,,,,,cell_reading_not_used_for_correction
SEAL,CKKS,2048,5,constrained,keygen,peak_memory_mb,4.57421875,0.04436647145156464,4.464006325129874,4.684431174870126,4.5546875,4.548828125,4.58984375,n=3_invocations_inner_loop_1
SEAL,CKKS,2048,5,constrained,multiply,latency_ms,,,,,,,,skipped_depth0_undefined_at_this_config
SEAL,CKKS,2048,5,constrained,relinearize,latency_ms,,,,,,,,skipped_depth0_undefined_at_this_config
SEAL,CKKS,4096,1,constrained,add,latency_ms,0.019644207,0.0014081961102417517,0.019364790340690028,0.019923623659309973,0.0192202,0.01887225,0.019654724999999998,HIGH_VARIANCE
SEAL,CKKS,4096,1,constrained,add,energy_net_j_per_op,0.00020173128112254313,3.654309719634918e-05,0.00018808586437327863,0.00021537669787180763,0.0001882010619003565,0.0001722731575404173,0.00023148216302537608,HIGH_VARIANCE;idle_baseline_13.54W_pooled_median
SEAL,CKKS,4096,1,constrained,add,energy_pkg_j_per_op,0.0004816394201703765,4.705565840443055e-05,0.00046406854855296926,0.0004992102917877838,0.00046092868920032977,0.00044431389117889533,0.000517385305028854,HIGH_VARIANCE
SEAL,CKKS,4096,1,constrained,add,idle_power_w,17.2359,,,,,,,cell_reading_not_used_for_correction
SEAL,CKKS,4096,1,constrained,add,peak_memory_mb,8.8125,0.03471950944263902,8.726251957260068,8.898748042739932,8.82421875,8.798828125,8.83203125,n=3_invocations_inner_loop_1
SEAL,CKKS,4096,1,constrained,decrypt,latency_ms,0.048092808,0.0012800745488612858,0.04783881343808551,0.04834680256191449,0.0474942,0.047160675,0.048726975,
SEAL,CKKS,4096,1,constrained,decrypt,energy_net_j_per_op,0.00048528243927811797,0.0001291183392677965,0.0004370688590275084,0.0005334960195287275,0.00045626760972305183,0.00040880123110247324,0.0005149819716803367,HIGH_VARIANCE;idle_baseline_13.54W_pooled_median
SEAL,CKKS,4096,1,constrained,decrypt,energy_pkg_j_per_op,0.001175740996948118,0.00013929397797452831,0.0011237277707589815,0.0012277542231372545,0.0011388942014242116,0.001110647507629705,0.0012160648524923703,HIGH_VARIANCE
SEAL,CKKS,4096,1,constrained,decrypt,idle_power_w,18.2048,,,,,,,cell_reading_not_used_for_correction
SEAL,CKKS,4096,1,constrained,decrypt,peak_memory_mb,8.520833333333334,0.10263357499447164,8.26587739919781,8.775789267468857,8.578125,8.490234375,8.580078125,n=3_invocations_inner_loop_1
SEAL,CKKS,4096,1,constrained,encrypt,latency_ms,1.0661283,0.009049856302782384,1.0643326121714598,1.06792398782854,1.064165,1.0605,1.068865,
SEAL,CKKS,4096,1,constrained,encrypt,energy_net_j_per_op,0.008348602337967885,0.0017807290792275874,0.007683667171880703,0.009013537504055067,0.007879419244567072,0.007467141378664634,0.0086340121464939,HIGH_VARIANCE;idle_baseline_13.54W_pooled_median
SEAL,CKKS,4096,1,constrained,encrypt,energy_pkg_j_per_op,0.023204761788617887,0.0019163123427568612,0.022489198999887185,0.02392032457734859,0.022644743902439025,0.02227498780487805,0.02345405487804878,HIGH_VARIANCE
SEAL,CKKS,4096,1,constrained,encrypt,idle_power_w,9.5257,,,,,,,cell_reading_not_used_for_correction
SEAL,CKKS,4096,1,constrained,encrypt,peak_memory_mb,8.54296875,0.0546875,8.407117468888654,8.678820031111346,8.54296875,8.515625,8.5703125,n=3_invocations_inner_loop_1
SEAL,CKKS,4096,1,constrained,keygen,latency_ms,40.016112,0.9482484733060595,39.827958930495015,40.204265069504984,40.258250000000004,39.309825000000004,40.726299999999995,
SEAL,CKKS,4096,1,constrained,keygen,energy_net_j_per_op,0.5011700688449999,0.05773349022977141,0.47961202929673946,0.5227281083932603,0.49093640534000005,0.46258688117374996,0.534225276825,HIGH_VARIANCE;idle_baseline_13.54W_pooled_median
SEAL,CKKS,4096,1,constrained,keygen,energy_pkg_j_per_op,1.049193,0.05908962871540265,1.027128570018911,1.071257429981089,1.0400844999999999,1.01231075,1.08970375,HIGH_VARIANCE
SEAL,CKKS,4096,1,constrained,keygen,idle_power_w,12.7679,,,,,,,cell_reading_not_used_for_correction
SEAL,CKKS,4096,1,constrained,keygen,peak_memory_mb,7.838541666666667,0.01578692142315383,7.799324779806971,7.877758553526363,7.84765625,7.833984375,7.84765625,n=3_invocations_inner_loop_1
SEAL,CKKS,4096,1,constrained,multiply,latency_ms,0.14329814,0.0013448923506167605,0.14303128417998473,0.14356499582001525,0.143235,0.14250075,0.14415450000000002,
SEAL,CKKS,4096,1,constrained,multiply,energy_net_j_per_op,0.00136536581759238,0.00025455058317759604,0.0012703150677185124,0.0014604165674662476,0.0013275973615782747,0.0011868850782261978,0.0014660833716362218,HIGH_VARIANCE;idle_baseline_13.54W_pooled_median
SEAL,CKKS,4096,1,constrained,multiply,energy_pkg_j_per_op,0.003365648455804047,0.0002589005367317501,0.0032689734065784455,0.0034623235050296485,0.003332897763578275,0.0031819888178913737,0.0034725479233226842,HIGH_VARIANCE
SEAL,CKKS,4096,1,constrained,multiply,idle_power_w,17.654,,,,,,,cell_reading_not_used_for_correction
SEAL,CKKS,4096,1,constrained,multiply,peak_memory_mb,8.805989583333334,0.036920434580098506,8.7142741394587,8.897705027207968,8.79296875,8.78515625,8.8203125,n=3_invocations_inner_loop_1
SEAL,CKKS,4096,1,constrained,relinearize,latency_ms,0.54970501,0.004075295845975145,0.5488963828899687,0.5505136371100314,0.5492585,0.54679375,0.5518627500000001,
SEAL,CKKS,4096,1,constrained,relinearize,energy_net_j_per_op,0.004915662722621687,0.0008707117665909512,0.00459053360562914,0.005240791839614234,0.004767644872979013,0.004430472481710491,0.005017108852058641,HIGH_VARIANCE;idle_baseline_13.54W_pooled_median
SEAL,CKKS,4096,1,constrained,relinearize,energy_pkg_j_per_op,0.012697920576131687,0.0009205758857759998,0.012354171891031406,0.013041669261231969,0.012562512345679015,0.012162086419753087,0.012828632716049383,HIGH_VARIANCE
SEAL,CKKS,4096,1,constrained,relinearize,idle_power_w,10.7958,,,,,,,cell_reading_not_used_for_correction
SEAL,CKKS,4096,1,constrained,relinearize,peak_memory_mb,8.946614583333334,0.03544442080420885,8.85856576094245,9.034663405724217,8.9609375,8.93359375,8.966796875,n=3_invocations_inner_loop_1
SEAL,CKKS,4096,3,constrained,add,latency_ms,0.0100201439,0.0006549224524745991,0.009890193076782535,0.010150094723217465,0.00984226,0.00963397,0.0100659,HIGH_VARIANCE
SEAL,CKKS,4096,3,constrained,add,energy_net_j_per_op,0.00012741483906166093,2.8103272640967062e-05,0.00011692090459453781,0.00013790877352878403,0.00012408484679783774,0.000109047531170368,0.00014048753327949122,HIGH_VARIANCE;idle_baseline_13.54W_pooled_median
SEAL,CKKS,4096,3,constrained,add,energy_pkg_j_per_op,0.0002722628370864609,3.367222508079655e-05,0.00025968942160299146,0.00028483625256993036,0.000267170871559633,0.0002520195996663887,0.00028849734153461214,HIGH_VARIANCE
SEAL,CKKS,4096,3,constrained,add,idle_power_w,20.5084,,,,,,,cell_reading_not_used_for_correction
SEAL,CKKS,4096,3,constrained,add,peak_memory_mb,6.766927083333333,0.018460217290049253,6.721069361396016,6.81278480527065,6.7734375,6.759765625,6.77734375,n=3_invocations_inner_loop_1
SEAL,CKKS,4096,3,constrained,decrypt,latency_ms,0.024209242,0.0009930545446868628,0.02401219843385824,0.024406285566141758,0.0238714,0.023589275,0.024361525,
SEAL,CKKS,4096,3,constrained,decrypt,energy_net_j_per_op,0.0002866270148887821,2.6428961490477844e-05,0.0002767582784800942,0.00029649575129747006,0.0002792978183274265,0.0002665808029097011,0.0003093941315672644,HIGH_VARIANCE;idle_baseline_13.54W_pooled_median
SEAL,CKKS,4096,3,constrained,decrypt,energy_pkg_j_per_op,0.0006393284701114489,2.9291576714547196e-05,0.0006283908156109163,0.0006502661246119815,0.0006331838905775076,0.000614534574468085,0.0006637653242147924,
SEAL,CKKS,4096,3,constrained,decrypt,idle_power_w,14.3586,,,,,,,cell_reading_not_used_for_correction
SEAL,CKKS,4096,3,constrained,decrypt,peak_memory_mb,6.602864583333333,0.09768228819537006,6.36020832745715,6.845520839209516,6.60546875,6.5546875,6.65234375,n=3_invocations_inner_loop_1
SEAL,CKKS,4096,3,constrained,encrypt,latency_ms,0.81785446,0.012248891780355832,0.815424014129127,0.8202849058708729,0.8153385,0.8107179999999999,0.8202685,
SEAL,CKKS,4096,3,constrained,encrypt,energy_net_j_per_op,0.007655712422785237,0.001433944687181147,0.007120268676820122,0.00819115616875035,0.007285214579653571,0.006675929538417855,0.00834245442708571,HIGH_VARIANCE;idle_baseline_13.54W_pooled_median
SEAL,CKKS,4096,3,constrained,encrypt,energy_pkg_j_per_op,0.019174211904761904,0.0015518757639365476,0.018594731971021832,0.019753691838501976,0.018731651785714287,0.01810436607142857,0.019895754464285712,HIGH_VARIANCE
SEAL,CKKS,4096,3,constrained,encrypt,idle_power_w,10.9506,,,,,,,cell_reading_not_used_for_correction
SEAL,CKKS,4096,3,constrained,encrypt,peak_memory_mb,6.6171875,0.05078125,6.491039881825179,6.743335118174821,6.58984375,6.587890625,6.6328125,n=3_invocations_inner_loop_1
SEAL,CKKS,4096,3,constrained,keygen,latency_ms,23.280414,0.7713664048356598,23.127358170364083,23.433469829635918,23.481949999999998,22.948349999999998,23.818475,
SEAL,CKKS,4096,3,constrained,keygen,energy_net_j_per_op,0.31490886771649995,0.05390298360186336,0.29478116284999295,0.33503657258300695,0.31508832322749997,0.27659867652875,0.33938259901875,HIGH_VARIANCE;idle_baseline_13.54W_pooled_median
SEAL,CKKS,4096,3,constrained,keygen,energy_pkg_j_per_op,0.6346036,0.05741435193254803,0.6131647286503974,0.6560424713496027,0.6360520000000001,0.59172825,0.65985475,HIGH_VARIANCE
SEAL,CKKS,4096,3,constrained,keygen,idle_power_w,15.7754,,,,,,,cell_reading_not_used_for_correction
SEAL,CKKS,4096,3,constrained,keygen,peak_memory_mb,5.783854166666667,0.04660294314628458,5.668086038118425,5.899622295214909,5.8046875,5.767578125,5.810546875,n=3_invocations_inner_loop_1
SEAL,CKKS,4096,3,constrained,multiply,latency_ms,,,,,,,,skipped_depth0_undefined_at_this_config
SEAL,CKKS,4096,3,constrained,relinearize,latency_ms,,,,,,,,skipped_depth0_undefined_at_this_config
SEAL,CKKS,4096,5,constrained,add,latency_ms,0.0100482865,0.0008319490812135503,0.009883209753019933,0.010213363246980066,0.009897360000000001,0.009745867500000002,0.010069925,HIGH_VARIANCE
SEAL,CKKS,4096,5,constrained,add,energy_net_j_per_op,0.00012266525895867158,5.935072261737935e-05,0.00010050333491231438,0.0001448271830050288,0.00010810699387790577,9.664984435349041e-05,0.00013514896871385035,HIGH_VARIANCE;idle_baseline_13.54W_pooled_median
SEAL,CKKS,4096,5,constrained,add,energy_pkg_j_per_op,0.0002723686372891216,8.687569132688664e-05,0.00023992872101255967,0.00030480855356568347,0.0002524260471204189,0.00023606800828970332,0.00028436900087260036,HIGH_VARIANCE
SEAL,CKKS,4096,5,constrained,add,idle_power_w,14.6192,,,,,,,cell_reading_not_used_for_correction
SEAL,CKKS,4096,5,constrained,add,peak_memory_mb,6.747395833333333,0.0022552744890219755,6.741793420924805,6.752998245741861,6.74609375,6.74609375,6.748046875,n=3_invocations_inner_loop_1
SEAL,CKKS,4096,5,constrained,decrypt,latency_ms,0.024786102,0.0015326695791937212,0.024481987103978302,0.0250902168960217,0.02434235,0.024165674999999998,0.024651,HIGH_VARIANCE
SEAL,CKKS,4096,5,constrained,decrypt,energy_net_j_per_op,0.0003081851066144298,6.166209568111275e-05,0.00028516010168173715,0.0003312101115471224,0.0002852191069805137,0.0002748324548360182,0.0003214039114843045,HIGH_VARIANCE;idle_baseline_13.54W_pooled_median
SEAL,CKKS,4096,5,constrained,decrypt,energy_pkg_j_per_op,0.0006564968421052631,6.584333719416595e-05,0.0006319105359323287,0.0006810831482781975,0.0006354020050125314,0.0006208075187969925,0.000668983082706767,HIGH_VARIANCE
SEAL,CKKS,4096,5,constrained,decrypt,idle_power_w,12.4449,,,,,,,cell_reading_not_used_for_correction
SEAL,CKKS,4096,5,constrained,decrypt,peak_memory_mb,6.626302083333333,0.05303492670420912,6.494556021867493,6.758048144799173,6.6328125,6.6015625,6.654296875,n=3_invocations_inner_loop_1
SEAL,CKKS,4096,5,constrained,encrypt,latency_ms,0.82287717,0.00839259155272125,0.821211897757335,0.824542442242665,0.822019,0.81788525,0.82509525,
SEAL,CKKS,4096,5,constrained,encrypt,energy_net_j_per_op,0.008873116670453332,0.0007932847723920779,0.008576899268245378,0.009169334072661286,0.008654504806552585,0.008250838132525428,0.00921121054384655,HIGH_VARIANCE;idle_baseline_13.54W_pooled_median
SEAL,CKKS,4096,5,constrained,encrypt,energy_pkg_j_per_op,0.020601833333333333,0.0008498908663787697,0.020284478868252843,0.020919187798413823,0.020437560344827587,0.01995443103448276,0.021038224137931032,
SEAL,CKKS,4096,5,constrained,encrypt,idle_power_w,12.286,,,,,,,cell_reading_not_used_for_correction
SEAL,CKKS,4096,5,constrained,encrypt,peak_memory_mb,6.670572916666667,0.057982927287011245,6.526535340355325,6.814610492978009,6.65625,6.638671875,6.6953125,n=3_invocations_inner_loop_1
SEAL,CKKS,4096,5,constrained,keygen,latency_ms,20.959613,0.6622149960099093,20.828215177932243,21.09101082206776,21.185000000000002,20.865075,21.3435,
SEAL,CKKS,4096,5,constrained,keygen,energy_net_j_per_op,0.2342064172828333,0.0628245517073682,0.21074734413622548,0.25766549042944115,0.22913059980749997,0.19920385912,0.250812887615,HIGH_VARIANCE;idle_baseline_13.54W_pooled_median
SEAL,CKKS,4096,5,constrained,keygen,energy_pkg_j_per_op,0.5193335,0.06453247368720384,0.4952366783050175,0.5434303216949825,0.5118525,0.48339275,0.53776475,HIGH_VARIANCE
SEAL,CKKS,4096,5,constrained,keygen,idle_power_w,12.3396,,,,,,,cell_reading_not_used_for_correction
SEAL,CKKS,4096,5,constrained,keygen,peak_memory_mb,5.783854166666667,0.0887615987872618,5.5633581317639775,6.004350201569356,5.76953125,5.736328125,5.82421875,n=3_invocations_inner_loop_1
SEAL,CKKS,4096,5,constrained,multiply,latency_ms,,,,,,,,skipped_depth0_undefined_at_this_config
SEAL,CKKS,4096,5,constrained,relinearize,latency_ms,,,,,,,,skipped_depth0_undefined_at_this_config
SEAL,CKKS,8192,1,constrained,add,latency_ms,0.056666390999999997,0.003331527864439129,0.05600534359366974,0.057327438406330256,0.055548,0.0548819,0.058203700000000004,HIGH_VARIANCE
SEAL,CKKS,8192,1,constrained,add,energy_net_j_per_op,0.0007241216136278586,0.00010844135654350062,0.0006836289456161423,0.0007646142816395749,0.0007015310772561696,0.0006424094018015571,0.0007766818162809649,HIGH_VARIANCE;idle_baseline_13.54W_pooled_median
SEAL,CKKS,8192,1,constrained,add,energy_pkg_j_per_op,0.001552730955165692,0.00012168059955893259,0.0015072946725659816,0.0015981672377654024,0.0015280666666666665,0.0014634029239766083,0.0016160546783625732,HIGH_VARIANCE
SEAL,CKKS,8192,1,constrained,add,idle_power_w,10.8259,,,,,,,cell_reading_not_used_for_correction
SEAL,CKKS,8192,1,constrained,add,peak_memory_mb,17.145833333333332,0.03367843009473324,17.06217147506246,17.229495191604205,17.15234375,17.130859375,17.1640625,n=3_invocations_inner_loop_1
SEAL,CKKS,8192,1,constrained,decrypt,latency_ms,0.14310542,0.003688485575682816,0.14237354443950484,0.14383729556049518,0.14283200000000001,0.141435,0.14403225,
SEAL,CKKS,8192,1,constrained,decrypt,energy_net_j_per_op,0.0014798442632912015,0.00016910211583441752,0.001416700495499851,0.001542988031082552,0.0014375492773058606,0.0013762770280737386,0.0016014872662499253,HIGH_VARIANCE;idle_baseline_13.54W_pooled_median
SEAL,CKKS,8192,1,constrained,decrypt,energy_pkg_j_per_op,0.0035244785361028684,0.00019855394658690795,0.003450337273969777,0.00359861979823596,0.0034737314540059347,0.003395687685459941,0.0036469221068249256,HIGH_VARIANCE
SEAL,CKKS,8192,1,constrained,decrypt,idle_power_w,17.3274,,,,,,,cell_reading_not_used_for_correction
SEAL,CKKS,8192,1,constrained,decrypt,peak_memory_mb,16.454427083333332,0.04320484380999234,16.34710030149465,16.561753865172015,16.44921875,16.431640625,16.474609375,n=3_invocations_inner_loop_1
SEAL,CKKS,8192,1,constrained,encrypt,latency_ms,2.7172346,0.022261428590022878,2.7128174496025146,2.721651750397485,2.714175,2.7058999999999997,2.721065,
SEAL,CKKS,8192,1,constrained,encrypt,energy_net_j_per_op,0.02967048237320294,0.00488878456306747,0.02784498021606528,0.031495984530340596,0.028406508172485294,0.026510750217411762,0.03163579387988235,HIGH_VARIANCE;idle_baseline_13.54W_pooled_median
SEAL,CKKS,8192,1,constrained,encrypt,energy_pkg_j_per_op,0.07030153921568627,0.005338597848742102,0.06830807401728238,0.07229500441409016,0.0686349705882353,0.06694670588235294,0.07324607352941176,HIGH_VARIANCE
SEAL,CKKS,8192,1,constrained,encrypt,idle_power_w,13.4568,,,,,,,cell_reading_not_used_for_correction
SEAL,CKKS,8192,1,constrained,encrypt,peak_memory_mb,16.481770833333332,0.029318568357285683,16.408939472022467,16.554602194644197,16.48046875,16.466796875,16.49609375,n=3_invocations_inner_loop_1
SEAL,CKKS,8192,1,constrained,keygen,latency_ms,64.647389,1.5465083440320022,64.34052819280019,64.95424980719982,64.34559999999999,63.660025000000005,65.10655,
SEAL,CKKS,8192,1,constrained,keygen,energy_net_j_per_op,0.8784739553253332,0.11199799458731204,0.8366532168418305,0.920294693808836,0.8545909256199999,0.8122098372075,0.9120110016762499,HIGH_VARIANCE;idle_baseline_13.54W_pooled_median
SEAL,CKKS,8192,1,constrained,keygen,energy_pkg_j_per_op,1.7536355,0.11616350553415113,1.7102593341662145,1.7970116658337854,1.723055,1.67506575,1.7931205000000001,HIGH_VARIANCE
SEAL,CKKS,8192,1,constrained,keygen,idle_power_w,16.2857,,,,,,,cell_reading_not_used_for_correction
SEAL,CKKS,8192,1,constrained,keygen,peak_memory_mb,14.993489583333334,0.06469926171252523,14.832767707390845,15.154211459275823,15.0,14.962890625,15.02734375,n=3_invocations_inner_loop_1
SEAL,CKKS,8192,1,constrained,multiply,latency_ms,0.42924746,0.004772962276969484,0.4283004007340755,0.43019451926592456,0.42845449999999996,0.42675450000000004,0.43023975,
SEAL,CKKS,8192,1,constrained,multiply,energy_net_j_per_op,0.004287971216464459,0.0010845461308664286,0.0038829950356016815,0.0046929473973272365,0.004085741673568693,0.003765438916133333,0.004482779411758896,HIGH_VARIANCE;idle_baseline_13.54W_pooled_median
SEAL,CKKS,8192,1,constrained,multiply,energy_pkg_j_per_op,0.010388392792792793,0.0011969927157035563,0.009941428367094341,0.010835357218491245,0.010100662162162162,0.009793849099099099,0.010562896396396395,HIGH_VARIANCE
SEAL,CKKS,8192,1,constrained,multiply,idle_power_w,17.2042,,,,,,,cell_reading_not_used_for_correction
SEAL,CKKS,8192,1,constrained,multiply,peak_memory_mb,17.79296875,0.034053897996411515,17.708374177755015,17.877563322244985,17.77734375,17.7734375,17.8046875,n=3_invocations_inner_loop_1
SEAL,CKKS,8192,1,constrained,relinearize,latency_ms,1.8751486,0.020839873883369536,1.8710135168971695,1.8792836831028303,1.8705850000000002,1.8658424999999998,1.880645,
SEAL,CKKS,8192,1,constrained,relinearize,energy_net_j_per_op,0.019830570688428983,0.0016453318324770793,0.01921619368517859,0.020444947691679375,0.01985074627851087,0.018826313666815215,0.021073726600717387,HIGH_VARIANCE;idle_baseline_13.54W_pooled_median
SEAL,CKKS,8192,1,constrained,relinearize,energy_pkg_j_per_op,0.047788382608695654,0.0017520465581225533,0.047134157672006786,0.04844260754538452,0.04799271739130435,0.04641630434782609,0.049211010869565225,
SEAL,CKKS,8192,1,constrained,relinearize,idle_power_w,24.3338,,,,,,,cell_reading_not_used_for_correction
SEAL,CKKS,8192,1,constrained,relinearize,peak_memory_mb,18.028645833333332,0.03133127451957282,17.95081463274206,18.106477033924605,18.03125,18.013671875,18.044921875,n=3_invocations_inner_loop_1
SEAL,CKKS,8192,3,constrained,add,latency_ms,0.038317459,0.0017722142590040212,0.037965813242544104,0.03866910475745589,0.037654,0.037299075,0.038402124999999995,
SEAL,CKKS,8192,3,constrained,add,energy_net_j_per_op,0.0003835321154862398,5.4330142822607856e-05,0.00036324490674533396,0.0004038193242271456,0.00037193624558365846,0.0003540233387325913,0.0003920511600356098,HIGH_VARIANCE;idle_baseline_13.54W_pooled_median
SEAL,CKKS,8192,3,constrained,add,energy_pkg_j_per_op,0.0009140754573170732,6.276584351656985e-05,0.0008906383061691874,0.000937512608464959,0.0008968841463414634,0.0008836032774390244,0.000924094893292683,HIGH_VARIANCE
SEAL,CKKS,8192,3,constrained,add,idle_power_w,10.1978,,,,,,,cell_reading_not_used_for_correction
SEAL,CKKS,8192,3,constrained,add,peak_memory_mb,12.946614583333334,0.01761425684696443,12.902858343635334,12.990370823031334,12.9453125,12.9375,12.955078125,n=3_invocations_inner_loop_1
SEAL,CKKS,8192,3,constrained,decrypt,latency_ms,0.096132602,0.001756709117362992,0.09578403279903219,0.0964811712009678,0.0966015,0.0944476,0.0974269,
SEAL,CKKS,8192,3,constrained,decrypt,energy_net_j_per_op,0.0010427718182240554,0.00022701086503083525,0.0009580045681107768,0.001127539068337334,0.0009545574549873728,0.0009090489377011663,0.001073537973696856,HIGH_VARIANCE;idle_baseline_13.54W_pooled_median
SEAL,CKKS,8192,3,constrained,decrypt,energy_pkg_j_per_op,0.0024514427315753887,0.0002579623250005677,0.0023551180163677893,0.002547767446782988,0.00236845537525355,0.002307764705882353,0.0025201470588235293,HIGH_VARIANCE
SEAL,CKKS,8192,3,constrained,decrypt,idle_power_w,21.3077,,,,,,,cell_reading_not_used_for_correction
SEAL,CKKS,8192,3,constrained,decrypt,peak_memory_mb,12.438802083333334,0.07216878364870322,12.25952488626044,12.618079280406228,12.48046875,12.41796875,12.48046875,n=3_invocations_inner_loop_1
SEAL,CKKS,8192,3,constrained,encrypt,latency_ms,2.1919522,0.0132299222823099,2.1893270963939266,2.194577303606073,2.1907699999999997,2.1831775,2.1998050000000005,
SEAL,CKKS,8192,3,constrained,encrypt,energy_net_j_per_op,0.023853184158999997,0.0023701429535795157,0.022968158235139438,0.024738210082860555,0.023915930124318176,0.02227584866419318,0.024836624289159084,HIGH_VARIANCE;idle_baseline_13.54W_pooled_median
SEAL,CKKS,8192,3,constrained,encrypt,energy_pkg_j_per_op,0.05579186666666666,0.002383210929574581,0.05490196108037454,0.056681772252958784,0.055920227272727274,0.05425621590909091,0.05675577272727273,
SEAL,CKKS,8192,3,constrained,encrypt,idle_power_w,25.0715,,,,,,,cell_reading_not_used_for_correction
SEAL,CKKS,8192,3,constrained,encrypt,peak_memory_mb,12.372395833333334,0.025415652729092623,12.309259851920245,12.435531814746422,12.37109375,12.359375,12.384765625,n=3_invocations_inner_loop_1
SEAL,CKKS,8192,3,constrained,keygen,latency_ms,43.156481,0.8842502489491687,42.981026566659054,43.331935433340945,43.42675,42.399575,43.76495,
SEAL,CKKS,8192,3,constrained,keygen,energy_net_j_per_op,0.2529197141046666,0.11687593260342959,0.20927752363121993,0.2965619045781133,0.22767877066499997,0.18924836689500002,0.2522360040887499,HIGH_VARIANCE;idle_baseline_13.54W_pooled_median
SEAL,CKKS,8192,3,constrained,keygen,energy_pkg_j_per_op,0.8377455666666667,0.1179043940626833,0.7937193423729154,0.8817717909604179,0.8109775,0.77143325,0.84287075,HIGH_VARIANCE
SEAL,CKKS,8192,3,constrained,keygen,idle_power_w,14.518,,,,,,,cell_reading_not_used_for_correction
SEAL,CKKS,8192,3,constrained,keygen,peak_memory_mb,11.028645833333334,0.06229621725992545,10.873893450738562,11.183398215928106,11.01171875,10.994140625,11.0546875,n=3_invocations_inner_loop_1
SEAL,CKKS,8192,3,constrained,multiply,latency_ms,0.28576904,0.0032191022304519958,0.28513030027854475,0.2864077797214552,0.284978,0.28401475000000004,0.28598375,
SEAL,CKKS,8192,3,constrained,multiply,energy_net_j_per_op,0.003893830312420256,0.000571931032567171,0.0036802677550572776,0.004107392869783235,0.003787533710156805,0.0034243028367046597,0.004141339130906139,HIGH_VARIANCE;idle_baseline_13.54W_pooled_median
SEAL,CKKS,8192,3,constrained,multiply,energy_pkg_j_per_op,0.008018776923076924,0.0005892358713295893,0.007798752632724449,0.0082388012134294,0.007911139053254437,0.0075750784023668645,0.00823453402366864,HIGH_VARIANCE
SEAL,CKKS,8192,3,constrained,multiply,idle_power_w,24.3341,,,,,,,cell_reading_not_used_for_correction
SEAL,CKKS,8192,3,constrained,multiply,peak_memory_mb,12.9375,0.055380651870147755,12.79992683418805,13.07507316581195,12.91796875,12.90625,12.958984375,n=3_invocations_inner_loop_1
SEAL,CKKS,8192,3,constrained,relinearize,latency_ms,1.1577965,0.007110394777288324,1.1563856434150432,1.1592073565849565,1.156835,1.1533950000000002,1.1614925,
SEAL,CKKS,8192,3,constrained,relinearize,energy_net_j_per_op,0.007999684692966665,0.0007632297981785502,0.007714690002570148,0.008284679383363181,0.007943309173749996,0.007416478574749999,0.008354979740999998,HIGH_VARIANCE;idle_baseline_13.54W_pooled_median
SEAL,CKKS,8192,3,constrained,relinearize,energy_pkg_j_per_op,0.023900323333333334,0.0007933215910925901,0.02360409218279666,0.02419655448387001,0.023819649999999998,0.023366375,0.024242775,
SEAL,CKKS,8192,3,constrained,relinearize,idle_power_w,9.0677,,,,,,,cell_reading_not_used_for_correction
SEAL,CKKS,8192,3,constrained,relinearize,peak_memory_mb,13.30078125,0.04296875,13.194040957698228,13.407521542301772,13.30078125,13.279296875,13.322265625,n=3_invocations_inner_loop_1
SEAL,CKKS,8192,5,constrained,add,latency_ms,0.019496315,0.0011010936070974663,0.019277834139951378,0.019714795860048623,0.019174,0.018941575,0.019684174999999998,HIGH_VARIANCE
SEAL,CKKS,8192,5,constrained,add,energy_net_j_per_op,0.00027786652543643583,5.961753514556416e-05,0.0002556049719546905,0.00030012807891818116,0.0002655534649240341,0.0002407174666183497,0.0003146545592313027,HIGH_VARIANCE;idle_baseline_13.54W_pooled_median
SEAL,CKKS,8192,5,constrained,add,energy_pkg_j_per_op,0.0005786558093737691,6.662272706064375e-05,0.0005537784742417649,0.0006035331445057734,0.000564092359196534,0.0005368754430878298,0.0006115864513588027,HIGH_VARIANCE
SEAL,CKKS,8192,5,constrained,add,idle_power_w,19.4475,,,,,,,cell_reading_not_used_for_correction
SEAL,CKKS,8192,5,constrained,add,peak_memory_mb,8.888020833333334,0.04725324820735431,8.770637257458747,9.005404409207921,8.87109375,8.861328125,8.90625,n=3_invocations_inner_loop_1
SEAL,CKKS,8192,5,constrained,decrypt,latency_ms,0.04889291,0.0013046530425033051,0.048634038531712616,0.04915178146828738,0.0482948,0.048015925,0.049228325,
SEAL,CKKS,8192,5,constrained,decrypt,energy_net_j_per_op,0.0004131077913011229,9.845208315489595e-05,0.000376345179274466,0.0004498704033277798,0.0003880536191437704,0.00036482620550590164,0.000426180401672254,HIGH_VARIANCE;idle_baseline_13.54W_pooled_median
SEAL,CKKS,8192,5,constrained,decrypt,energy_pkg_j_per_op,0.0010783122267759562,0.00011273983059324694,0.0010362144821753692,0.0011204099713765432,0.0010462745901639345,0.00102531506147541,0.0010851941598360654,HIGH_VARIANCE
SEAL,CKKS,8192,5,constrained,decrypt,idle_power_w,9.05438,,,,,,,cell_reading_not_used_for_correction
SEAL,CKKS,8192,5,constrained,decrypt,peak_memory_mb,8.645833333333334,0.06724349652955915,8.478791227734304,8.812875438932364,8.6171875,8.607421875,8.669921875,n=3_invocations_inner_loop_1
SEAL,CKKS,8192,5,constrained,encrypt,latency_ms,1.6563679,0.023023680181083306,1.651799502349679,1.660936297650321,1.6495,1.6431600000000002,1.6587125,
SEAL,CKKS,8192,5,constrained,encrypt,energy_net_j_per_op,0.01704392193441494,0.0012667344950020847,0.016570915500337992,0.01751692836849189,0.016913868076879307,0.016112333338995685,0.017999811154556032,HIGH_VARIANCE;idle_baseline_13.54W_pooled_median
SEAL,CKKS,8192,5,constrained,encrypt,energy_pkg_j_per_op,0.04100962643678161,0.0014377050796124807,0.04047277853720602,0.041546474336357206,0.04077436206896552,0.03983745689655172,0.0419124224137931,
SEAL,CKKS,8192,5,constrained,encrypt,idle_power_w,12.067,,,,,,,cell_reading_not_used_for_correction
SEAL,CKKS,8192,5,constrained,encrypt,peak_memory_mb,8.673177083333334,0.025113673856752488,8.610791259025177,8.73556290764149,8.68359375,8.6640625,8.6875,n=3_invocations_inner_loop_1
SEAL,CKKS,8192,5,constrained,keygen,latency_ms,24.382104,0.7469154654370808,24.23389976720777,24.530308232792233,24.610750000000003,23.998625,24.866625,
SEAL,CKKS,8192,5,constrained,keygen,energy_net_j_per_op,0.32576329618749994,0.05952559733685823,0.3035360728477255,0.3479905195272744,0.3097518766049999,0.29025040794749996,0.3436357876774999,HIGH_VARIANCE;idle_baseline_13.54W_pooled_median
SEAL,CKKS,8192,5,constrained,keygen,energy_pkg_j_per_op,0.6611138666666667,0.06210984232888972,0.6379216703879813,0.6843060629453521,0.650548,0.62076025,0.68365325,HIGH_VARIANCE
SEAL,CKKS,8192,5,constrained,keygen,idle_power_w,17.5593,,,,,,,cell_reading_not_used_for_correction
SEAL,CKKS,8192,5,constrained,keygen,peak_memory_mb,7.5546875,0.0744240581377252,7.369807890518578,7.739567109481422,7.51171875,7.51171875,7.576171875,n=3_invocations_inner_loop_1
SEAL,CKKS,8192,5,constrained,multiply,latency_ms,,,,,,,,skipped_depth0_undefined_at_this_config
SEAL,CKKS,8192,5,constrained,relinearize,latency_ms,,,,,,,,skipped_depth0_undefined_at_this_config
